Name: 广州综合, URL: http://php.jdshipin.com:8880/gztv.php?id=zhonghe, From: subscribe, IPv_Type: ipv6, Location: 美国, ISP: CloudFlare Inc., Date: None, Delay: -1 ms, Speed: 0.00 M/s, Resolution: None
Name: 广州综合, URL: http://r.jdshipin.com/snhya, From: subscribe, IPv_Type: ipv6, Location: 美国, ISP: CloudFlare Inc., Date: None, Delay: -1 ms, Speed: 0.00 M/s, Resolution: None
Name: 广州综合, URL: http://n1.gzbody.com:85/rtp/239.253.43.71:5146, From: subscribe, IPv_Type: ipv6, Location: 中国, ISP: 中国电信, Date: None, Delay: -1 ms, Speed: 0.00 M/s, Resolution: None
Name: 广州综合, URL: https://stream1.freetv.fun/yan-zhou-zong-he-10.m3u8, From: subscribe, IPv_Type: ipv6, Location: 美国, ISP: CloudFlare Inc., Date: None, Delay: -1 ms, Speed: 0.00 M/s, Resolution: None
Name: 广州综合, URL: https://t.freetv.fun/live/yan-zhou-zong-he-15.m3u8, From: subscribe, IPv_Type: ipv6, Location: 美国, ISP: CloudFlare Inc., Date: None, Delay: -1 ms, Speed: 0.00 M/s, Resolution: None
Name: 广州影视, URL: http://php.jdshipin.com:8880/gztv.php?id=yingshi, From: subscribe, IPv_Type: ipv6, Location: 美国, ISP: CloudFlare Inc., Date: None, Delay: -1 ms, Speed: 0.00 M/s, Resolution: None
Name: 广州影视, URL: http://r.jdshipin.com/sFw4S, From: subscribe, IPv_Type: ipv6, Location: 美国, ISP: CloudFlare Inc., Date: None, Delay: -1 ms, Speed: 0.00 M/s, Resolution: None
Name: 广州影视, URL: http://n1.gzbody.com:85/rtp/239.253.43.73:5146, From: subscribe, IPv_Type: ipv6, Location: 中国, ISP: 中国电信, Date: None, Delay: -1 ms, Speed: 0.00 M/s, Resolution: None
Name: 广州影视, URL: https://stream1.freetv.fun/yan-zhou-ying-shi-25.m3u8, From: subscribe, IPv_Type: ipv6, Location: 美国, ISP: CloudFlare Inc., Date: None, Delay: -1 ms, Speed: 0.00 M/s, Resolution: None
Name: 广州新闻, URL: http://php.jdshipin.com:8880/gztv.php?id=xinwen, From: subscribe, IPv_Type: ipv6, Location: 美国, ISP: CloudFlare Inc., Date: None, Delay: -1 ms, Speed: 0.00 M/s, Resolution: None
Name: 广州新闻, URL: http://n1.gzbody.com:85/rtp/239.253.43.72:5146, From: subscribe, IPv_Type: ipv6, Location: 中国, ISP: 中国电信, Date: None, Delay: -1 ms, Speed: 0.00 M/s, Resolution: None
Name: 广州新闻, URL: https://stream1.freetv.fun/yan-zhou-xin-wen-11.m3u8, From: subscribe, IPv_Type: ipv6, Location: 美国, ISP: CloudFlare Inc., Date: None, Delay: -1 ms, Speed: 0.00 M/s, Resolution: None
Name: 广州新闻, URL: https://t.freetv.fun/live/yan-zhou-xin-wen-14.m3u8, From: subscribe, IPv_Type: ipv6, Location: 美国, ISP: CloudFlare Inc., Date: None, Delay: -1 ms, Speed: 0.00 M/s, Resolution: None
Name: 广州竞赛, URL: http://php.jdshipin.com:8880/gztv.php?id=jingsai, From: subscribe, IPv_Type: ipv6, Location: 美国, ISP: CloudFlare Inc., Date: None, Delay: -1 ms, Speed: 0.00 M/s, Resolution: None
Name: 广州竞赛, URL: https://live.lalifeier.eu.org/gztv/jingsai.m3u8?t=1746307365&key=a9871a8d340d71198cae366f791f73b6, From: subscribe, IPv_Type: ipv6, Location: 美国, ISP: CloudFlare Inc., Date: None, Delay: -1 ms, Speed: 0.00 M/s, Resolution: None
Name: 广州竞赛, URL: https://stream1.freetv.fun/yan-zhou-jing-sai-13.m3u8, From: subscribe, IPv_Type: ipv6, Location: 美国, ISP: CloudFlare Inc., Date: None, Delay: -1 ms, Speed: 0.00 M/s, Resolution: None
Name: 广州竞赛, URL: https://t.freetv.fun/live/yan-zhou-jing-sai-1.m3u8, From: subscribe, IPv_Type: ipv6, Location: 美国, ISP: CloudFlare Inc., Date: None, Delay: -1 ms, Speed: 0.00 M/s, Resolution: None
Name: 广州法治, URL: http://php.jdshipin.com:8880/gztv.php?id=fazhi, From: subscribe, IPv_Type: ipv6, Location: 美国, ISP: CloudFlare Inc., Date: None, Delay: -1 ms, Speed: 0.00 M/s, Resolution: None
Name: 广州法治, URL: http://n1.gzbody.com:85/rtp/239.253.43.74:5146, From: subscribe, IPv_Type: ipv6, Location: 中国, ISP: 中国电信, Date: None, Delay: -1 ms, Speed: 0.00 M/s, Resolution: None
Name: 广州法治, URL: https://stream1.freetv.fun/yan-zhou-fa-zhi-11.m3u8, From: subscribe, IPv_Type: ipv6, Location: 美国, ISP: CloudFlare Inc., Date: None, Delay: -1 ms, Speed: 0.00 M/s, Resolution: None
Name: 广州法治, URL: https://t.freetv.fun/live/yan-zhou-fa-zhi-2.m3u8, From: subscribe, IPv_Type: ipv6, Location: 美国, ISP: CloudFlare Inc., Date: None, Delay: -1 ms, Speed: 0.00 M/s, Resolution: None
Name: 南国都市, URL: http://r.jdshipin.com/nWaZO, From: subscribe, IPv_Type: ipv6, Location: 美国, ISP: CloudFlare Inc., Date: None, Delay: -1 ms, Speed: 0.00 M/s, Resolution: None
Name: 广东珠江, URL: http://n1.gzbody.com:85/rtp/239.77.0.114:5146, From: subscribe, IPv_Type: ipv6, Location: 中国, ISP: 中国电信, Date: None, Delay: -1 ms, Speed: 0.00 M/s, Resolution: None
Name: 广东珠江, URL: http://php.jdshipin.com/TVOD/iptv.php, From: subscribe, IPv_Type: ipv6, Location: 美国, ISP: CloudFlare Inc., Date: None, Delay: -1 ms, Speed: 0.00 M/s, Resolution: None
Name: 广东珠江, URL: https://stream1.freetv.fun/yan-dong-zhu-jiang-20.m3u8, From: subscribe, IPv_Type: ipv6, Location: 美国, ISP: CloudFlare Inc., Date: None, Delay: -1 ms, Speed: 0.00 M/s, Resolution: None
Name: 广东珠江, URL: http://cdn2.163189.xyz/live/gdzj/stream.m3u8, From: subscribe, IPv_Type: ipv6, Location: 新加坡, ISP: Aceville Pte.Ltd., Date: None, Delay: -1 ms, Speed: 0.00 M/s, Resolution: None
Name: 广东珠江, URL: http://lu.wqwqwq.sbs/itv/2000000003000000033.m3u8?cdn=hnbblive, From: subscribe, IPv_Type: ipv6, Location: 美国, ISP: CloudFlare Inc., Date: None, Delay: -1 ms, Speed: 0.00 M/s, Resolution: None
Name: 广东珠江, URL: http://[2409:8087:5e00:24::10]:6060/200000001898/460000089800010091/0.m3u8, From: subscribe, IPv_Type: ipv6, Location: 中国, ISP: 中国移动, Date: None, Delay: -1 ms, Speed: 0.00 M/s, Resolution: None
Name: 广东珠江, URL: http://[2409:8087:5e08:24::d]:6610/000000001000/1/2000000003000000033/index.m3u8?stbId=3&livemode=1&HlsProfileId=&channel-id=hnbblive&Contentid=2000000003000000033&yang-1989, From: subscribe, IPv_Type: ipv6, Location: 中国, ISP: 中国移动, Date: None, Delay: -1 ms, Speed: 0.00 M/s, Resolution: None
Name: 广东珠江, URL: http://r.jdshipin.com/sE5vO, From: subscribe, IPv_Type: ipv6, Location: 美国, ISP: CloudFlare Inc., Date: None, Delay: -1 ms, Speed: 0.00 M/s, Resolution: None
Name: 广东珠江, URL: https://live.catvod.com/live.php?id=zhujiang&token=fc62589ddeab201bfbf4222e889eb2081343afe19bd533dcbc59b1bb81cc2736%3A1760231823%3AMTcyLjIxMi4xNjUuNjc%3D, From: subscribe, IPv_Type: ipv6, Location: 美国, ISP: CloudFlare Inc., Date: None, Delay: -1 ms, Speed: 0.00 M/s, Resolution: None
Name: 广东珠江, URL: https://mgev.188766.xyz/?migutoken=a7bbd12ceedfd52abe635db55f488d13&id=gd_gdzj&type=sz, From: subscribe, IPv_Type: ipv6, Location: 美国, ISP: CloudFlare Inc., Date: None, Delay: -1 ms, Speed: 0.00 M/s, Resolution: None
Name: 广东珠江, URL: https://hk.188766.xyz/?migutoken=c15776027bfa87fcad42c6b729306b81&id=gd_gdzj&type=sz, From: subscribe, IPv_Type: ipv6, Location: 美国, ISP: CloudFlare Inc., Date: None, Delay: -1 ms, Speed: 0.00 M/s, Resolution: None
Name: 广东珠江, URL: http://cdn2.132.us.kg/live/gdzj/stream.m3u8, From: subscribe, IPv_Type: ipv6, Location: 美国, ISP: CloudFlare Inc., Date: None, Delay: -1 ms, Speed: 0.00 M/s, Resolution: None
Name: 广东珠江, URL: https://t.freetv.fun/live/yan-dong-zhu-jiang-gao-qing-1.m3u8, From: subscribe, IPv_Type: ipv6, Location: 美国, ISP: CloudFlare Inc., Date: None, Delay: -1 ms, Speed: 0.00 M/s, Resolution: None
Name: 广东珠江, URL: https://www.gdtv.cn/tvChannelDetail/44, From: subscribe, IPv_Type: ipv6, Location: 中国, ISP: 中国电信, Date: None, Delay: -1 ms, Speed: 0.00 M/s, Resolution: None
Name: 广东珠江, URL: http://gxyd.484947.xyz/PLTV/77777777/224/3221225717/index.m3u8?servicetype=2, From: subscribe, IPv_Type: ipv6, Location: 美国, ISP: CloudFlare Inc., Date: None, Delay: -1 ms, Speed: 0.00 M/s, Resolution: None
Name: 广东珠江, URL: https://iptv.catvod.com/catvod, From: subscribe, IPv_Type: ipv4, Location: 美国-加利福尼亚州-洛杉矶, ISP: IT7网络, Date: None, Delay: 28 ms, Speed: 18.62 M/s, Resolution: 1920x1080
Name: 广东新闻, URL: http://n1.gzbody.com:85/rtp/239.77.0.173:5146, From: subscribe, IPv_Type: ipv6, Location: 中国, ISP: 中国电信, Date: None, Delay: -1 ms, Speed: 0.00 M/s, Resolution: None
Name: 广东新闻, URL: https://hls-gateway.vpstv.net/streams/708873.m3u8, From: subscribe, IPv_Type: ipv6, Location: 美国, ISP: CloudFlare Inc., Date: None, Delay: -1 ms, Speed: 0.00 M/s, Resolution: None
Name: 广东新闻, URL: https://stream1.freetv.fun/yan-dong-xin-wen-20.m3u8, From: subscribe, IPv_Type: ipv6, Location: 美国, ISP: CloudFlare Inc., Date: None, Delay: -1 ms, Speed: 0.00 M/s, Resolution: None
Name: 广东新闻, URL: https://mgev.188766.xyz/?migutoken=89c3e453070d149eb57d41dc7761534f&id=gd_gdxw&type=sz, From: subscribe, IPv_Type: ipv6, Location: 美国, ISP: CloudFlare Inc., Date: None, Delay: -1 ms, Speed: 0.00 M/s, Resolution: None
Name: 广东新闻, URL: https://hk.188766.xyz/?migutoken=a2d7c057cfbaf0704896077e502563eb&id=gd_gdxw&type=sz, From: subscribe, IPv_Type: ipv6, Location: 美国, ISP: CloudFlare Inc., Date: None, Delay: -1 ms, Speed: 0.00 M/s, Resolution: None
Name: 广东新闻, URL: https://t.freetv.fun/live/yan-dong-xin-wen-gao-qing-6.m3u8, From: subscribe, IPv_Type: ipv6, Location: 美国, ISP: CloudFlare Inc., Date: None, Delay: -1 ms, Speed: 0.00 M/s, Resolution: None
Name: 广东卫视, URL: http://gslbmgsplive.miguvideo.com/ws_w/2018/gdws/gdws711/1000/index.m3u8?msisdn=2025090715003150c9d6e0bda84e7786a5ad10e1be15c2&mdspid=&spid=699054&netType=0&sid=2202428795&pid=2028597139&timestamp=20250907150031&Channel_ID=0116_2600037000-99000-200300220100002&ProgramID=608831231&ParentNodeID=-99&assertID=2202428795&client_ip=106.13.250.89&SecurityKey=20250907150031&promotionId=&mvid=2202428795&mcid=500020&playurlVersion=WX-A1-8.8.1-RELEASE&userid=&jmhm=&videocodec=h264&bean=mgspad&tid=android&conFee=0&puData=373b3436fe0a28f2dc2c51ebe52a6181&ddCalcu=1387v13a6baa3a2453e6bfee105ac228cfd2&sv=10004&ct=android, From: subscribe, IPv_Type: ipv6, Location: 中国, ISP: 中国移动, Date: None, Delay: -1 ms, Speed: 0.00 M/s, Resolution: None
Name: 广东卫视, URL: http://n1.gzbody.com:85/rtp/239.77.0.166:5146, From: subscribe, IPv_Type: ipv6, Location: 中国, ISP: 中国电信, Date: None, Delay: -1 ms, Speed: 0.00 M/s, Resolution: None
Name: 广东卫视, URL: http://bailudz.top:1236/111/hahahaha.php, From: subscribe, IPv_Type: ipv6, Location: 中国, ISP: 中国电信, Date: None, Delay: -1 ms, Speed: 0.00 M/s, Resolution: None
Name: 广东卫视, URL: http://[2409:8087:1a15:10d1::37]/ottrrs.hl.chinamobile.com/PLTV/88888888/224/3221226248/index.m3u8, From: subscribe, IPv_Type: ipv6, Location: 中国, ISP: 中国移动, Date: None, Delay: -1 ms, Speed: 0.00 M/s, Resolution: None
Name: 广东卫视, URL: http://php.jdshipin.com:8880/TVOD/gsyd.php?id=9900000520, From: subscribe, IPv_Type: ipv6, Location: 美国, ISP: CloudFlare Inc., Date: None, Delay: -1 ms, Speed: 0.00 M/s, Resolution: None
Name: 广东卫视, URL: http://goo.bkpcp.top/mg/gdws, From: subscribe, IPv_Type: ipv6, Location: 美国, ISP: CloudFlare Inc., Date: None, Delay: -1 ms, Speed: 0.00 M/s, Resolution: None
Name: 广东卫视, URL: http://iptv.huuc.edu.cn/hls/gdhd.m3u8, From: subscribe, IPv_Type: ipv6, Location: 中国, ISP: 教育网, Date: None, Delay: -1 ms, Speed: 0.00 M/s, Resolution: None
Name: 广东卫视, URL: http://dsj.motem.top:8880/bptv/10000100000000050000000003873459.m3u8, From: subscribe, IPv_Type: ipv6, Location: 美国, ISP: CloudFlare Inc., Date: None, Delay: -1 ms, Speed: 0.00 M/s, Resolution: None
Name: 广东卫视, URL: http://[2409:8087:1a0a:df::404b]/ottrrs.hl.chinamobile.com/TVOD/88888888/224/3221226248/index.m3u8, From: subscribe, IPv_Type: ipv6, Location: 中国, ISP: 中国移动, Date: None, Delay: -1 ms, Speed: 0.00 M/s, Resolution: None
Name: 广东卫视, URL: http://[2409:8087:1a01:df::4077]/ottrrs.hl.chinamobile.com/PLTV/88888888/8/3221226248/index.m3u8, From: subscribe, IPv_Type: ipv6, Location: 中国, ISP: 中国移动, Date: None, Delay: -1 ms, Speed: 0.00 M/s, Resolution: None
Name: 广东卫视, URL: http://iptv.cdn.ha.chinamobile.com/PLTV/88888888/224/3221227201/index.m3u8, From: subscribe, IPv_Type: ipv6, Location: 中国, ISP: 中国移动, Date: None, Delay: -1 ms, Speed: 0.00 M/s, Resolution: None
Name: 广东卫视, URL: http://[2409:8087:2001:20:2800:0:df6e:eb03]:80/ott.mobaibox.com/PLTV/4/224/3221227476/index.m3u8, From: subscribe, IPv_Type: ipv6, Location: 中国, ISP: 中国移动, Date: None, Delay: -1 ms, Speed: 0.00 M/s, Resolution: None
Name: 广东卫视, URL: https://mursor.ottiptv.cc/mcp/guangdong.m3u8?sign=5e7e19254bc03ea0dfa0093dede2d008&tm=1757443317, From: subscribe, IPv_Type: ipv6, Location: 美国-新泽西州-巴赛克, ISP: DigitalOcean, Date: None, Delay: -1 ms, Speed: 0.00 M/s, Resolution: None
Name: 广东卫视, URL: https://migu.188766.xyz/?migutoken=164cb2e6e78c49c291ee6eacacdfb125&id=%E5%B9%BF%E4%B8%9C%E5%8D%AB%E8%A7%86&type=yy, From: subscribe, IPv_Type: ipv6, Location: 美国, ISP: CloudFlare Inc., Date: None, Delay: -1 ms, Speed: 0.00 M/s, Resolution: None
Name: 广东卫视, URL: http://[2409:8087:8:21::18]:6610/otttv.bj.chinamobile.com/PLTV/88888888/224/3221226961/1.m3u8?GuardEncType=2&accountinfo=%7E%7EV2.0%7E2MGyx659D_aaDPP0qt3NgA%7EtP4-l0lmSfjwLWEfK_el1vH_mv-s1zo4AQJwdedaVwG9xkuFTDg8J26cwOrNJzn20BErrHdLhuZ9EzLUCD3PMW-OMx4MGteHV2vLeW6BqoY%2CEND, From: subscribe, IPv_Type: ipv6, Location: 中国, ISP: 中国移动, Date: None, Delay: -1 ms, Speed: 0.00 M/s, Resolution: None
Name: 广东卫视, URL: http://b.xiongnas.top:8888/rtp/239.3.1.142:8048, From: subscribe, IPv_Type: ipv6, Location: 中国, ISP: 中国联通, Date: None, Delay: -1 ms, Speed: 0.00 M/s, Resolution: None
Name: 广东卫视, URL: https://cc06.tv12.xyz/43.m3u8, From: subscribe, IPv_Type: ipv6, Location: 美国, ISP: CloudFlare Inc., Date: None, Delay: -1 ms, Speed: 0.00 M/s, Resolution: None
Name: 广东卫视, URL: https://jzb.wwkejishe.top/?id=598, From: subscribe, IPv_Type: ipv6, Location: 美国, ISP: CloudFlare Inc., Date: None, Delay: -1 ms, Speed: 0.00 M/s, Resolution: None
Name: 广东卫视, URL: http://jk55269942.myqnapcloud.com:4022/rtp/239.49.8.13:9422, From: subscribe, IPv_Type: ipv6, Location: 中国, ISP: 中国联通, Date: None, Delay: -1 ms, Speed: 0.00 M/s, Resolution: None
Name: 广东卫视, URL: http://zcb.myds.me:10001/rtp/239.49.8.13:9422, From: subscribe, IPv_Type: ipv6, Location: 中国, ISP: 中国电信, Date: None, Delay: -1 ms, Speed: 0.00 M/s, Resolution: None
Name: 广东卫视, URL: https://iptv.catvod.com/live.php?id=%E5%B9%BF%E4%B8%9C%E5%8D%AB%E8%A7%86, From: subscribe, IPv_Type: ipv6, Location: 美国, ISP: CloudFlare Inc., Date: None, Delay: -1 ms, Speed: 0.00 M/s, Resolution: None
Name: 广东卫视, URL: https://shyd.695847.xyz/cms001/ch00000090990000001032/index.m3u8?IASHttpSessionId=RR4967720251014100028031761&ispcode=12, From: subscribe, IPv_Type: ipv6, Location: 美国, ISP: CloudFlare Inc., Date: None, Delay: -1 ms, Speed: 0.00 M/s, Resolution: None
Name: 广东卫视, URL: https://live.chinacert.cftest5.cn/mg/?id=608831231, From: subscribe, IPv_Type: ipv6, Location: 中国, ISP: 中国电信, Date: None, Delay: -1 ms, Speed: 0.00 M/s, Resolution: None
Name: 广东卫视, URL: https://www.freetv.top/migu/608831231.m3u8?migutoken=78af5371d66a723fc72d7a69c8a18ade502c19d2cf715aa502730a2b197148f3ac859ba4dfc8177df928c7b17e4f7e50e73fa17782751d96ca1224dc27c62d3025503e7b80de41b09560f78ee1, From: subscribe, IPv_Type: ipv6, Location: 美国, ISP: Oracle Corporation, Date: None, Delay: -1 ms, Speed: 0.00 M/s, Resolution: None
Name: 广东卫视, URL: http://tvgslb.hn.chinamobile.com:8089/180000001002/00000001000000000010000000040391/main.m3u8?stbid=, From: subscribe, IPv_Type: ipv6, Location: 中国, ISP: 中国移动, Date: None, Delay: -1 ms, Speed: 0.00 M/s, Resolution: None
Name: 广东卫视, URL: http://hwltc.tv.cdn.zj.chinamobile.com/PLTV/88888888/224/3221236262/index.m3u8, From: subscribe, IPv_Type: ipv6, Location: 中国, ISP: 中国移动, Date: None, Delay: -1 ms, Speed: 0.00 M/s, Resolution: None
Name: 广东卫视, URL: http://hwottcdn.ln.chinamobile.com/PLTV/11/224/3221226878/index.m3u8, From: subscribe, IPv_Type: ipv6, Location: 中国, ISP: 中国移动, Date: None, Delay: -1 ms, Speed: 0.00 M/s, Resolution: None
Name: 广东卫视, URL: http://k.061899.xyz/k.php?id=gdws, From: subscribe, IPv_Type: ipv6, Location: 新加坡, ISP: Aceville Pte.Ltd., Date: None, Delay: -1 ms, Speed: 0.00 M/s, Resolution: None
Name: 广东卫视, URL: http://iptvrr.sh.chinamobile.com:6060/cms001/ch00000090990000001032/index.m3u8, From: subscribe, IPv_Type: ipv6, Location: 中国, ISP: 中国移动, Date: None, Delay: -1 ms, Speed: 0.00 M/s, Resolution: None
Name: 广东卫视, URL: http://ott.mobaibox.com/PLTV/1/224/3221227476/index.m3u8, From: subscribe, IPv_Type: ipv6, Location: 中国, ISP: 中国移动, Date: None, Delay: -1 ms, Speed: 0.00 M/s, Resolution: None
Name: 广东卫视, URL: https://t.freetv.fun/live/yan-dong-wei-shi-19.m3u8, From: subscribe, IPv_Type: ipv6, Location: 美国, ISP: CloudFlare Inc., Date: None, Delay: -1 ms, Speed: 0.00 M/s, Resolution: None
Name: 广东卫视, URL: http://mgsp-zy2.live.miguvideo.com:8088/migu/kailu/gdwshd265/54/20200407/index.m3u8?msisdn=e55e9ee71b42d2d7008a152c069625e3&mdspid=&spid=699054&netType=0&sid=2202428795&pid=2028597139&timestamp=20260215080207&Channel_ID=0116_2600034600-99000-201600010010028&ProgramID=608831231&ParentNodeID=-99&assertID=2202428795&client_ip=218.28.233.106&SecurityKey=20260215080207&promotionId=&mvid=2202428795&mcid=500020&playurlVersion=WX-A1-9.2.1-RELEASE&userid=&jmhm=&videocodec=h265&appCode=miguvideo_android&bean=mgspad&tid=android&conFee=0&encrypt=083073f5df8c9b4a660f970962677862&sv=10004&ct=android, From: subscribe, IPv_Type: ipv6, Location: 中国, ISP: 中国电信, Date: None, Delay: -1 ms, Speed: 0.00 M/s, Resolution: None
Name: 广东卫视, URL: http://mgsp-hs2.live.miguvideo.com:8088/migu/kailu/gdwshd265/54/20200407/index.m3u8?msisdn=2be6b2ec9fcf10d2c2457e2c710e172c&mdspid=&spid=699054&netType=0&sid=2202428795&pid=2028597139&timestamp=20260225060203&Channel_ID=0116_2600034600-99000-201600010010028&ProgramID=608831231&ParentNodeID=-99&assertID=2202428795&client_ip=218.28.233.106&SecurityKey=20260225060203&promotionId=&mvid=2202428795&mcid=500020&playurlVersion=WX-A1-9.2.1-RELEASE&userid=&jmhm=&videocodec=h265&appCode=miguvideo_android&bean=mgspad&tid=android&conFee=0&encrypt=849e725ba55b35342ff2cb9e3a9bef6c&sv=10004&ct=android, From: subscribe, IPv_Type: ipv6, Location: 中国, ISP: 中国联通, Date: None, Delay: -1 ms, Speed: 0.00 M/s, Resolution: None
Name: 广东卫视, URL: http://mgsp-yx2.live.miguvideo.com:8088/migu/kailu/gdwshd265/54/20200407/index.m3u8?msisdn=2be6b2ec9fcf10d2c2457e2c710e172c&mdspid=&spid=699054&netType=0&sid=2202428795&pid=2028597139&timestamp=20260228060219&Channel_ID=0116_2600034600-99000-201600010010028&ProgramID=608831231&ParentNodeID=-99&assertID=2202428795&client_ip=218.28.233.106&SecurityKey=20260228060219&promotionId=&mvid=2202428795&mcid=500020&playurlVersion=WX-A1-9.2.1-RELEASE&userid=&jmhm=&videocodec=h265&appCode=miguvideo_android&bean=mgspad&tid=android&conFee=0&encrypt=fb6131f22b10d40744acb637f5444417&sv=10004&ct=android, From: subscribe, IPv_Type: ipv6, Location: 中国, ISP: 中国电信, Date: None, Delay: -1 ms, Speed: 0.00 M/s, Resolution: None
Name: 广东卫视, URL: http://mgsp-ws2.live.miguvideo.com:8088/migu/kailu/gdwshd265/54/20200407/index.m3u8?msisdn=2be6b2ec9fcf10d2c2457e2c710e172c&mdspid=&spid=699054&netType=0&sid=2202428795&pid=2028597139&timestamp=20260303060204&Channel_ID=0116_2600034600-99000-201600010010028&ProgramID=608831231&ParentNodeID=-99&assertID=2202428795&client_ip=218.28.233.106&SecurityKey=20260303060204&promotionId=&mvid=2202428795&mcid=500020&playurlVersion=WX-A1-9.2.2-RELEASE&userid=&jmhm=&videocodec=h265&appCode=miguvideo_android&bean=mgspad&tid=android&conFee=0&encrypt=870a3b6befc079219bce5c86cf662dde&sv=10004&ct=android, From: subscribe, IPv_Type: ipv6, Location: 加拿大, ISP: , Date: None, Delay: -1 ms, Speed: 0.00 M/s, Resolution: None
Name: 广东卫视, URL: http://lu.wqwqwq.sbs/itv/1000000005000265034.m3u8?cdn=ystenlive, From: subscribe, IPv_Type: ipv6, Location: 美国, ISP: CloudFlare Inc., Date: None, Delay: -1 ms, Speed: 0.00 M/s, Resolution: None
Name: 广东卫视, URL: https://live.264788.xyz/channel/guangdongweishi?streamid=2650b27e8aa5dd88d003b77f0e759abc&livekey=01WgOR41rriMmMkzNsd0UoaxJRwetZdxIvtVk, From: subscribe, IPv_Type: ipv4, Location: 美国, ISP: CloudFlare节点, Date: None, Delay: 108 ms, Speed: 112.16 M/s, Resolution: 1920x1080
Name: 广东卫视, URL: http://207.56.13.146:81/cdnlive/gdws.m3u8, From: subscribe, IPv_Type: ipv4, Location: 美国-科罗拉多州, ISP: NTT(美国)通信公司, Date: None, Delay: 652 ms, Speed: 6.09 M/s, Resolution: 1920x1080
Name: 广东民生, URL: http://n1.gzbody.com:85/rtp/239.77.0.225:5146, From: subscribe, IPv_Type: ipv6, Location: 中国, ISP: 中国电信, Date: None, Delay: -1 ms, Speed: 0.00 M/s, Resolution: None
Name: 广东民生, URL: https://stream1.freetv.fun/yan-dong-min-sheng-14.m3u8, From: subscribe, IPv_Type: ipv6, Location: 美国, ISP: CloudFlare Inc., Date: None, Delay: -1 ms, Speed: 0.00 M/s, Resolution: None
Name: 广东民生, URL: https://mgev.188766.xyz/?migutoken=63f4e706b4b119dcc4b290c085c4f28d&id=gd_gdms&type=sz, From: subscribe, IPv_Type: ipv6, Location: 美国, ISP: CloudFlare Inc., Date: None, Delay: -1 ms, Speed: 0.00 M/s, Resolution: None
Name: 广东民生, URL: https://hk.188766.xyz/?migutoken=a0f8dd7ac9f1ef0331b02edf797e4a18&id=gd_gdms&type=sz, From: subscribe, IPv_Type: ipv6, Location: 美国, ISP: CloudFlare Inc., Date: None, Delay: -1 ms, Speed: 0.00 M/s, Resolution: None
Name: 广东民生, URL: https://t.freetv.fun/live/yan-dong-min-sheng-14.m3u8, From: subscribe, IPv_Type: ipv6, Location: 美国, ISP: CloudFlare Inc., Date: None, Delay: -1 ms, Speed: 0.00 M/s, Resolution: None
Name: 大湾区卫视, URL: http://gslbmgsplive.miguvideo.com/wd_r3/2018/nfmedia/nfws/1000/index.m3u8?msisdn=2025090715003100b199ce284c45aca30a2c82f489fe3a&mdspid=&spid=699054&netType=0&sid=2200322852&pid=2028597139&timestamp=20250907150031&Channel_ID=0116_2600037000-99000-200300220100002&ProgramID=608917627&ParentNodeID=-99&assertID=2200322852&client_ip=106.13.250.89&SecurityKey=20250907150031&promotionId=&mvid=2200322852&mcid=500020&playurlVersion=WX-A1-8.8.1-RELEASE&userid=&jmhm=&videocodec=h264&bean=mgspad&tid=android&conFee=0&puData=a852854800702a82de7cdf8b28604c28&ddCalcu=8a28vc5a42w08a658428b080f7d0c27ae8d2&sv=10004&ct=android, From: subscribe, IPv_Type: ipv6, Location: 中国, ISP: 中国移动, Date: None, Delay: -1 ms, Speed: 0.00 M/s, Resolution: None
Name: 大湾区卫视, URL: http://n1.gzbody.com:85/rtp/239.77.0.215:5146, From: subscribe, IPv_Type: ipv6, Location: 中国, ISP: 中国电信, Date: None, Delay: -1 ms, Speed: 0.00 M/s, Resolution: None
Name: 大湾区卫视, URL: http://bailudz.top:1236/111/hahahaha.php, From: subscribe, IPv_Type: ipv6, Location: 中国, ISP: 中国电信, Date: None, Delay: -1 ms, Speed: 0.00 M/s, Resolution: None
Name: 大湾区卫视, URL: https://migu.188766.xyz/?migutoken=8eacfa61ef6795772c8bb72f1de2871c&id=%E5%A4%A7%E6%B9%BE%E5%8C%BA%E5%8D%AB%E8%A7%86&type=yy, From: subscribe, IPv_Type: ipv6, Location: 美国, ISP: CloudFlare Inc., Date: None, Delay: -1 ms, Speed: 0.00 M/s, Resolution: None
Name: 大湾区卫视, URL: http://goo.bkpcp.top/mg/dwqws, From: subscribe, IPv_Type: ipv6, Location: 美国, ISP: CloudFlare Inc., Date: None, Delay: -1 ms, Speed: 0.00 M/s, Resolution: None
Name: 大湾区卫视, URL: https://stream1.freetv.fun/9e44565ab6186689007a295d8b94b2a970fafde637068b0e3837e5f84689a8f3.m3u8, From: subscribe, IPv_Type: ipv6, Location: 美国, ISP: CloudFlare Inc., Date: None, Delay: -1 ms, Speed: 0.00 M/s, Resolution: None
Name: 大湾区卫视, URL: https://www.freetv.top/migu/608917627.m3u8?migutoken=913ec7608066b2e139e10a729ed6e0b277096bf7d1577f04dec2f036a15f6db88631747d218643efc7515ff520286e2a56bc4f2231e6d692da49f8d555d3291bbba71e8f2993d5487b41afa6bf, From: subscribe, IPv_Type: ipv6, Location: 美国, ISP: Oracle Corporation, Date: None, Delay: -1 ms, Speed: 0.00 M/s, Resolution: None
Name: 大湾区卫视, URL: https://iptv.catvod.com/live.php?id=%E5%A4%A7%E6%B9%BE%E5%8C%BA%E5%8D%AB%E8%A7%86, From: subscribe, IPv_Type: ipv6, Location: 美国, ISP: CloudFlare Inc., Date: None, Delay: -1 ms, Speed: 0.00 M/s, Resolution: None
Name: 大湾区卫视, URL: https://live.chinacert.cftest5.cn/mg/?id=608917627, From: subscribe, IPv_Type: ipv6, Location: 中国, ISP: 中国电信, Date: None, Delay: -1 ms, Speed: 0.00 M/s, Resolution: None
Name: 大湾区卫视, URL: https://smart.pendy.dpdns.org/Smart.php?id=nanfang_twn, From: subscribe, IPv_Type: ipv6, Location: 美国, ISP: CloudFlare Inc., Date: None, Delay: -1 ms, Speed: 0.00 M/s, Resolution: None
Name: 大湾区卫视, URL: http://tvgslb.hn.chinamobile.com:8089/180000001002/00000000000000020000000000182538/main.m3u8?stbid=, From: subscribe, IPv_Type: ipv6, Location: 中国, ISP: 中国移动, Date: None, Delay: -1 ms, Speed: 0.00 M/s, Resolution: None
Name: 大湾区卫视, URL: http://k.061899.xyz/k.php?id=dwqws, From: subscribe, IPv_Type: ipv6, Location: 新加坡, ISP: Aceville Pte.Ltd., Date: None, Delay: -1 ms, Speed: 0.00 M/s, Resolution: None
Name: 大湾区卫视, URL: http://hwltc.tv.cdn.zj.chinamobile.com/PLTV/88888888/224/3221236327/index.m3u8, From: subscribe, IPv_Type: ipv6, Location: 中国, ISP: 中国移动, Date: None, Delay: -1 ms, Speed: 0.00 M/s, Resolution: None
Name: 大湾区卫视, URL: https://t.freetv.fun/live/da-wan-qu-wei-shi-4.m3u8, From: subscribe, IPv_Type: ipv6, Location: 美国, ISP: CloudFlare Inc., Date: None, Delay: -1 ms, Speed: 0.00 M/s, Resolution: None
Name: 广东体育, URL: http://n1.gzbody.com:85/rtp/239.77.0.112:5146, From: subscribe, IPv_Type: ipv6, Location: 中国, ISP: 中国电信, Date: None, Delay: -1 ms, Speed: 0.00 M/s, Resolution: None
Name: 广东体育, URL: http://php.jdshipin.com/PLTV/iptv.php?id=gdty, From: None, IPv_Type: ipv6, Location: 美国, ISP: CloudFlare Inc., Date: None, Delay: -1 ms, Speed: 0.00 M/s, Resolution: None
Name: 广东体育, URL: http://cdn2.163189.xyz/live/gdty/stream.m3u8, From: subscribe, IPv_Type: ipv6, Location: 新加坡, ISP: Aceville Pte.Ltd., Date: None, Delay: -1 ms, Speed: 0.00 M/s, Resolution: None
Name: 广东体育, URL: https://epg.pw/stream/7b470f9fc5c305db0c8622117b7b25ca00eb35ba3e93e865cf0ff9df5c736681.m3u8, From: subscribe, IPv_Type: ipv6, Location: 美国, ISP: CloudFlare Inc., Date: None, Delay: -1 ms, Speed: 0.00 M/s, Resolution: None
Name: 广东体育, URL: https://hls-gateway.vpstv.net/streams/476954.m3u8, From: subscribe, IPv_Type: ipv6, Location: 美国, ISP: CloudFlare Inc., Date: None, Delay: -1 ms, Speed: 0.00 M/s, Resolution: None
Name: 广东体育, URL: https://cdn2.163189.xyz/live/gdty/stream.m3u8, From: subscribe, IPv_Type: ipv6, Location: 新加坡, ISP: Aceville Pte.Ltd., Date: None, Delay: -1 ms, Speed: 0.00 M/s, Resolution: None
Name: 广东体育, URL: http://r.jdshipin.com/LiYdg, From: subscribe, IPv_Type: ipv6, Location: 美国, ISP: CloudFlare Inc., Date: None, Delay: -1 ms, Speed: 0.00 M/s, Resolution: None
Name: 广东体育, URL: https://stream1.freetv.fun/yan-dong-ti-yu-35.ctv, From: subscribe, IPv_Type: ipv6, Location: 美国, ISP: CloudFlare Inc., Date: None, Delay: -1 ms, Speed: 0.00 M/s, Resolution: None
Name: 广东体育, URL: https://mgev.188766.xyz/?migutoken=38f5dd71e8cfd78d819c05fc52e5e6d8&id=gd_gdty&type=sz, From: subscribe, IPv_Type: ipv6, Location: 美国, ISP: CloudFlare Inc., Date: None, Delay: -1 ms, Speed: 0.00 M/s, Resolution: None
Name: 广东体育, URL: https://migu.188766.xyz/?migutoken=2d63190e8a98cb56e7125ae5ae935893&id=hk_gdty&type=dy, From: subscribe, IPv_Type: ipv6, Location: 美国, ISP: CloudFlare Inc., Date: None, Delay: -1 ms, Speed: 0.00 M/s, Resolution: None
Name: 广东体育, URL: https://iptv.catvod.com/live.php?id=%E5%B9%BF%E4%B8%9C%E4%BD%93%E8%82%B2, From: subscribe, IPv_Type: ipv6, Location: 美国, ISP: CloudFlare Inc., Date: None, Delay: -1 ms, Speed: 0.00 M/s, Resolution: None
Name: 广东体育, URL: https://hk.188766.xyz/?migutoken=843e7d70eed4a9ab05e9e3069f2cf5db&id=gd_gdty&type=sz, From: subscribe, IPv_Type: ipv6, Location: 美国, ISP: CloudFlare Inc., Date: None, Delay: -1 ms, Speed: 0.00 M/s, Resolution: None
Name: 广东体育, URL: http://cdn2.132.us.kg/live/gdty/stream.m3u8, From: subscribe, IPv_Type: ipv6, Location: 美国, ISP: CloudFlare Inc., Date: None, Delay: -1 ms, Speed: 0.00 M/s, Resolution: None
Name: 广东体育, URL: https://t.freetv.fun/live/yan-dong-ti-yu-gao-qing-1.m3u8, From: subscribe, IPv_Type: ipv6, Location: 美国, ISP: CloudFlare Inc., Date: None, Delay: -1 ms, Speed: 0.00 M/s, Resolution: None
Name: 广东体育, URL: http://67.220.71.199:2347/livehttpplay?channel_id=12028, From: subscribe, IPv_Type: ipv4, Location: 加拿大, ISP: , Date: None, Delay: 60 ms, Speed: 0.38 M/s, Resolution: 1920x1080
Name: 江门综合, URL: http://n1.gzbody.com:85/rtp/239.77.0.201:5146, From: subscribe, IPv_Type: ipv6, Location: 中国, ISP: 中国电信, Date: None, Delay: -1 ms, Speed: 0.00 M/s, Resolution: None
Name: 江门综合, URL: https://stream1.freetv.fun/jiang-men-zong-he-8.ctv, From: subscribe, IPv_Type: ipv6, Location: 美国, ISP: CloudFlare Inc., Date: None, Delay: -1 ms, Speed: 0.00 M/s, Resolution: None
Name: 江门侨乡生活, URL: http://n1.gzbody.com:85/rtp/239.77.0.202:5146, From: subscribe, IPv_Type: ipv6, Location: 中国, ISP: 中国电信, Date: None, Delay: -1 ms, Speed: 0.00 M/s, Resolution: None
Name: 佛山综合, URL: http://php.jdshipin.com:8880/fstv.php?id=fszh, From: subscribe, IPv_Type: ipv6, Location: 美国, ISP: CloudFlare Inc., Date: None, Delay: -1 ms, Speed: 0.00 M/s, Resolution: None
Name: 佛山综合, URL: http://n1.gzbody.com:85/rtp/239.253.43.57:5146, From: subscribe, IPv_Type: ipv6, Location: 中国, ISP: 中国电信, Date: None, Delay: -1 ms, Speed: 0.00 M/s, Resolution: None
Name: 佛山综合, URL: https://stream1.freetv.fun/fo-shan-zong-he-24.ctv, From: subscribe, IPv_Type: ipv6, Location: 美国, ISP: CloudFlare Inc., Date: None, Delay: -1 ms, Speed: 0.00 M/s, Resolution: None
Name: 佛山综合, URL: https://t.freetv.fun/live/fo-shan-zong-he.m3u8, From: subscribe, IPv_Type: ipv6, Location: 美国, ISP: CloudFlare Inc., Date: None, Delay: -1 ms, Speed: 0.00 M/s, Resolution: None
Name: 深圳卫视, URL: http://n1.gzbody.com:85/rtp/239.77.0.130:5146, From: subscribe, IPv_Type: ipv6, Location: 中国, ISP: 中国电信, Date: None, Delay: -1 ms, Speed: 0.00 M/s, Resolution: None
Name: 深圳卫视, URL: http://[2409:8087:1a15:10d1::33]/ottrrs.hl.chinamobile.com/PLTV/88888888/224/3221226313/index.m3u8, From: subscribe, IPv_Type: ipv6, Location: 中国, ISP: 中国移动, Date: None, Delay: -1 ms, Speed: 0.00 M/s, Resolution: None
Name: 深圳卫视, URL: http://php.jdshipin.com/TVOD/hnyd.php?id=200000001898/460000089800010068, From: subscribe, IPv_Type: ipv6, Location: 美国, ISP: CloudFlare Inc., Date: None, Delay: -1 ms, Speed: 0.00 M/s, Resolution: None
Name: 深圳卫视, URL: http://iptv.huuc.edu.cn/hls/szhd.m3u8, From: subscribe, IPv_Type: ipv6, Location: 中国, ISP: 教育网, Date: None, Delay: -1 ms, Speed: 0.00 M/s, Resolution: None
Name: 深圳卫视, URL: https://smart.pendy.dpdns.org/Smart.php?id=shenzhen, From: subscribe, IPv_Type: ipv6, Location: 美国, ISP: CloudFlare Inc., Date: None, Delay: -1 ms, Speed: 0.00 M/s, Resolution: None
Name: 深圳卫视, URL: http://dsj.motem.top:8880/bptv/10000100000000050000000003873474.m3u8, From: subscribe, IPv_Type: ipv6, Location: 美国, ISP: CloudFlare Inc., Date: None, Delay: -1 ms, Speed: 0.00 M/s, Resolution: None
Name: 深圳卫视, URL: http://z.b.bkpcp.top/m.php?id=szws, From: subscribe, IPv_Type: ipv6, Location: 美国, ISP: CloudFlare Inc., Date: None, Delay: -1 ms, Speed: 0.00 M/s, Resolution: None
Name: 深圳卫视, URL: http://[2409:8087:1a0a:df::404b]/ottrrs.hl.chinamobile.com/TVOD/88888888/224/3221226313/index.m3u8, From: subscribe, IPv_Type: ipv6, Location: 中国, ISP: 中国移动, Date: None, Delay: -1 ms, Speed: 0.00 M/s, Resolution: None
Name: 深圳卫视, URL: http://[2409:8087:1a01:df::4077]/ottrrs.hl.chinamobile.com/PLTV/88888888/224/3221226313/index.m3u8, From: subscribe, IPv_Type: ipv6, Location: 中国, ISP: 中国移动, Date: None, Delay: -1 ms, Speed: 0.00 M/s, Resolution: None
Name: 深圳卫视, URL: http://[2409:8087:8:21::18]:6610/otttv.bj.chinamobile.com/PLTV/88888888/224/3221226959/1.m3u8?GuardEncType=2&accountinfo=%7E%7EV2.0%7EGrVNEZREjuNVKiTJo2mtwg%7EtP4-l0lmSfjwLWEfK_el1vH_mv-s1zo4AQJwdedaVwG9xkuFTDg8J26cwOrNJzn20BErrHdLhuZ9EzLUCD3PMW-OMx4MGteHV2vLeW6BqoY%2CEND, From: subscribe, IPv_Type: ipv6, Location: 中国, ISP: 中国移动, Date: None, Delay: -1 ms, Speed: 0.00 M/s, Resolution: None
Name: 深圳卫视, URL: http://[2409:8087:2001:20:2800:0:df6e:eb11]:80/ott.mobaibox.com/PLTV/4/224/3221227555/index.m3u8, From: subscribe, IPv_Type: ipv6, Location: 中国, ISP: 中国移动, Date: None, Delay: -1 ms, Speed: 0.00 M/s, Resolution: None
Name: 深圳卫视, URL: http://yc.myds.me:35455/itv/5000000004000007410.m3u8?cdn=bestzb, From: subscribe, IPv_Type: ipv6, Location: 中国, ISP: 中国电信, Date: None, Delay: -1 ms, Speed: 0.00 M/s, Resolution: None
Name: 深圳卫视, URL: https://mursor.ottiptv.cc/mcp/shenzheng.m3u8?sign=88b7b7d81123a1316352d1774be79be5&tm=1757443317, From: subscribe, IPv_Type: ipv6, Location: 美国-新泽西州-巴赛克, ISP: DigitalOcean, Date: None, Delay: -1 ms, Speed: 0.00 M/s, Resolution: None
Name: 深圳卫视, URL: https://migu.188766.xyz/?migutoken=784b52a434d98b429ab512ff75916360&id=szws&type=sz, From: subscribe, IPv_Type: ipv6, Location: 美国, ISP: CloudFlare Inc., Date: None, Delay: -1 ms, Speed: 0.00 M/s, Resolution: None
Name: 深圳卫视, URL: http://b.xiongnas.top:8888/rtp/239.3.1.134:8020, From: subscribe, IPv_Type: ipv6, Location: 中国, ISP: 中国联通, Date: None, Delay: -1 ms, Speed: 0.00 M/s, Resolution: None
Name: 深圳卫视, URL: http://nas.suntao.online:35455/itv/5000000004000007410.m3u8?cdn=bestzb, From: subscribe, IPv_Type: ipv6, Location: 中国, ISP: 中国联通, Date: None, Delay: -1 ms, Speed: 0.00 M/s, Resolution: None
Name: 深圳卫视, URL: https://cc06.tv12.xyz/108.m3u8, From: subscribe, IPv_Type: ipv6, Location: 美国, ISP: CloudFlare Inc., Date: None, Delay: -1 ms, Speed: 0.00 M/s, Resolution: None
Name: 深圳卫视, URL: https://jzb.wwkejishe.top/?id=606, From: subscribe, IPv_Type: ipv6, Location: 美国, ISP: CloudFlare Inc., Date: None, Delay: -1 ms, Speed: 0.00 M/s, Resolution: None
Name: 深圳卫视, URL: http://jk55269942.myqnapcloud.com:4022/rtp/239.49.8.15:9430, From: subscribe, IPv_Type: ipv6, Location: 中国, ISP: 中国联通, Date: None, Delay: -1 ms, Speed: 0.00 M/s, Resolution: None
Name: 深圳卫视, URL: http://zcb.myds.me:10001/rtp/239.49.8.15:9430, From: subscribe, IPv_Type: ipv6, Location: 中国, ISP: 中国电信, Date: None, Delay: -1 ms, Speed: 0.00 M/s, Resolution: None
Name: 深圳卫视, URL: https://shyd.695847.xyz/cms001/ch00000090990000001030/index.m3u8?IASHttpSessionId=RR4967720251014100028031761&ispcode=12, From: subscribe, IPv_Type: ipv6, Location: 美国, ISP: CloudFlare Inc., Date: None, Delay: -1 ms, Speed: 0.00 M/s, Resolution: None
Name: 深圳卫视, URL: https://iptv.catvod.com/live.php?id=%E6%B7%B1%E5%9C%B3%E5%8D%AB%E8%A7%86%E5%8F%B0, From: subscribe, IPv_Type: ipv6, Location: 美国, ISP: CloudFlare Inc., Date: None, Delay: -1 ms, Speed: 0.00 M/s, Resolution: None
Name: 深圳卫视, URL: https://stream1.freetv.fun/b6f191d152cd68e82619bf81baa62725dd590bca499c810e11b4babbe75cf8d5.m3u8, From: subscribe, IPv_Type: ipv6, Location: 美国, ISP: CloudFlare Inc., Date: None, Delay: -1 ms, Speed: 0.00 M/s, Resolution: None
Name: 深圳卫视, URL: http://hwottcdn.ln.chinamobile.com/PLTV/11/224/3221227239/index.m3u8, From: subscribe, IPv_Type: ipv6, Location: 中国, ISP: 中国移动, Date: None, Delay: -1 ms, Speed: 0.00 M/s, Resolution: None
Name: 深圳卫视, URL: http://hwltc.tv.cdn.zj.chinamobile.com/PLTV/88888888/224/3221236251/index.m3u8, From: subscribe, IPv_Type: ipv6, Location: 中国, ISP: 中国移动, Date: None, Delay: -1 ms, Speed: 0.00 M/s, Resolution: None
Name: 深圳卫视, URL: http://k.061899.xyz/k.php?id=szws, From: subscribe, IPv_Type: ipv6, Location: 新加坡, ISP: Aceville Pte.Ltd., Date: None, Delay: -1 ms, Speed: 0.00 M/s, Resolution: None
Name: 深圳卫视, URL: http://tvgslb.hn.chinamobile.com:8089/180000001002/00000000000000020000000000182565/main.m3u8?stbid=, From: subscribe, IPv_Type: ipv6, Location: 中国, ISP: 中国移动, Date: None, Delay: -1 ms, Speed: 0.00 M/s, Resolution: None
Name: 深圳卫视, URL: http://iptvrr.sh.chinamobile.com:6060/cms001/ch00000090990000001030/index.m3u8, From: subscribe, IPv_Type: ipv6, Location: 中国, ISP: 中国移动, Date: None, Delay: -1 ms, Speed: 0.00 M/s, Resolution: None
Name: 深圳卫视, URL: http://ott.mobaibox.com/PLTV/3/224/3221227555/index.m3u8, From: subscribe, IPv_Type: ipv6, Location: 中国, ISP: 中国移动, Date: None, Delay: -1 ms, Speed: 0.00 M/s, Resolution: None
Name: 深圳卫视, URL: http://rrs01.hw.gmcc.net:8088/PLTV/81/224/3221226688/1.m3u8, From: subscribe, IPv_Type: ipv6, Location: 中国, ISP: 中国移动, Date: None, Delay: -1 ms, Speed: 0.00 M/s, Resolution: None
Name: 深圳卫视, URL: https://t.freetv.fun/live/shen-zhen-wei-shi-3.m3u8, From: subscribe, IPv_Type: ipv6, Location: 美国, ISP: CloudFlare Inc., Date: None, Delay: -1 ms, Speed: 0.00 M/s, Resolution: None
Name: 深圳卫视, URL: https://gd202.tv1288.xyz/tsfile/live/1042_1.m3u8, From: subscribe, IPv_Type: ipv6, Location: 美国, ISP: CloudFlare Inc., Date: None, Delay: -1 ms, Speed: 0.00 M/s, Resolution: None
Name: 深圳卫视, URL: http://192.151.150.154/live/szwshd.m3u8, From: subscribe, IPv_Type: ipv4, Location: 美国-密苏里州-杰克逊县, ISP: Datashack公司, Date: None, Delay: 684 ms, Speed: 6.29 M/s, Resolution: 1920x1080
Name: 汕头综合, URL: http://php.jdshipin.com:8880/PLTV/iptv.php?id=stzh, From: subscribe, IPv_Type: ipv6, Location: 美国, ISP: CloudFlare Inc., Date: None, Delay: -1 ms, Speed: 0.00 M/s, Resolution: None
Name: 汕头综合, URL: http://n1.gzbody.com:85/rtp/239.253.43.45:5146, From: subscribe, IPv_Type: ipv6, Location: 中国, ISP: 中国电信, Date: None, Delay: -1 ms, Speed: 0.00 M/s, Resolution: None
Name: 汕头综合, URL: https://stream1.freetv.fun/shan-tou-zong-he-13.ctv, From: subscribe, IPv_Type: ipv6, Location: 美国, ISP: CloudFlare Inc., Date: None, Delay: -1 ms, Speed: 0.00 M/s, Resolution: None
Name: 汕头经济, URL: https://stream1.freetv.fun/shan-tou-jing-ji-1.ctv, From: subscribe, IPv_Type: ipv6, Location: 美国, ISP: CloudFlare Inc., Date: None, Delay: -1 ms, Speed: 0.00 M/s, Resolution: None
Name: 茂名综合, URL: http://n1.gzbody.com:85/rtp/239.77.0.206:5146, From: subscribe, IPv_Type: ipv6, Location: 中国, ISP: 中国电信, Date: None, Delay: -1 ms, Speed: 0.00 M/s, Resolution: None
Name: 纪实人文, URL: http://ottrrs.hl.chinamobile.com/PLTV/88888888/224/3221225738/index.m3u8, From: subscribe, IPv_Type: ipv6, Location: 中国, ISP: 中国移动, Date: None, Delay: -1 ms, Speed: 0.00 M/s, Resolution: None
Name: 纪实人文, URL: https://stream1.freetv.fun/ipv6-ji-shi-ren-wen-12.m3u8, From: subscribe, IPv_Type: ipv6, Location: 美国, ISP: CloudFlare Inc., Date: None, Delay: -1 ms, Speed: 0.00 M/s, Resolution: None
Name: 纪实科教, URL: https://hls-gateway.vpstv.net/streams/708837.m3u8, From: subscribe, IPv_Type: ipv6, Location: 美国, ISP: CloudFlare Inc., Date: None, Delay: -1 ms, Speed: 0.00 M/s, Resolution: None
Name: 纪实科教, URL: http://[2409:8087:1a01:df::7005]:80/ottrrs.hl.chinamobile.com/TVOD/88888888/224/3221225729/index.m3u8, From: subscribe, IPv_Type: ipv6, Location: 中国, ISP: 中国移动, Date: None, Delay: -1 ms, Speed: 0.00 M/s, Resolution: None
Name: 纪实科教, URL: https://cc06.tv12.xyz/28.m3u8, From: subscribe, IPv_Type: ipv6, Location: 美国, ISP: CloudFlare Inc., Date: None, Delay: -1 ms, Speed: 0.00 M/s, Resolution: None
Name: 纪实科教, URL: http://[2409:8087:8:21::18]:6610/otttv.bj.chinamobile.com/PLTV/88888888/224/3221226434/1.m3u8, From: subscribe, IPv_Type: ipv6, Location: 中国, ISP: 中国移动, Date: None, Delay: -1 ms, Speed: 0.00 M/s, Resolution: None
Name: 纪实科教, URL: http://iptv.666230.xyz/iptv/jsyd.php/HD-8000k-1080P-beijingjishi, From: subscribe, IPv_Type: ipv6, Location: 美国, ISP: CloudFlare Inc., Date: None, Delay: -1 ms, Speed: 0.00 M/s, Resolution: None
Name: 金鹰纪实, URL: http://n1.gzbody.com:85/rtp/239.77.0.160:5146, From: subscribe, IPv_Type: ipv6, Location: 中国, ISP: 中国电信, Date: None, Delay: -1 ms, Speed: 0.00 M/s, Resolution: None
Name: 金鹰纪实, URL: http://rrs01.hw.gmcc.net:8088/PLTV/81/224/3221226667/1.m3u8, From: subscribe, IPv_Type: ipv6, Location: 中国, ISP: 中国移动, Date: None, Delay: -1 ms, Speed: 0.00 M/s, Resolution: None
Name: 金鹰纪实, URL: https://hls-gateway.vpstv.net/streams/708834.m3u8, From: subscribe, IPv_Type: ipv6, Location: 美国, ISP: CloudFlare Inc., Date: None, Delay: -1 ms, Speed: 0.00 M/s, Resolution: None
Name: 金鹰纪实, URL: http://iptv.cdn.ha.chinamobile.com/PLTV/88888888/224/3221226668/index.m3u8, From: subscribe, IPv_Type: ipv6, Location: 中国, ISP: 中国移动, Date: None, Delay: -1 ms, Speed: 0.00 M/s, Resolution: None
Name: 金鹰纪实, URL: http://iptv.huuc.edu.cn/hls/gedocu.m3u8, From: subscribe, IPv_Type: ipv6, Location: 中国, ISP: 教育网, Date: None, Delay: -1 ms, Speed: 0.00 M/s, Resolution: None
Name: 金鹰纪实, URL: https://stream1.freetv.fun/jin-ying-ji-shi-35.m3u8, From: subscribe, IPv_Type: ipv6, Location: 美国, ISP: CloudFlare Inc., Date: None, Delay: -1 ms, Speed: 0.00 M/s, Resolution: None
Name: 金鹰纪实, URL: https://t.freetv.fun/live/jin-ying-ji-shi-1.m3u8, From: subscribe, IPv_Type: ipv6, Location: 美国, ISP: CloudFlare Inc., Date: None, Delay: -1 ms, Speed: 0.00 M/s, Resolution: None
Name: 超级综艺, URL: http://111.43.126.240:9003/hls/87/index.m3u8, From: subscribe, IPv_Type: ipv4, Location: 中国-黑龙江, ISP: 移动, Date: None, Delay: 967 ms, Speed: 0.00 M/s, Resolution: 1920x1080
Name: CCTV-1, URL: http://gslbmgsplive.miguvideo.com/wd_r2/cctv/cctv1hd/600/index.m3u8?msisdn=202509071500304e1818db60364290b50e38031debd073&mdspid=&spid=699004&netType=0&sid=2201057821&pid=2028597139&timestamp=20250907150030&Channel_ID=0116_2600037000-99000-200300220100002&ProgramID=608807420&ParentNodeID=-99&assertID=2201057821&client_ip=106.13.250.89&SecurityKey=20250907150030&promotionId=&mvid=2201057821&mcid=500020&playurlVersion=WX-A1-8.8.1-RELEASE&userid=&jmhm=&videocodec=h264&bean=mgspad&tid=android&conFee=0&puData=c51545a4768b08c19bd6f993c318bafb&ddCalcu=bcf5va1ab5y84a153ac4379698fb60d8bc91&sv=10004&ct=android, From: subscribe, IPv_Type: ipv6, Location: 中国, ISP: 中国移动, Date: None, Delay: -1 ms, Speed: 0.00 M/s, Resolution: None
Name: CCTV-1, URL: http://n1.gzbody.com:85/rtp/239.77.0.119:5146, From: subscribe, IPv_Type: ipv6, Location: 中国, ISP: 中国电信, Date: None, Delay: -1 ms, Speed: 0.00 M/s, Resolution: None
Name: CCTV-1, URL: http://bailudz.top:1236/111/hahahaha.php, From: subscribe, IPv_Type: ipv6, Location: 中国, ISP: 中国电信, Date: None, Delay: -1 ms, Speed: 0.00 M/s, Resolution: None
Name: CCTV-1, URL: https://migu.188766.xyz/?migutoken=6598d13b64b01bf74fc04c13b92b9cb6&id=CCTV1&pp=1, From: subscribe, IPv_Type: ipv6, Location: 美国, ISP: CloudFlare Inc., Date: None, Delay: -1 ms, Speed: 0.00 M/s, Resolution: None
Name: CCTV-1, URL: http://iptv.huuc.edu.cn/hls/cctv1hd.m3u8, From: subscribe, IPv_Type: ipv6, Location: 中国, ISP: 教育网, Date: None, Delay: -1 ms, Speed: 0.00 M/s, Resolution: None
Name: CCTV-1, URL: http://[2409:8087:1a15:10d1::36]/ottrrs.hl.chinamobile.com/PLTV/88888888/224/3221226016/index.m3u8, From: subscribe, IPv_Type: ipv6, Location: 中国, ISP: 中国移动, Date: None, Delay: -1 ms, Speed: 0.00 M/s, Resolution: None
Name: CCTV-1, URL: https://www.freetv.top/migu/608807420.m3u8?migutoken=5b04cf0d91179ab2d3d71703f0a8bc3d32dd02f7d8fb55ee70e05c216b8a9d1a73d911fbde798459fb66d94934157c996f8306c0dd37917775f2ed73dcc22cf84b25ca500bff5c636ff48d6344, From: subscribe, IPv_Type: ipv6, Location: 美国, ISP: Oracle Corporation, Date: None, Delay: -1 ms, Speed: 0.00 M/s, Resolution: None
Name: CCTV-1, URL: http://[2409:8087:1a15:10d1::34]/ottrrs.hl.chinamobile.com/PLTV/88888888/224/3221226559/index.m3u8, From: subscribe, IPv_Type: ipv6, Location: 中国, ISP: 中国移动, Date: None, Delay: -1 ms, Speed: 0.00 M/s, Resolution: None
Name: CCTV-1, URL: http://[2409:8087:1a01:df::4077]/ottrrs.hl.chinamobile.com/PLTV/88888888/224/3221226016/index.m3u8, From: subscribe, IPv_Type: ipv6, Location: 中国, ISP: 中国移动, Date: None, Delay: -1 ms, Speed: 0.00 M/s, Resolution: None
Name: CCTV-1, URL: http://php.jdshipin.com:8880/TVOD/iptv.php?id=rthk33, From: subscribe, IPv_Type: ipv6, Location: 美国, ISP: CloudFlare Inc., Date: None, Delay: -1 ms, Speed: 0.00 M/s, Resolution: None
Name: CCTV-1, URL: http://iptv.cdn.ha.chinamobile.com/PLTV/88888888/224/3221227262/index.m3u8, From: subscribe, IPv_Type: ipv6, Location: 中国, ISP: 中国移动, Date: None, Delay: -1 ms, Speed: 0.00 M/s, Resolution: None
Name: CCTV-1, URL: https://cc06.tv12.xyz/1.m3u8, From: subscribe, IPv_Type: ipv6, Location: 美国, ISP: CloudFlare Inc., Date: None, Delay: -1 ms, Speed: 0.00 M/s, Resolution: None
Name: CCTV-1, URL: http://zjzcf.synology.me:35455/gaoma/cctv1.m3u8, From: subscribe, IPv_Type: ipv6, Location: 中国, ISP: 中国移动, Date: None, Delay: -1 ms, Speed: 0.00 M/s, Resolution: None
Name: CCTV-1, URL: https://jzb.wwkejishe.top/?id=578, From: subscribe, IPv_Type: ipv6, Location: 美国, ISP: CloudFlare Inc., Date: None, Delay: -1 ms, Speed: 0.00 M/s, Resolution: None
Name: CCTV-1, URL: http://jk55269942.myqnapcloud.com:4022/rtp/239.49.8.19:9614, From: subscribe, IPv_Type: ipv6, Location: 中国, ISP: 中国联通, Date: None, Delay: -1 ms, Speed: 0.00 M/s, Resolution: None
Name: CCTV-1, URL: http://zcb.myds.me:10001/rtp/239.49.8.19:9614, From: subscribe, IPv_Type: ipv6, Location: 中国, ISP: 中国电信, Date: None, Delay: -1 ms, Speed: 0.00 M/s, Resolution: None
Name: CCTV-1, URL: https://shyd.695847.xyz/cms001/ch00000090990000001388/index.m3u8?IASHttpSessionId=RR4967720251014100028031761&ispcode=12, From: subscribe, IPv_Type: ipv6, Location: 美国, ISP: CloudFlare Inc., Date: None, Delay: -1 ms, Speed: 0.00 M/s, Resolution: None
Name: CCTV-1, URL: https://smart.pendy.dpdns.org/Smart.php?id=cctv1, From: subscribe, IPv_Type: ipv6, Location: 美国, ISP: CloudFlare Inc., Date: None, Delay: -1 ms, Speed: 0.00 M/s, Resolution: None
Name: CCTV-1, URL: https://iptv.catvod.com/live.php?id=CCTV1%E7%BB%BC%E5%90%88, From: subscribe, IPv_Type: ipv6, Location: 美国, ISP: CloudFlare Inc., Date: None, Delay: -1 ms, Speed: 0.00 M/s, Resolution: None
Name: CCTV-1, URL: https://live.chinacert.cftest5.cn/mg/?id=608807420, From: subscribe, IPv_Type: ipv6, Location: 中国, ISP: 中国电信, Date: None, Delay: -1 ms, Speed: 0.00 M/s, Resolution: None
Name: CCTV-1, URL: https://stream1.freetv.fun/e87ac64457c976111fc8524f11c25da508b807c29647c571b45ab13a609917c2.m3u8, From: subscribe, IPv_Type: ipv6, Location: 美国, ISP: CloudFlare Inc., Date: None, Delay: -1 ms, Speed: 0.00 M/s, Resolution: None
Name: CCTV-1, URL: http://www.freetv.top/migu/608807420.m3u8?migutoken=491f039071b1e5ca7ea22dab208a3373abd0aa38187ac74446778154f03126d09cf16f03bab30bbbe6b3654715b39584417cebbd010b1b65144b4d683dc814c330efffb70a09c7630ddbb49120, From: subscribe, IPv_Type: ipv6, Location: 美国, ISP: Oracle Corporation, Date: None, Delay: -1 ms, Speed: 0.00 M/s, Resolution: None
Name: CCTV-1, URL: https://t.freetv.fun/live/cctv1-1.m3u8, From: subscribe, IPv_Type: ipv6, Location: 美国, ISP: CloudFlare Inc., Date: None, Delay: -1 ms, Speed: 0.00 M/s, Resolution: None
Name: CCTV-1, URL: http://pull-hs-f5.flive.douyincdn.com/media/stream-407016150428549804/index.m3u8?arch_hrchy=w1&exp_hrchy=w1&expire=1770677034&major_anchor_level=common&sign=d5431678f90e8ea341292c0a3d67848a&t_id=037-202602030643530D45A69759B7F235C141-vAzOuL&volcSecret=d5431678f90e8ea341292c0a3d67848a&volcTime=1770677034, From: subscribe, IPv_Type: ipv6, Location: 澳大利亚-新南威尔士州-大悉尼, ISP: Linode, Date: None, Delay: -1 ms, Speed: 0.00 M/s, Resolution: None
Name: CCTV-1, URL: http://mgsp-yx2.live.miguvideo.com:8088/migu/kailu/cctv1hd265/51/20191230/index.m3u8?msisdn=e55e9ee71b42d2d7008a152c069625e3&mdspid=&spid=699004&netType=0&sid=2201057821&pid=2028597139&timestamp=20260215080203&Channel_ID=0116_2600034600-99000-201600010010028&ProgramID=608807420&ParentNodeID=-99&assertID=2201057821&client_ip=218.28.233.106&SecurityKey=20260215080203&promotionId=&mvid=2201057821&mcid=500020&playurlVersion=WX-A1-9.2.1-RELEASE&userid=&jmhm=&videocodec=h265&appCode=miguvideo_android&bean=mgspad&tid=android&conFee=0&encrypt=3b7501c58296bc22cb351563b3d0c00f&sv=10004&ct=android, From: subscribe, IPv_Type: ipv6, Location: 中国, ISP: 中国电信, Date: None, Delay: -1 ms, Speed: 0.00 M/s, Resolution: None
Name: CCTV-1, URL: http://mgsp-zy2.live.miguvideo.com:8088/migu/kailu/cctv1hd265/51/20191230/index.m3u8?msisdn=e55e9ee71b42d2d7008a152c069625e3&mdspid=&spid=699004&netType=0&sid=2201057821&pid=2028597139&timestamp=20260217083834&Channel_ID=0116_2600034600-99000-201600010010028&ProgramID=608807420&ParentNodeID=-99&assertID=2201057821&client_ip=218.28.233.106&SecurityKey=20260217083834&promotionId=&mvid=2201057821&mcid=500020&playurlVersion=WX-A1-9.2.1-RELEASE&userid=&jmhm=&videocodec=h265&appCode=miguvideo_android&bean=mgspad&tid=android&conFee=0&encrypt=7d1fe5cc6b8672ec104b08f8cf407ddf&sv=10004&ct=android, From: subscribe, IPv_Type: ipv6, Location: 中国, ISP: 中国电信, Date: None, Delay: -1 ms, Speed: 0.00 M/s, Resolution: None
Name: CCTV-1, URL: http://pull-hls-f11.douyincdn.com/media/stream-695365272562303660.m3u8?arch_hrchy=w1&exp_hrchy=w1&expire=1772664317&major_anchor_level=common&sign=7f89074b9ed63f7d0d0650199d9b3205&t_id=037-202602260645176D8644469071061C2EE9-ZOshJm, From: subscribe, IPv_Type: ipv6, Location: 中国, ISP: 中国联通, Date: None, Delay: -1 ms, Speed: 0.00 M/s, Resolution: None
Name: CCTV-1, URL: http://mgsp-ws2.live.miguvideo.com:8088/migu/kailu/cctv1hd265/51/20191230/index.m3u8?msisdn=2be6b2ec9fcf10d2c2457e2c710e172c&mdspid=&spid=699004&netType=0&sid=2201057821&pid=2028597139&timestamp=20260303060202&Channel_ID=0116_2600034600-99000-201600010010028&ProgramID=608807420&ParentNodeID=-99&assertID=2201057821&client_ip=218.28.233.106&SecurityKey=20260303060202&promotionId=&mvid=2201057821&mcid=500020&playurlVersion=WX-A1-9.2.2-RELEASE&userid=&jmhm=&videocodec=h265&appCode=miguvideo_android&bean=mgspad&tid=android&conFee=0&encrypt=edf1c1ab6dc0a4592cb47c3c9a606e7a&sv=10004&ct=android, From: subscribe, IPv_Type: ipv6, Location: 加拿大, ISP: , Date: None, Delay: -1 ms, Speed: 0.00 M/s, Resolution: None
Name: CCTV-1, URL: https://live.264788.xyz/channel/cctv1?streamid=107a756f519973a7e95798c05737a47c&livekey=01WgOR41rriMmMkzNsd0UoaxJRwetZdxIvtVk, From: subscribe, IPv_Type: ipv4, Location: 美国, ISP: CloudFlare节点, Date: None, Delay: 62 ms, Speed: 63.26 M/s, Resolution: 720x576
Name: CCTV-1, URL: http://69.30.245.50/live/cctv1.m3u8, From: subscribe, IPv_Type: ipv4, Location: 美国-密苏里州-杰克逊县, ISP: WholeSale互联网股份有限公司, Date: None, Delay: 7754 ms, Speed: 0.64 M/s, Resolution: 1920x1080
Name: CCTV-2, URL: http://gslbmgsplive.miguvideo.com/wd_r2/cctv/cctv2hd/600/index.m3u8?msisdn=2025090715003024ccae6b79794ec7a6f93f0e8fc0de78&mdspid=&spid=699004&netType=0&sid=5500346945&pid=2028597139&timestamp=20250907150030&Channel_ID=0116_2600037000-99000-200300220100002&ProgramID=631780532&ParentNodeID=-99&assertID=5500346945&client_ip=106.13.250.89&SecurityKey=20250907150030&promotionId=&mvid=5101064231&mcid=500020&playurlVersion=WX-A1-8.8.1-RELEASE&userid=&jmhm=&videocodec=h264&bean=mgspad&tid=android&conFee=0&puData=85090534922755d6260273e6ee767742&ddCalcu=2845v70a79z60a75e3e469e2327725056d26&sv=10004&ct=android, From: subscribe, IPv_Type: ipv6, Location: 中国, ISP: 中国移动, Date: None, Delay: -1 ms, Speed: 0.00 M/s, Resolution: None
Name: CCTV-2, URL: http://n1.gzbody.com:85/rtp/239.77.0.137:5146, From: subscribe, IPv_Type: ipv6, Location: 中国, ISP: 中国电信, Date: None, Delay: -1 ms, Speed: 0.00 M/s, Resolution: None
Name: CCTV-2, URL: http://bailudz.top:1236/111/hahahaha.php, From: subscribe, IPv_Type: ipv6, Location: 中国, ISP: 中国电信, Date: None, Delay: -1 ms, Speed: 0.00 M/s, Resolution: None
Name: CCTV-2, URL: https://migu.188766.xyz/?migutoken=f690b72b77d5d60b34b990d7818bbcdc&id=CCTV2&pp=1, From: subscribe, IPv_Type: ipv6, Location: 美国, ISP: CloudFlare Inc., Date: None, Delay: -1 ms, Speed: 0.00 M/s, Resolution: None
Name: CCTV-2, URL: http://iptv.huuc.edu.cn/hls/cctv2hd.m3u8, From: subscribe, IPv_Type: ipv6, Location: 中国, ISP: 教育网, Date: None, Delay: -1 ms, Speed: 0.00 M/s, Resolution: None
Name: CCTV-2, URL: http://[2409:8087:1a15:10d1::38]/ottrrs.hl.chinamobile.com/PLTV/88888888/224/3221226540/index.m3u8, From: subscribe, IPv_Type: ipv6, Location: 中国, ISP: 中国移动, Date: None, Delay: -1 ms, Speed: 0.00 M/s, Resolution: None
Name: CCTV-2, URL: http://[2409:8087:8:21::18]:6610/otttv.bj.chinamobile.com/PLTV/88888888/224/3221226893/1.m3u8, From: subscribe, IPv_Type: ipv6, Location: 中国, ISP: 中国移动, Date: None, Delay: -1 ms, Speed: 0.00 M/s, Resolution: None
Name: CCTV-2, URL: http://ottrrs.hl.chinamobile.com/TVOD/88888888/224/3221226540/index.m3u8, From: subscribe, IPv_Type: ipv6, Location: 中国, ISP: 中国移动, Date: None, Delay: -1 ms, Speed: 0.00 M/s, Resolution: None
Name: CCTV-2, URL: http://[2409:8087:1a01:df::4077]:80/ottrrs.hl.chinamobile.com/yinhe/88888888/8/3221225588/index.m3u8, From: subscribe, IPv_Type: ipv6, Location: 中国, ISP: 中国移动, Date: None, Delay: -1 ms, Speed: 0.00 M/s, Resolution: None
Name: CCTV-2, URL: http://[2409:8087:1a01:df::406f]:80/wh7f454c46tw1241164675_1575082505/ottrrs.hl.chinamobile.com/PLTV/88888888/224/3221226540/index.m3u8?icpid=88888888&RTS=1713968070&from=4&hms_devid=692&prioritypopid=4&online=1713968070&vqe=3, From: subscribe, IPv_Type: ipv6, Location: 中国, ISP: 中国移动, Date: None, Delay: -1 ms, Speed: 0.00 M/s, Resolution: None
Name: CCTV-2, URL: http://b.xiongnas.top:8888/rtp/239.3.1.60:8084, From: subscribe, IPv_Type: ipv6, Location: 中国, ISP: 中国联通, Date: None, Delay: -1 ms, Speed: 0.00 M/s, Resolution: None
Name: CCTV-2, URL: https://cc06.tv12.xyz/2.m3u8, From: subscribe, IPv_Type: ipv6, Location: 美国, ISP: CloudFlare Inc., Date: None, Delay: -1 ms, Speed: 0.00 M/s, Resolution: None
Name: CCTV-2, URL: http://yc.myds.me:35455/gaoma/cctv2.m3u8, From: subscribe, IPv_Type: ipv6, Location: 中国, ISP: 中国电信, Date: None, Delay: -1 ms, Speed: 0.00 M/s, Resolution: None
Name: CCTV-2, URL: https://smart.pendy.dpdns.org/Smart.php?id=cctv2, From: subscribe, IPv_Type: ipv6, Location: 美国, ISP: CloudFlare Inc., Date: None, Delay: -1 ms, Speed: 0.00 M/s, Resolution: None
Name: CCTV-2, URL: https://epg.pw/stream/f86540c126a751cc707e3805911549bd077fb5a7f0f53a824212d75addea3747.m3u8, From: subscribe, IPv_Type: ipv6, Location: 美国, ISP: CloudFlare Inc., Date: None, Delay: -1 ms, Speed: 0.00 M/s, Resolution: None
Name: CCTV-2, URL: https://jzb.wwkejishe.top/?id=579, From: subscribe, IPv_Type: ipv6, Location: 美国, ISP: CloudFlare Inc., Date: None, Delay: -1 ms, Speed: 0.00 M/s, Resolution: None
Name: CCTV-2, URL: http://jk55269942.myqnapcloud.com:4022/rtp/239.49.8.50:9802, From: subscribe, IPv_Type: ipv6, Location: 中国, ISP: 中国联通, Date: None, Delay: -1 ms, Speed: 0.00 M/s, Resolution: None
Name: CCTV-2, URL: http://zcb.myds.me:10001/rtp/239.49.8.50:9802, From: subscribe, IPv_Type: ipv6, Location: 中国, ISP: 中国电信, Date: None, Delay: -1 ms, Speed: 0.00 M/s, Resolution: None
Name: CCTV-2, URL: https://shyd.695847.xyz/cms001/ch00000090990000001220/index.m3u8?IASHttpSessionId=RR4967720251014100028031761&ispcode=12, From: subscribe, IPv_Type: ipv6, Location: 美国, ISP: CloudFlare Inc., Date: None, Delay: -1 ms, Speed: 0.00 M/s, Resolution: None
Name: CCTV-2, URL: https://iptv.catvod.com/live.php?id=CCTV2%E8%B4%A2%E7%BB%8F, From: subscribe, IPv_Type: ipv6, Location: 美国, ISP: CloudFlare Inc., Date: None, Delay: -1 ms, Speed: 0.00 M/s, Resolution: None
Name: CCTV-2, URL: https://live.chinacert.cftest5.cn/mg/?id=631780532, From: subscribe, IPv_Type: ipv6, Location: 中国, ISP: 中国电信, Date: None, Delay: -1 ms, Speed: 0.00 M/s, Resolution: None
Name: CCTV-2, URL: https://www.freetv.top/migu/631780532.m3u8?migutoken=6f589f929945331767ef466f5f4cb6ccee0346b95c4bae5bbd6b99321f160d076257570ccc9b882f37a0bd95f05b1a1b9830393bd269f71445b0e5d01684c40a8cf16759a5bbdf9d5dff243250, From: subscribe, IPv_Type: ipv6, Location: 美国, ISP: Oracle Corporation, Date: None, Delay: -1 ms, Speed: 0.00 M/s, Resolution: None
Name: CCTV-2, URL: http://pull-flv-f1.douyincdn.com/media/stream-695106910011261612.flv?arch_hrchy=w1&exp_hrchy=w1&keeptime=00093a80&major_anchor_level=common&t_id=037-20260114100308192594C57677D9CCE8DA-vujvxt&unique_id=stream-695106910011261612_684_flv&wsSecret=fc06766784777da294247d06ae30f581&wsTime=6966f95d, From: subscribe, IPv_Type: ipv6, Location: 加拿大, ISP: , Date: None, Delay: -1 ms, Speed: 0.00 M/s, Resolution: None
Name: CCTV-2, URL: https://t.freetv.fun/live/cctv2-cai-jing-3.php, From: subscribe, IPv_Type: ipv6, Location: 美国, ISP: CloudFlare Inc., Date: None, Delay: -1 ms, Speed: 0.00 M/s, Resolution: None
Name: CCTV-2, URL: http://pull-hls-f11.douyincdn.com/media/stream-407062262674621100.m3u8?arch_hrchy=w1&exp_hrchy=w1&expire=1771372284&major_anchor_level=common&sign=6f90250717a66a61060dfac48f5152de&t_id=037-20260211075123D0C67CD1A4FC77163F38-si39gG, From: subscribe, IPv_Type: ipv6, Location: 中国, ISP: 中国联通, Date: None, Delay: -1 ms, Speed: 0.00 M/s, Resolution: None
Name: CCTV-2, URL: http://mgsp-ws2.live.miguvideo.com:8088/migu/kailu/cctv2hd265/54/20200407/index.m3u8?msisdn=e55e9ee71b42d2d7008a152c069625e3&mdspid=&spid=699004&netType=0&sid=5500346945&pid=2028597139&timestamp=20260215080203&Channel_ID=0116_2600034600-99000-201600010010028&ProgramID=631780532&ParentNodeID=-99&assertID=5500346945&client_ip=218.28.233.106&SecurityKey=20260215080203&promotionId=&mvid=5101064231&mcid=500020&playurlVersion=WX-A1-9.2.1-RELEASE&userid=&jmhm=&videocodec=h265&appCode=miguvideo_android&bean=mgspad&tid=android&conFee=0&encrypt=9cfa510800408b12d76fb429efcd142b&sv=10004&ct=android, From: subscribe, IPv_Type: ipv6, Location: 加拿大, ISP: , Date: None, Delay: -1 ms, Speed: 0.00 M/s, Resolution: None
Name: CCTV-2, URL: http://mgsp-yx2.live.miguvideo.com:8088/migu/kailu/cctv2hd265/54/20200407/index.m3u8?msisdn=e55e9ee71b42d2d7008a152c069625e3&mdspid=&spid=699004&netType=0&sid=5500346945&pid=2028597139&timestamp=20260216080220&Channel_ID=0116_2600034600-99000-201600010010028&ProgramID=631780532&ParentNodeID=-99&assertID=5500346945&client_ip=218.28.233.106&SecurityKey=20260216080220&promotionId=&mvid=5101064231&mcid=500020&playurlVersion=WX-A1-9.2.1-RELEASE&userid=&jmhm=&videocodec=h265&appCode=miguvideo_android&bean=mgspad&tid=android&conFee=0&encrypt=803fcdd7ad780656946a4fa577295318&sv=10004&ct=android, From: subscribe, IPv_Type: ipv6, Location: 中国, ISP: 中国电信, Date: None, Delay: -1 ms, Speed: 0.00 M/s, Resolution: None
Name: CCTV-2, URL: http://mgsp-hs2.live.miguvideo.com:8088/migu/kailu/cctv2hd265/54/20200407/index.m3u8?msisdn=e55e9ee71b42d2d7008a152c069625e3&mdspid=&spid=699004&netType=0&sid=5500346945&pid=2028597139&timestamp=20260217083837&Channel_ID=0116_2600034600-99000-201600010010028&ProgramID=631780532&ParentNodeID=-99&assertID=5500346945&client_ip=218.28.233.106&SecurityKey=20260217083837&promotionId=&mvid=5101064231&mcid=500020&playurlVersion=WX-A1-9.2.1-RELEASE&userid=&jmhm=&videocodec=h265&appCode=miguvideo_android&bean=mgspad&tid=android&conFee=0&encrypt=a3d19c3f1e73b661d4230e48c0606b6a&sv=10004&ct=android, From: subscribe, IPv_Type: ipv6, Location: 中国, ISP: 中国联通, Date: None, Delay: -1 ms, Speed: 0.00 M/s, Resolution: None
Name: CCTV-2, URL: http://mgsp-zy2.live.miguvideo.com:8088/migu/kailu/cctv2hd265/54/20200407/index.m3u8?msisdn=2be6b2ec9fcf10d2c2457e2c710e172c&mdspid=&spid=699004&netType=0&sid=5500346945&pid=2028597139&timestamp=20260301080203&Channel_ID=0116_2600034600-99000-201600010010028&ProgramID=631780532&ParentNodeID=-99&assertID=5500346945&client_ip=218.28.233.106&SecurityKey=20260301080203&promotionId=&mvid=5101064231&mcid=500020&playurlVersion=WX-A1-9.2.1-RELEASE&userid=&jmhm=&videocodec=h265&appCode=miguvideo_android&bean=mgspad&tid=android&conFee=0&encrypt=e87fc029ce12ee0cfeb385af929bb4ce&sv=10004&ct=android, From: subscribe, IPv_Type: ipv6, Location: 中国, ISP: 中国电信, Date: None, Delay: -1 ms, Speed: 0.00 M/s, Resolution: None
Name: CCTV-2, URL: http://pull-hls-f26.douyincdn.com/media/stream-118899562654991020.m3u8?arch_hrchy=w1&exp_hrchy=w1&expire=69ab5953&major_anchor_level=common&sign=57d8e1e83d33ba9634ae5c7a9459724f&t_id=037-20260228064643535DD8CD314AB1F748BD-Pqf7Y6, From: subscribe, IPv_Type: ipv6, Location: 中国, ISP: , Date: None, Delay: -1 ms, Speed: 0.00 M/s, Resolution: None
Name: CCTV-2, URL: https://live.264788.xyz/channel/cctv2?streamid=9d3681a7c74fcc88af7a6e9c998f37a0&livekey=01WgOR41rriMmMkzNsd0UoaxJRwetZdxIvtVk, From: subscribe, IPv_Type: ipv4, Location: 美国, ISP: CloudFlare节点, Date: None, Delay: 1258 ms, Speed: 13.21 M/s, Resolution: 1920x1080
Name: CCTV-3, URL: http://sport.pendy.dpdns.org:80/migu/624878271, From: subscribe, IPv_Type: ipv6, Location: 美国, ISP: CloudFlare Inc., Date: None, Delay: -1 ms, Speed: 0.00 M/s, Resolution: None
Name: CCTV-3, URL: http://gslbmgsplive.miguvideo.com/wd_r2/2018/ocn/cctv3hd/1000/index.m3u8?msisdn=20250907150030b748a9e13808442abdf363a81a607a55&mdspid=&spid=699004&netType=0&sid=5500212864&pid=2028597139&timestamp=20250907150030&Channel_ID=0116_2600037000-99000-200300220100002&ProgramID=624878271&ParentNodeID=-99&assertID=5500212864&client_ip=106.13.250.89&SecurityKey=20250907150030&promotionId=&mvid=5100001683&mcid=500020&playurlVersion=WX-A1-8.8.1-RELEASE&userid=&jmhm=&videocodec=h264&bean=mgspad&tid=android&conFee=0&puData=e7456f27c4a9fd1b837df33e471d87f1&ddCalcu=1ef7v74a85ad6a1f7247ec343af9df7d318b&sv=10004&ct=android, From: subscribe, IPv_Type: ipv6, Location: 中国, ISP: 中国移动, Date: None, Delay: -1 ms, Speed: 0.00 M/s, Resolution: None
Name: CCTV-3, URL: http://n1.gzbody.com:85/rtp/239.77.0.169:5146, From: subscribe, IPv_Type: ipv6, Location: 中国, ISP: 中国电信, Date: None, Delay: -1 ms, Speed: 0.00 M/s, Resolution: None
Name: CCTV-3, URL: http://bailudz.top:1236/111/hahahaha.php, From: subscribe, IPv_Type: ipv6, Location: 中国, ISP: 中国电信, Date: None, Delay: -1 ms, Speed: 0.00 M/s, Resolution: None
Name: CCTV-3, URL: https://migu.188766.xyz/?migutoken=8d7819d7cf8a8042766c02aac3080b90&id=CCTV3&pp=1, From: subscribe, IPv_Type: ipv6, Location: 美国, ISP: CloudFlare Inc., Date: None, Delay: -1 ms, Speed: 0.00 M/s, Resolution: None
Name: CCTV-3, URL: http://iptv.huuc.edu.cn/hls/cctv3hd.m3u8, From: subscribe, IPv_Type: ipv6, Location: 中国, ISP: 教育网, Date: None, Delay: -1 ms, Speed: 0.00 M/s, Resolution: None
Name: CCTV-3, URL: http://[2409:8087:1a15:10d1::36]/ottrrs.hl.chinamobile.com/PLTV/88888888/224/3221226021/index.m3u8, From: subscribe, IPv_Type: ipv6, Location: 中国, ISP: 中国移动, Date: None, Delay: -1 ms, Speed: 0.00 M/s, Resolution: None
Name: CCTV-3, URL: http://[2409:8087:8:21::18]:6610/otttv.bj.chinamobile.com/PLTV/88888888/224/3221226471/1.m3u8, From: subscribe, IPv_Type: ipv6, Location: 中国, ISP: 中国移动, Date: None, Delay: -1 ms, Speed: 0.00 M/s, Resolution: None
Name: CCTV-3, URL: http://[2409:8087:1a01:df::4077]/ottrrs.hl.chinamobile.com/PLTV/88888888/224/3221226021/index.m3u8, From: subscribe, IPv_Type: ipv6, Location: 中国, ISP: 中国移动, Date: None, Delay: -1 ms, Speed: 0.00 M/s, Resolution: None
Name: CCTV-3, URL: http://[2409:8087:1a01:df::4041]:80/TVOD/88888888/224/3221225799/main.m3u8, From: subscribe, IPv_Type: ipv6, Location: 中国, ISP: 中国移动, Date: None, Delay: -1 ms, Speed: 0.00 M/s, Resolution: None
Name: CCTV-3, URL: http://b.xiongnas.top:8888/rtp/239.3.1.172:8001, From: subscribe, IPv_Type: ipv6, Location: 中国, ISP: 中国联通, Date: None, Delay: -1 ms, Speed: 0.00 M/s, Resolution: None
Name: CCTV-3, URL: http://iptv.cdn.ha.chinamobile.com/PLTV/88888888/224/3221227333/index.m3u8, From: subscribe, IPv_Type: ipv6, Location: 中国, ISP: 中国移动, Date: None, Delay: -1 ms, Speed: 0.00 M/s, Resolution: None
Name: CCTV-3, URL: https://www.freetv.top/migu/624878271.m3u8?migutoken=35ee1318e92e1d47aa4e9ad2f98c1ca771a9ca57db36d1e18c3a4fabedd68b40ee0c4c4724347e54708380241e58d714dde21dcbd0f2eff4373c9d9f7f1508646f22febd08f5c3a8c755f6ef1e, From: subscribe, IPv_Type: ipv6, Location: 美国-新泽西州-巴赛克, ISP: DigitalOcean, Date: None, Delay: -1 ms, Speed: 0.00 M/s, Resolution: None
Name: CCTV-3, URL: https://cc06.tv12.xyz/3.m3u8, From: subscribe, IPv_Type: ipv6, Location: 美国, ISP: CloudFlare Inc., Date: None, Delay: -1 ms, Speed: 0.00 M/s, Resolution: None
Name: CCTV-3, URL: http://zjzcf.synology.me:35455/gaoma/cctv3.m3u8, From: subscribe, IPv_Type: ipv6, Location: 中国, ISP: 中国移动, Date: None, Delay: -1 ms, Speed: 0.00 M/s, Resolution: None
Name: CCTV-3, URL: https://smart.pendy.dpdns.org/Smart.php?id=cctv3, From: subscribe, IPv_Type: ipv6, Location: 美国, ISP: CloudFlare Inc., Date: None, Delay: -1 ms, Speed: 0.00 M/s, Resolution: None
Name: CCTV-3, URL: https://jzb.wwkejishe.top/?id=580, From: subscribe, IPv_Type: ipv6, Location: 美国, ISP: CloudFlare Inc., Date: None, Delay: -1 ms, Speed: 0.00 M/s, Resolution: None
Name: CCTV-3, URL: https://iptv.catvod.com/live.php?id=CCTV3%E7%BB%BC%E8%89%BA, From: subscribe, IPv_Type: ipv6, Location: 美国, ISP: CloudFlare Inc., Date: None, Delay: -1 ms, Speed: 0.00 M/s, Resolution: None
Name: CCTV-3, URL: https://shyd.695847.xyz/cms001/ch00000090990000001186/index.m3u8?IASHttpSessionId=RR4967720251014100028031761&ispcode=12, From: subscribe, IPv_Type: ipv6, Location: 美国, ISP: CloudFlare Inc., Date: None, Delay: -1 ms, Speed: 0.00 M/s, Resolution: None
Name: CCTV-3, URL: https://live.chinacert.cftest5.cn/mg/?id=624878271, From: subscribe, IPv_Type: ipv6, Location: 中国, ISP: 中国电信, Date: None, Delay: -1 ms, Speed: 0.00 M/s, Resolution: None
Name: CCTV-3, URL: https://stream1.freetv.fun/33711cece64c9077907fa3caea452361f539772402550ca53ae2c9b00a3211b3.m3u8, From: subscribe, IPv_Type: ipv6, Location: 美国, ISP: CloudFlare Inc., Date: None, Delay: -1 ms, Speed: 0.00 M/s, Resolution: None
Name: CCTV-3, URL: http://www.freetv.top/migu/624878271.m3u8?migutoken=21306af96cf9259457600792df858b0d339bc7203aeb7e1a6ee6ec6ec3832a2736936029fe2583dcf971676870fdf0afbdee5be786e50af2ac6a8825673cc860d7988f44d0c5c4bc1931259698, From: subscribe, IPv_Type: ipv6, Location: 美国, ISP: Oracle Corporation, Date: None, Delay: -1 ms, Speed: 0.00 M/s, Resolution: None
Name: CCTV-3, URL: http://mgsp-zy2.live.miguvideo.com:8088/wd_r2/2018/ocn/cctv3hd/2000/index.m3u8?msisdn=e55e9ee71b42d2d7008a152c069625e3&mdspid=&spid=699004&netType=0&sid=5500212864&pid=2028597139&timestamp=20260216080220&Channel_ID=0116_2600034600-99000-201600010010028&ProgramID=624878271&ParentNodeID=-99&assertID=5500212864&client_ip=218.28.233.106&SecurityKey=20260216080220&promotionId=&mvid=5100001683&mcid=500020&playurlVersion=WX-A1-9.2.1-RELEASE&userid=&jmhm=&videocodec=h264&appCode=miguvideo_android&bean=mgspad&tid=android&conFee=0&encrypt=8a8318f26cf888d5c563fc9674610049&sv=10004&ct=android, From: subscribe, IPv_Type: ipv6, Location: 中国, ISP: 中国电信, Date: None, Delay: -1 ms, Speed: 0.00 M/s, Resolution: None
Name: CCTV-3, URL: http://mgsp-hs2.live.miguvideo.com:8088/wd_r2/2018/ocn/cctv3hd/2000/index.m3u8?msisdn=e55e9ee71b42d2d7008a152c069625e3&mdspid=&spid=699004&netType=0&sid=5500212864&pid=2028597139&timestamp=20260217084013&Channel_ID=0116_2600034600-99000-201600010010028&ProgramID=624878271&ParentNodeID=-99&assertID=5500212864&client_ip=218.28.233.106&SecurityKey=20260217084013&promotionId=&mvid=5100001683&mcid=500020&playurlVersion=WX-A1-9.2.1-RELEASE&userid=&jmhm=&videocodec=h264&appCode=miguvideo_android&bean=mgspad&tid=android&conFee=0&encrypt=80933c569cb72453b609de214a525e7d&sv=10004&ct=android, From: subscribe, IPv_Type: ipv6, Location: 中国, ISP: 中国联通, Date: None, Delay: -1 ms, Speed: 0.00 M/s, Resolution: None
Name: CCTV-3, URL: http://mgsp-yx2.live.miguvideo.com:8088/wd_r2/2018/ocn/cctv3hd/2000/index.m3u8?msisdn=2be6b2ec9fcf10d2c2457e2c710e172c&mdspid=&spid=699004&netType=0&sid=5500212864&pid=2028597139&timestamp=20260226080220&Channel_ID=0116_2600034600-99000-201600010010028&ProgramID=624878271&ParentNodeID=-99&assertID=5500212864&client_ip=218.28.233.106&SecurityKey=20260226080220&promotionId=&mvid=5100001683&mcid=500020&playurlVersion=WX-A1-9.2.1-RELEASE&userid=&jmhm=&videocodec=h264&appCode=miguvideo_android&bean=mgspad&tid=android&conFee=0&encrypt=34c717462ae204b9cc42eedec9c04f47&sv=10004&ct=android, From: subscribe, IPv_Type: ipv6, Location: 中国, ISP: 中国电信, Date: None, Delay: -1 ms, Speed: 0.00 M/s, Resolution: None
Name: CCTV-3, URL: https://t.freetv.fun/live/cctv3-5.php, From: subscribe, IPv_Type: ipv6, Location: 美国, ISP: CloudFlare Inc., Date: None, Delay: -1 ms, Speed: 0.00 M/s, Resolution: None
Name: CCTV-3, URL: https://shcm-stream-cf1.stream.264788.xyz/cms001/ch00000090990000001186/index.m3u8?streamid=bf8db09e1cc53a2b7ab59e4f4ed11a20&streamkey=06Au6xOXDlDEaaQWeYRemlansdBarTPFm8IxFwCXJdwI6lWmZxIaRqpzg2uUxbPvqfccdnVsBlbT9GvauX4LNyXBwcSKyryXh2jRfE6X0nxHozf2&token=1775845150-393eb1cab48579e2-0-8468bc202079d3e8e98db0ac5d526274, From: subscribe, IPv_Type: ipv4, Location: 美国, ISP: CloudFlare节点, Date: None, Delay: 1915 ms, Speed: 10.51 M/s, Resolution: 1920x1080
Name: CCTV-4, URL: http://gslbmgsplive.miguvideo.com/wd_r2/cctv/cctv4hd/600/index.m3u8?msisdn=20250907150030b9517e014ece46f4bdf145a211244dea&mdspid=&spid=699004&netType=0&sid=5500346947&pid=2028597139&timestamp=20250907150030&Channel_ID=0116_2600037000-99000-200300220100002&ProgramID=631780421&ParentNodeID=-99&assertID=5500346947&client_ip=106.13.250.89&SecurityKey=20250907150030&promotionId=&mvid=5101064235&mcid=500020&playurlVersion=WX-A1-8.8.1-RELEASE&userid=&jmhm=&videocodec=h264&bean=mgspad&tid=android&conFee=0&puData=a3c695fd99094fa40b55c8a8619fc3bd&ddCalcu=dab3v3cac6yf9a951f6d89a980c9545fba04&sv=10004&ct=android, From: subscribe, IPv_Type: ipv6, Location: 中国, ISP: 中国移动, Date: None, Delay: -1 ms, Speed: 0.00 M/s, Resolution: None
Name: CCTV-4, URL: http://n1.gzbody.com:85/rtp/239.77.1.163:5146, From: subscribe, IPv_Type: ipv6, Location: 中国, ISP: 中国电信, Date: None, Delay: -1 ms, Speed: 0.00 M/s, Resolution: None
Name: CCTV-4, URL: http://bailudz.top:1236/111/hahahaha.php, From: subscribe, IPv_Type: ipv6, Location: 中国, ISP: 中国电信, Date: None, Delay: -1 ms, Speed: 0.00 M/s, Resolution: None
Name: CCTV-4, URL: https://migu.188766.xyz/?migutoken=038e83651510978415aad6076515602b&id=CCTV4%E7%BE%8E%E6%B4%B2&type=yy, From: subscribe, IPv_Type: ipv6, Location: 美国, ISP: CloudFlare Inc., Date: None, Delay: -1 ms, Speed: 0.00 M/s, Resolution: None
Name: CCTV-4, URL: http://iptv.huuc.edu.cn/hls/cctv4hd.m3u8, From: subscribe, IPv_Type: ipv6, Location: 中国, ISP: 教育网, Date: None, Delay: -1 ms, Speed: 0.00 M/s, Resolution: None
Name: CCTV-4, URL: http://[2409:8087:1a15:10d1::38]/ottrrs.hl.chinamobile.com/PLTV/88888888/224/3221226428/index.m3u8, From: subscribe, IPv_Type: ipv6, Location: 中国, ISP: 中国移动, Date: None, Delay: -1 ms, Speed: 0.00 M/s, Resolution: None
Name: CCTV-4, URL: https://mgtv.ottiptv.cc/mg/631780421.m3u8?sign=6dea452fed78434f2d9591a3315a1a8c&tm=1757436314&token=1c1a39503ed77f612fd5a95436bf1d8003cd74fb26828d72e052506713798d06ba76a855042257379d369940d5b47e8f3a59efedce9a383a98a7982af5ba923ab7e8dc4988468306dd1a56c41b, From: subscribe, IPv_Type: ipv6, Location: 美国, ISP: Oracle Corporation, Date: None, Delay: -1 ms, Speed: 0.00 M/s, Resolution: None
Name: CCTV-4, URL: http://[2409:8087:8:21::18]:6610/otttv.bj.chinamobile.com/PLTV/88888888/224/3221226335/1.m3u8, From: subscribe, IPv_Type: ipv6, Location: 中国, ISP: 中国移动, Date: None, Delay: -1 ms, Speed: 0.00 M/s, Resolution: None
Name: CCTV-4, URL: http://[2409:8087:1a01:df::4077]/ottrrs.hl.chinamobile.com/PLTV/88888888/8/3221226007/index.m3u8, From: subscribe, IPv_Type: ipv6, Location: 中国, ISP: 中国移动, Date: None, Delay: -1 ms, Speed: 0.00 M/s, Resolution: None
Name: CCTV-4, URL: https://www.freetv.top/migu/631780421.m3u8?migutoken=fefc6a44400a0dd448699ae0ce3d6e2c5a0f49b8d48adb36e747c4fbab039337eb3244f9951acbddaf26b7bf51597a7d1b43c8845e67fd5914ece875dcad325bb388200bc0f12fdff727d03e2d, From: subscribe, IPv_Type: ipv6, Location: 美国, ISP: Oracle Corporation, Date: None, Delay: -1 ms, Speed: 0.00 M/s, Resolution: None
Name: CCTV-4, URL: http://b.xiongnas.top:8888/rtp/239.3.1.105:8092, From: subscribe, IPv_Type: ipv6, Location: 中国, ISP: 中国联通, Date: None, Delay: -1 ms, Speed: 0.00 M/s, Resolution: None
Name: CCTV-4, URL: http://www.freetv.top/migu/631780421.m3u8?migutoken=7acf39385ea80b0efa77b918418fcf998d00455e8b98e02dff92961440d989e3b7da00ef24731d327c410f2ef9ceb51e2137c20b2b606646542ce4643521747bf78b7533b3ec604bba63ffdf43, From: subscribe, IPv_Type: ipv6, Location: 美国, ISP: Oracle Corporation, Date: None, Delay: -1 ms, Speed: 0.00 M/s, Resolution: None
Name: CCTV-4, URL: https://cc06.tv12.xyz/4.m3u8, From: subscribe, IPv_Type: ipv6, Location: 美国, ISP: CloudFlare Inc., Date: None, Delay: -1 ms, Speed: 0.00 M/s, Resolution: None
Name: CCTV-4, URL: http://php.jdshipin.com:8880/bst2.php, From: subscribe, IPv_Type: ipv6, Location: 美国, ISP: CloudFlare Inc., Date: None, Delay: -1 ms, Speed: 0.00 M/s, Resolution: None
Name: CCTV-4, URL: http://jk55269942.myqnapcloud.com:4022/rtp/239.49.8.51:9806, From: subscribe, IPv_Type: ipv6, Location: 中国, ISP: 中国联通, Date: None, Delay: -1 ms, Speed: 0.00 M/s, Resolution: None
Name: CCTV-4, URL: http://zcb.myds.me:10001/rtp/239.49.8.51:9806, From: subscribe, IPv_Type: ipv6, Location: 中国, ISP: 中国电信, Date: None, Delay: -1 ms, Speed: 0.00 M/s, Resolution: None
Name: CCTV-4, URL: https://iptv.catvod.com/live.php?id=CCTV4%E6%AC%A7%E6%B4%B2, From: subscribe, IPv_Type: ipv6, Location: 美国, ISP: CloudFlare Inc., Date: None, Delay: -1 ms, Speed: 0.00 M/s, Resolution: None
Name: CCTV-4, URL: https://shyd.695847.xyz/cms001/ch00000090990000001221/index.m3u8?IASHttpSessionId=RR4967720251014100028031761&ispcode=12, From: subscribe, IPv_Type: ipv6, Location: 美国, ISP: CloudFlare Inc., Date: None, Delay: -1 ms, Speed: 0.00 M/s, Resolution: None
Name: CCTV-4, URL: https://live.chinacert.cftest5.cn/mg/?id=631780421, From: subscribe, IPv_Type: ipv6, Location: 中国, ISP: 中国电信, Date: None, Delay: -1 ms, Speed: 0.00 M/s, Resolution: None
Name: CCTV-4, URL: https://smart.pendy.dpdns.org/Smart.php?id=cctv4, From: subscribe, IPv_Type: ipv6, Location: 美国, ISP: CloudFlare Inc., Date: None, Delay: -1 ms, Speed: 0.00 M/s, Resolution: None
Name: CCTV-4, URL: https://stream1.freetv.fun/964a51445ff33a4d13e786b28b01992fa55022cfc28c81c5f24497d1131a5d18.m3u8, From: subscribe, IPv_Type: ipv6, Location: 美国, ISP: CloudFlare Inc., Date: None, Delay: -1 ms, Speed: 0.00 M/s, Resolution: None
Name: CCTV-4, URL: https://dash2.antik.sk/live/test_cctv_tizen/playlist.m3u8, From: subscribe, IPv_Type: ipv6, Location: 斯洛伐克, ISP: , Date: None, Delay: -1 ms, Speed: 0.00 M/s, Resolution: None
Name: CCTV-4, URL: http://mgsp-zy2.live.miguvideo.com:8088/migu/kailu/cctv4hd265/51/20191230/index.m3u8?msisdn=e55e9ee71b42d2d7008a152c069625e3&mdspid=&spid=699004&netType=0&sid=5500346947&pid=2028597139&timestamp=20260215080203&Channel_ID=0116_2600034600-99000-201600010010028&ProgramID=631780421&ParentNodeID=-99&assertID=5500346947&client_ip=218.28.233.106&SecurityKey=20260215080203&promotionId=&mvid=5101064235&mcid=500020&playurlVersion=WX-A1-9.2.1-RELEASE&userid=&jmhm=&videocodec=h265&appCode=miguvideo_android&bean=mgspad&tid=android&conFee=0&encrypt=2f34d8e1de5f0773dfca75c771d9411c&sv=10004&ct=android, From: subscribe, IPv_Type: ipv6, Location: 中国, ISP: 中国电信, Date: None, Delay: -1 ms, Speed: 0.00 M/s, Resolution: None
Name: CCTV-4, URL: http://mgsp-yx2.live.miguvideo.com:8088/migu/kailu/cctv4hd265/51/20191230/index.m3u8?msisdn=e55e9ee71b42d2d7008a152c069625e3&mdspid=&spid=699004&netType=0&sid=5500346947&pid=2028597139&timestamp=20260216080220&Channel_ID=0116_2600034600-99000-201600010010028&ProgramID=631780421&ParentNodeID=-99&assertID=5500346947&client_ip=218.28.233.106&SecurityKey=20260216080220&promotionId=&mvid=5101064235&mcid=500020&playurlVersion=WX-A1-9.2.1-RELEASE&userid=&jmhm=&videocodec=h265&appCode=miguvideo_android&bean=mgspad&tid=android&conFee=0&encrypt=3aeaadab9de49d392c86d9ad4d1934b9&sv=10004&ct=android, From: subscribe, IPv_Type: ipv6, Location: 中国, ISP: 中国电信, Date: None, Delay: -1 ms, Speed: 0.00 M/s, Resolution: None
Name: CCTV-4, URL: http://mgsp-hs2.live.miguvideo.com:8088/migu/kailu/cctv4hd265/51/20191230/index.m3u8?msisdn=2be6b2ec9fcf10d2c2457e2c710e172c&mdspid=&spid=699004&netType=0&sid=5500346947&pid=2028597139&timestamp=20260302080221&Channel_ID=0116_2600034600-99000-201600010010028&ProgramID=631780421&ParentNodeID=-99&assertID=5500346947&client_ip=218.28.233.106&SecurityKey=20260302080221&promotionId=&mvid=5101064235&mcid=500020&playurlVersion=WX-A1-9.2.1-RELEASE&userid=&jmhm=&videocodec=h265&appCode=miguvideo_android&bean=mgspad&tid=android&conFee=0&encrypt=d06f86d2c4a9ea514cbdce448f0533bd&sv=10004&ct=android, From: subscribe, IPv_Type: ipv6, Location: 中国, ISP: 中国联通, Date: None, Delay: -1 ms, Speed: 0.00 M/s, Resolution: None
Name: CCTV-4, URL: https://live.264788.xyz/channel/cctv4?streamid=6bb35f2f3c97693a24eea0b7469980a4&livekey=01WgOR41rriMmMkzNsd0UoaxJRwetZdxIvtVk, From: subscribe, IPv_Type: ipv4, Location: 美国, ISP: CloudFlare节点, Date: None, Delay: 276 ms, Speed: 22.67 M/s, Resolution: None
Name: CCTV-4, URL: http://198.204.228.26/live/cctv4hd.m3u8, From: subscribe, IPv_Type: ipv4, Location: 美国, ISP: , Date: None, Delay: 10542 ms, Speed: 0.14 M/s, Resolution: 1920x1080
Name: CCTV-5, URL: http://gslbmgsplive.miguvideo.com/wd_r2/cctv/cctv5hdnew/600/index.m3u8?msisdn=202509071500304393bc34678640dab3cbc4548b1f11f9&mdspid=&spid=699004&netType=0&sid=5500516171&pid=2028597139&timestamp=20250907150030&Channel_ID=0116_2600037000-99000-200300220100002&ProgramID=641886683&ParentNodeID=-99&assertID=5500516171&client_ip=106.13.250.89&SecurityKey=20250907150030&promotionId=&mvid=5102048712&mcid=500020&playurlVersion=WX-A1-8.8.1-RELEASE&userid=&jmhm=&videocodec=h264&bean=mgspad&tid=android&conFee=0&puData=9ff0f3443d3942f860e4d2e030e86f96&ddCalcu=699fvffa60w8fae3043403ed23d944e20f68&sv=10004&ct=android, From: subscribe, IPv_Type: ipv6, Location: 中国, ISP: 中国移动, Date: None, Delay: -1 ms, Speed: 0.00 M/s, Resolution: None
Name: CCTV-5, URL: http://n1.gzbody.com:85/rtp/239.77.0.170:5146, From: subscribe, IPv_Type: ipv6, Location: 中国, ISP: 中国电信, Date: None, Delay: -1 ms, Speed: 0.00 M/s, Resolution: None
Name: CCTV-5, URL: http://bailudz.top:1236/111/hahahaha.php, From: subscribe, IPv_Type: ipv6, Location: 中国, ISP: 中国电信, Date: None, Delay: -1 ms, Speed: 0.00 M/s, Resolution: None
Name: CCTV-5, URL: https://migu.188766.xyz/?migutoken=cb0f8831891e7463c6bbf594fc83f39e&id=CCTV5&type=yy, From: subscribe, IPv_Type: ipv6, Location: 美国, ISP: CloudFlare Inc., Date: None, Delay: -1 ms, Speed: 0.00 M/s, Resolution: None
Name: CCTV-5, URL: http://iptv.huuc.edu.cn/hls/cctv5hd.m3u8, From: subscribe, IPv_Type: ipv6, Location: 中国, ISP: 教育网, Date: None, Delay: -1 ms, Speed: 0.00 M/s, Resolution: None
Name: CCTV-5, URL: http://[2409:8087:1a15:10d1::39]/ottrrs.hl.chinamobile.com/PLTV/88888888/224/3221226019/index.m3u8, From: subscribe, IPv_Type: ipv6, Location: 中国, ISP: 中国移动, Date: None, Delay: -1 ms, Speed: 0.00 M/s, Resolution: None
Name: CCTV-5, URL: https://www.freetv.top/migu/641886683.m3u8?migutoken=3e5c01f93922de8d1c940fe15bb47349b27e8f7a2e624dde1a83dff3b2a80f58b7624151a3a4d00488edee34f202818557340903382fae02bb754084eb942bd50e59061df36fab62fb5b908903, From: subscribe, IPv_Type: ipv6, Location: 美国, ISP: Oracle Corporation, Date: None, Delay: -1 ms, Speed: 0.00 M/s, Resolution: None
Name: CCTV-5, URL: https://smart.pendy.dpdns.org/Smart.php?id=cctv5, From: subscribe, IPv_Type: ipv6, Location: 美国, ISP: CloudFlare Inc., Date: None, Delay: -1 ms, Speed: 0.00 M/s, Resolution: None
Name: CCTV-5, URL: https://ldcctvwbcdks.v.kcdnvip.com/ldcctvwbcd/cdrmldcctv5plus_1/index.m3u8?b=200-2100, From: subscribe, IPv_Type: ipv6, Location: 中国, ISP: 中国电信, Date: None, Delay: -1 ms, Speed: 0.00 M/s, Resolution: None
Name: CCTV-5, URL: http://[2409:8087:1a01:df::4077]:80/ottrrs.hl.chinamobile.com/yinhe/88888888/224/3221226019/index.m3u8, From: subscribe, IPv_Type: ipv6, Location: 中国, ISP: 中国移动, Date: None, Delay: -1 ms, Speed: 0.00 M/s, Resolution: None
Name: CCTV-5, URL: http://[2409:8087:1a0a:df::404b]/ottrrs.hl.chinamobile.com/TVOD/88888888/224/3221226019/index.m3u8, From: subscribe, IPv_Type: ipv6, Location: 中国, ISP: 中国移动, Date: None, Delay: -1 ms, Speed: 0.00 M/s, Resolution: None
Name: CCTV-5, URL: http://www.freetv.top/migu/641886683.m3u8?migutoken=cea30189b17e30fb3b4876609eb6e3128f840f8ab5db6f9643403213dc9980613938be69b13fe0290d2c44f0052b78d90c669a2f92e28951f92da861b7cba070b55ec1b4fe1a92a2c133c43c4c, From: subscribe, IPv_Type: ipv6, Location: 美国, ISP: Oracle Corporation, Date: None, Delay: -1 ms, Speed: 0.00 M/s, Resolution: None
Name: CCTV-5, URL: http://yc.myds.me:35455/gaoma/cctv5.m3u8, From: subscribe, IPv_Type: ipv6, Location: 中国, ISP: 中国电信, Date: None, Delay: -1 ms, Speed: 0.00 M/s, Resolution: None
Name: CCTV-5, URL: https://mgtv.ottiptv.cc/mg/641886683.m3u8?sign=5388933f15d04709bf12881dd6f003a6&tm=1757436314&token=1057a88b7b8cdd42e09c04dbf5f5160f4e8e2b3caa86d6fa19a0733995578e54c02187b5c83ccc9b76711184574d4d3173197a16fb00fa71fb1b05e0d57ca1ff659a878a162c39246473db0a78, From: subscribe, IPv_Type: ipv6, Location: 美国, ISP: Oracle Corporation, Date: None, Delay: -1 ms, Speed: 0.00 M/s, Resolution: None
Name: CCTV-5, URL: http://[2409:8087:8:21::18]:6610/otttv.bj.chinamobile.com/PLTV/88888888/224/3221226469/1.m3u8, From: subscribe, IPv_Type: ipv6, Location: 中国, ISP: 中国移动, Date: None, Delay: -1 ms, Speed: 0.00 M/s, Resolution: None
Name: CCTV-5, URL: http://b.xiongnas.top:8888/rtp/239.3.1.173:8001, From: subscribe, IPv_Type: ipv6, Location: 中国, ISP: 中国联通, Date: None, Delay: -1 ms, Speed: 0.00 M/s, Resolution: None
Name: CCTV-5, URL: http://nas.suntao.online:35455/itv/1000000005000265005.m3u8?cdn=ystenlive, From: subscribe, IPv_Type: ipv6, Location: 中国, ISP: 中国联通, Date: None, Delay: -1 ms, Speed: 0.00 M/s, Resolution: None
Name: CCTV-5, URL: https://cc06.tv12.xyz/5.m3u8, From: subscribe, IPv_Type: ipv6, Location: 美国, ISP: CloudFlare Inc., Date: None, Delay: -1 ms, Speed: 0.00 M/s, Resolution: None
Name: CCTV-5, URL: https://jzb.wwkejishe.top/?id=582, From: subscribe, IPv_Type: ipv6, Location: 美国, ISP: CloudFlare Inc., Date: None, Delay: -1 ms, Speed: 0.00 M/s, Resolution: None
Name: CCTV-5, URL: https://zby.130519.xyz/PLTV/11/224/3221226146/index.m3u8, From: subscribe, IPv_Type: ipv6, Location: 美国, ISP: CloudFlare Inc., Date: None, Delay: -1 ms, Speed: 0.00 M/s, Resolution: None
Name: CCTV-5, URL: http://jk55269942.myqnapcloud.com:4022/rtp/239.49.8.75:8000, From: subscribe, IPv_Type: ipv6, Location: 中国, ISP: 中国联通, Date: None, Delay: -1 ms, Speed: 0.00 M/s, Resolution: None
Name: CCTV-5, URL: http://zcb.myds.me:10001/rtp/239.49.8.75:8000, From: subscribe, IPv_Type: ipv6, Location: 中国, ISP: 中国电信, Date: None, Delay: -1 ms, Speed: 0.00 M/s, Resolution: None
Name: CCTV-5, URL: https://iptv.catvod.com/live.php?id=CCTV5%E4%BD%93%E8%82%B2, From: subscribe, IPv_Type: ipv6, Location: 美国, ISP: CloudFlare Inc., Date: None, Delay: -1 ms, Speed: 0.00 M/s, Resolution: None
Name: CCTV-5, URL: https://shyd.695847.xyz/cms001/ch00000090990000001187/index.m3u8?IASHttpSessionId=RR4967720251014100028031761&ispcode=12, From: subscribe, IPv_Type: ipv6, Location: 美国, ISP: CloudFlare Inc., Date: None, Delay: -1 ms, Speed: 0.00 M/s, Resolution: None
Name: CCTV-5, URL: https://live.chinacert.cftest5.cn/mg/?id=641886683, From: subscribe, IPv_Type: ipv6, Location: 中国, ISP: 中国电信, Date: None, Delay: -1 ms, Speed: 0.00 M/s, Resolution: None
Name: CCTV-5, URL: http://tvgslb.hn.chinamobile.com:8089/180000001002/00000001000000000099000000197689/main.m3u8?stbid=, From: subscribe, IPv_Type: ipv6, Location: 中国, ISP: 中国移动, Date: None, Delay: -1 ms, Speed: 0.00 M/s, Resolution: None
Name: CCTV-5, URL: http://hwottcdn.ln.chinamobile.com/PLTV/11/224/3221227218/index.m3u8, From: subscribe, IPv_Type: ipv6, Location: 中国, ISP: 中国移动, Date: None, Delay: -1 ms, Speed: 0.00 M/s, Resolution: None
Name: CCTV-5, URL: http://ott.mobaibox.com/PLTV/3/224/3221228502/index.m3u8, From: subscribe, IPv_Type: ipv6, Location: 中国, ISP: 中国移动, Date: None, Delay: -1 ms, Speed: 0.00 M/s, Resolution: None
Name: CCTV-5, URL: http://hwltc.tv.cdn.zj.chinamobile.com/PLTV/88888888/224/3221236444/index.m3u8, From: subscribe, IPv_Type: ipv6, Location: 中国, ISP: 中国移动, Date: None, Delay: -1 ms, Speed: 0.00 M/s, Resolution: None
Name: CCTV-5, URL: http://rrs01.hw.gmcc.net:8088/PLTV/81/224/3221226731/1.m3u8, From: subscribe, IPv_Type: ipv6, Location: 中国, ISP: 中国移动, Date: None, Delay: -1 ms, Speed: 0.00 M/s, Resolution: None
Name: CCTV-5, URL: http://k.061899.xyz/k.php?id=cctv5, From: subscribe, IPv_Type: ipv6, Location: 新加坡, ISP: Aceville Pte.Ltd., Date: None, Delay: -1 ms, Speed: 0.00 M/s, Resolution: None
Name: CCTV-5, URL: https://live.catvod.com/live.php?id=cctv5, From: subscribe, IPv_Type: ipv6, Location: 美国, ISP: CloudFlare Inc., Date: None, Delay: -1 ms, Speed: 0.00 M/s, Resolution: None
Name: CCTV-5, URL: http://mgsp-yx2.live.miguvideo.com:8088/migu/kailu/cctv5hd265/51/20191230/index.m3u8?msisdn=e55e9ee71b42d2d7008a152c069625e3&mdspid=&spid=699004&netType=0&sid=5500516171&pid=2028597139&timestamp=20260215080203&Channel_ID=0116_2600034600-99000-201600010010028&ProgramID=641886683&ParentNodeID=-99&assertID=5500516171&client_ip=218.28.233.106&SecurityKey=20260215080203&promotionId=&mvid=5102048712&mcid=500020&playurlVersion=WX-A1-9.2.1-RELEASE&userid=&jmhm=&videocodec=h265&appCode=miguvideo_android&bean=mgspad&tid=android&conFee=0&encrypt=802e927eb8b7fc80b895d079be04b957&sv=10004&ct=android, From: subscribe, IPv_Type: ipv6, Location: 中国, ISP: 中国电信, Date: None, Delay: -1 ms, Speed: 0.00 M/s, Resolution: None
Name: CCTV-5, URL: http://mgsp-tx2.live.miguvideo.com:8088/migu/kailu/cctv5hd265/51/20191230/index.m3u8?msisdn=e55e9ee71b42d2d7008a152c069625e3&mdspid=&spid=699004&netType=0&sid=5500516171&pid=2028597139&timestamp=20260217084014&Channel_ID=0116_2600034600-99000-201600010010028&ProgramID=641886683&ParentNodeID=-99&assertID=5500516171&client_ip=218.28.233.106&SecurityKey=20260217084014&promotionId=&mvid=5102048712&mcid=500020&playurlVersion=WX-A1-9.2.1-RELEASE&userid=&jmhm=&videocodec=h265&appCode=miguvideo_android&bean=mgspad&tid=android&conFee=0&encrypt=215da25e6e2c9779b528c1c43e481b98&sv=10004&ct=android, From: subscribe, IPv_Type: ipv6, Location: 中国, ISP: 中国联通, Date: None, Delay: -1 ms, Speed: 0.00 M/s, Resolution: None
Name: CCTV-5, URL: http://mgsp-zy2.live.miguvideo.com:8088/migu/kailu/cctv5hd265/51/20191230/index.m3u8?msisdn=2be6b2ec9fcf10d2c2457e2c710e172c&mdspid=&spid=699004&netType=0&sid=5500516171&pid=2028597139&timestamp=20260226080220&Channel_ID=0116_2600034600-99000-201600010010028&ProgramID=641886683&ParentNodeID=-99&assertID=5500516171&client_ip=218.28.233.106&SecurityKey=20260226080220&promotionId=&mvid=5102048712&mcid=500020&playurlVersion=WX-A1-9.2.1-RELEASE&userid=&jmhm=&videocodec=h265&appCode=miguvideo_android&bean=mgspad&tid=android&conFee=0&encrypt=38e6416edf59dc08fd3e8126155a26be&sv=10004&ct=android, From: subscribe, IPv_Type: ipv6, Location: 中国, ISP: 中国电信, Date: None, Delay: -1 ms, Speed: 0.00 M/s, Resolution: None
Name: CCTV-5, URL: http://mgsp-ws2.live.miguvideo.com:8088/migu/kailu/cctv5hd265/51/20191230/index.m3u8?msisdn=2be6b2ec9fcf10d2c2457e2c710e172c&mdspid=&spid=699004&netType=0&sid=5500516171&pid=2028597139&timestamp=20260302080221&Channel_ID=0116_2600034600-99000-201600010010028&ProgramID=641886683&ParentNodeID=-99&assertID=5500516171&client_ip=218.28.233.106&SecurityKey=20260302080221&promotionId=&mvid=5102048712&mcid=500020&playurlVersion=WX-A1-9.2.1-RELEASE&userid=&jmhm=&videocodec=h265&appCode=miguvideo_android&bean=mgspad&tid=android&conFee=0&encrypt=7f55363e6cabc28ad4598a55b8ecedfc&sv=10004&ct=android, From: subscribe, IPv_Type: ipv6, Location: 加拿大, ISP: , Date: None, Delay: -1 ms, Speed: 0.00 M/s, Resolution: None
Name: CCTV-5, URL: https://t.freetv.fun/live/cctv5-5.php, From: subscribe, IPv_Type: ipv6, Location: 美国, ISP: CloudFlare Inc., Date: None, Delay: -1 ms, Speed: 0.00 M/s, Resolution: None
Name: CCTV-5, URL: https://live.264788.xyz/channel/cctv5?streamid=188da934b8ba25977f0ac6a59478a16b&livekey=01WgOR41rriMmMkzNsd0UoaxJRwetZdxIvtVk, From: subscribe, IPv_Type: ipv4, Location: 美国, ISP: CloudFlare节点, Date: None, Delay: 1404 ms, Speed: 20.54 M/s, Resolution: 1920x1080
Name: CCTV-5+, URL: http://gslbmgsplive.miguvideo.com/wd_r2/cctv/cctv5plusnew/600/index.m3u8?msisdn=202509071500300e14687897f041de83fa1255cb718039&mdspid=&spid=699004&netType=0&sid=5500516288&pid=2028597139&timestamp=20250907150030&Channel_ID=0116_2600037000-99000-200300220100002&ProgramID=641886773&ParentNodeID=-99&assertID=5500516288&client_ip=106.13.250.89&SecurityKey=20250907150030&promotionId=&mvid=5102048803&mcid=500020&playurlVersion=WX-A1-8.8.1-RELEASE&userid=&jmhm=&videocodec=h264&bean=mgspad&tid=android&conFee=0&puData=b2308f0d1c5a849d06c21973f9c2530d&ddCalcu=db02v33a50x28acf90fd317c951a28c4690d&sv=10004&ct=android, From: subscribe, IPv_Type: ipv6, Location: 中国, ISP: 中国移动, Date: None, Delay: -1 ms, Speed: 0.00 M/s, Resolution: None
Name: CCTV-5+, URL: http://n1.gzbody.com:85/rtp/239.77.1.31:5146, From: subscribe, IPv_Type: ipv6, Location: 中国, ISP: 中国电信, Date: None, Delay: -1 ms, Speed: 0.00 M/s, Resolution: None
Name: CCTV-5+, URL: http://bailudz.top:1236/111/hahahaha.php, From: subscribe, IPv_Type: ipv6, Location: 中国, ISP: 中国电信, Date: None, Delay: -1 ms, Speed: 0.00 M/s, Resolution: None
Name: CCTV-5+, URL: https://migu.188766.xyz/?migutoken=28a852d7ffcb5f5b43b1d944afd198eb&id=CCTV5p&pp=1, From: subscribe, IPv_Type: ipv6, Location: 美国, ISP: CloudFlare Inc., Date: None, Delay: -1 ms, Speed: 0.00 M/s, Resolution: None
Name: CCTV-5+, URL: http://[2409:8087:1a15:10d1::37]/ottrrs.hl.chinamobile.com/PLTV/88888888/224/3221225603/index.m3u8, From: subscribe, IPv_Type: ipv6, Location: 中国, ISP: 中国移动, Date: None, Delay: -1 ms, Speed: 0.00 M/s, Resolution: None
Name: CCTV-5+, URL: https://www.freetv.top/migu/641886773.m3u8?migutoken=03a1b82e35e58cd89a95034ecb29e77e50493397000ec2b1e4d1ce59af01e6420d6dbc068c8230ec03be3a35a20eed8714e0959e3570a08713a7a2e8d86085eabf8f1aa85744c80c38343988b2, From: subscribe, IPv_Type: ipv6, Location: 美国, ISP: Oracle Corporation, Date: None, Delay: -1 ms, Speed: 0.00 M/s, Resolution: None
Name: CCTV-5+, URL: http://[2409:8087:1a01:df::4077]:80/ottrrs.hl.chinamobile.com/yinhe/88888888/224/3221225603/index.m3u8, From: subscribe, IPv_Type: ipv6, Location: 中国, ISP: 中国移动, Date: None, Delay: -1 ms, Speed: 0.00 M/s, Resolution: None
Name: CCTV-5+, URL: https://smart.pendy.dpdns.org/Smart.php?id=cctv5plus, From: subscribe, IPv_Type: ipv6, Location: 美国, ISP: CloudFlare Inc., Date: None, Delay: -1 ms, Speed: 0.00 M/s, Resolution: None
Name: CCTV-5+, URL: http://[2409:8087:1a0a:df::404b]/ottrrs.hl.chinamobile.com/TVOD/88888888/224/3221225603/index.m3u8, From: subscribe, IPv_Type: ipv6, Location: 中国, ISP: 中国移动, Date: None, Delay: -1 ms, Speed: 0.00 M/s, Resolution: None
Name: CCTV-5+, URL: http://[2409:8087:8:21::18]:6610/otttv.bj.chinamobile.com/PLTV/88888888/224/3221226349/1.m3u8, From: subscribe, IPv_Type: ipv6, Location: 中国, ISP: 中国移动, Date: None, Delay: -1 ms, Speed: 0.00 M/s, Resolution: None
Name: CCTV-5+, URL: http://iptv.cdn.ha.chinamobile.com/PLTV/88888888/224/3221227348/index.m3u8, From: subscribe, IPv_Type: ipv6, Location: 中国, ISP: 中国移动, Date: None, Delay: -1 ms, Speed: 0.00 M/s, Resolution: None
Name: CCTV-5+, URL: http://yc.myds.me:35455/gaoma/cctv5p.m3u8, From: subscribe, IPv_Type: ipv6, Location: 中国, ISP: 中国电信, Date: None, Delay: -1 ms, Speed: 0.00 M/s, Resolution: None
Name: CCTV-5+, URL: http://nas.suntao.online:35455/itv/6000000001000015875.m3u8?cdn=wasusyt, From: subscribe, IPv_Type: ipv6, Location: 中国, ISP: 中国联通, Date: None, Delay: -1 ms, Speed: 0.00 M/s, Resolution: None
Name: CCTV-5+, URL: http://hwrr.jx.chinamobile.com:8080/PLTV/88888888/224/3221225649/index.m3u8, From: subscribe, IPv_Type: ipv6, Location: 中国, ISP: 中国移动, Date: None, Delay: -1 ms, Speed: 0.00 M/s, Resolution: None
Name: CCTV-5+, URL: https://hls-gateway.vpstv.net/streams/476888.m3u8, From: subscribe, IPv_Type: ipv6, Location: 美国, ISP: CloudFlare Inc., Date: None, Delay: -1 ms, Speed: 0.00 M/s, Resolution: None
Name: CCTV-5+, URL: https://cc06.tv12.xyz/6.m3u8, From: subscribe, IPv_Type: ipv6, Location: 美国, ISP: CloudFlare Inc., Date: None, Delay: -1 ms, Speed: 0.00 M/s, Resolution: None
Name: CCTV-5+, URL: https://jzb.wwkejishe.top/?id=583, From: subscribe, IPv_Type: ipv6, Location: 美国, ISP: CloudFlare Inc., Date: None, Delay: -1 ms, Speed: 0.00 M/s, Resolution: None
Name: CCTV-5+, URL: https://stream1.freetv.fun/88ee08d5c5e75e963f46cba8142888798dde687981709eda707a0b192da8ad4d.ctv, From: subscribe, IPv_Type: ipv6, Location: 美国, ISP: CloudFlare Inc., Date: None, Delay: -1 ms, Speed: 0.00 M/s, Resolution: None
Name: CCTV-5+, URL: https://iptv.catvod.com/live.php?id=CCTV5%2B%E4%BD%93%E8%82%B2%E8%B5%9B%E4%BA%8B, From: subscribe, IPv_Type: ipv6, Location: 美国, ISP: CloudFlare Inc., Date: None, Delay: -1 ms, Speed: 0.00 M/s, Resolution: None
Name: CCTV-5+, URL: https://live.chinacert.cftest5.cn/mg/?id=641886773, From: subscribe, IPv_Type: ipv6, Location: 中国, ISP: 中国电信, Date: None, Delay: -1 ms, Speed: 0.00 M/s, Resolution: None
Name: CCTV-5+, URL: https://t.freetv.fun/live/cctv5-plus.php, From: subscribe, IPv_Type: ipv6, Location: 美国, ISP: CloudFlare Inc., Date: None, Delay: -1 ms, Speed: 0.00 M/s, Resolution: None
Name: CCTV-5+, URL: http://mgsp-yx2.live.miguvideo.com:8088/wd_r2/cctv/cctv5plusnew/1200/index.m3u8?msisdn=2be6b2ec9fcf10d2c2457e2c710e172c&mdspid=&spid=699004&netType=0&sid=5500516288&pid=2028597139&timestamp=20260225080204&Channel_ID=0116_2600034600-99000-201600010010028&ProgramID=641886773&ParentNodeID=-99&assertID=5500516288&client_ip=218.28.233.106&SecurityKey=20260225080204&promotionId=&mvid=5102048803&mcid=500020&playurlVersion=WX-A1-9.2.1-RELEASE&userid=&jmhm=&videocodec=h264&appCode=miguvideo_android&bean=mgspad&tid=android&conFee=0&encrypt=79c09b0be62466ce7b8f5f168e077b8e&sv=10004&ct=android, From: subscribe, IPv_Type: ipv6, Location: 中国, ISP: 中国电信, Date: None, Delay: -1 ms, Speed: 0.00 M/s, Resolution: None
Name: CCTV-5+, URL: http://mgsp-zy2.live.miguvideo.com:8088/wd_r2/cctv/cctv5plusnew/1200/index.m3u8?msisdn=2be6b2ec9fcf10d2c2457e2c710e172c&mdspid=&spid=699004&netType=0&sid=5500516288&pid=2028597139&timestamp=20260226080220&Channel_ID=0116_2600034600-99000-201600010010028&ProgramID=641886773&ParentNodeID=-99&assertID=5500516288&client_ip=218.28.233.106&SecurityKey=20260226080220&promotionId=&mvid=5102048803&mcid=500020&playurlVersion=WX-A1-9.2.1-RELEASE&userid=&jmhm=&videocodec=h264&appCode=miguvideo_android&bean=mgspad&tid=android&conFee=0&encrypt=055b92380b2b36535491bd74cfda425b&sv=10004&ct=android, From: subscribe, IPv_Type: ipv6, Location: 中国, ISP: 中国电信, Date: None, Delay: -1 ms, Speed: 0.00 M/s, Resolution: None
Name: CCTV-5+, URL: http://mgsp-hs2.live.miguvideo.com:8088/wd_r2/cctv/cctv5plusnew/1200/index.m3u8?msisdn=2be6b2ec9fcf10d2c2457e2c710e172c&mdspid=&spid=699004&netType=0&sid=5500516288&pid=2028597139&timestamp=20260303080204&Channel_ID=0116_2600034600-99000-201600010010028&ProgramID=641886773&ParentNodeID=-99&assertID=5500516288&client_ip=218.28.233.106&SecurityKey=20260303080204&promotionId=&mvid=5102048803&mcid=500020&playurlVersion=WX-A1-9.2.2-RELEASE&userid=&jmhm=&videocodec=h264&appCode=miguvideo_android&bean=mgspad&tid=android&conFee=0&encrypt=47c21ed34e7f8c9797af5f4018120f9b&sv=10004&ct=android, From: subscribe, IPv_Type: ipv6, Location: 中国, ISP: 中国联通, Date: None, Delay: -1 ms, Speed: 0.00 M/s, Resolution: None
Name: CCTV-5+, URL: http://pull-hls-f11.douyincdn.com/media/stream-695683248583869106.m3u8?expire=1777165232&major_anchor_level=common&sign=e4826f080fc30330df977960c756df20&t_id=037-20260419090031CD4FC3EEDAF091B84E06-fJv9eS, From: subscribe, IPv_Type: ipv6, Location: 中国, ISP: 中国联通, Date: None, Delay: -1 ms, Speed: 0.00 M/s, Resolution: None
Name: CCTV-6, URL: http://gslbmgsplive.miguvideo.com/wd_r2/2018/ocn/cctv6hd/1000/index.m3u8?msisdn=2025090715003007b2ab0491f84e1faf6f6acaf1338c46&mdspid=&spid=699004&netType=0&sid=5500212872&pid=2028597139&timestamp=20250907150030&Channel_ID=0116_2600037000-99000-200300220100002&ProgramID=624878396&ParentNodeID=-99&assertID=5500212872&client_ip=106.13.250.89&SecurityKey=20250907150030&promotionId=&mvid=5100001694&mcid=500020&playurlVersion=WX-A1-8.8.1-RELEASE&userid=&jmhm=&videocodec=h264&bean=mgspad&tid=android&conFee=0&puData=28db20d038724ac6c79879548c95730e&ddCalcu=e208v3da7bb52a90cd8043589772849a7cc6&sv=10004&ct=android, From: subscribe, IPv_Type: ipv6, Location: 中国, ISP: 中国移动, Date: None, Delay: -1 ms, Speed: 0.00 M/s, Resolution: None
Name: CCTV-6, URL: http://n1.gzbody.com:85/rtp/239.77.0.171:5146, From: subscribe, IPv_Type: ipv6, Location: 中国, ISP: 中国电信, Date: None, Delay: -1 ms, Speed: 0.00 M/s, Resolution: None
Name: CCTV-6, URL: http://bailudz.top:1236/111/hahahaha.php, From: subscribe, IPv_Type: ipv6, Location: 中国, ISP: 中国电信, Date: None, Delay: -1 ms, Speed: 0.00 M/s, Resolution: None
Name: CCTV-6, URL: https://migu.188766.xyz/?migutoken=a5c88255b66b3d21b916d44f61fcfef1&id=CCTV6&pp=1, From: subscribe, IPv_Type: ipv6, Location: 美国, ISP: CloudFlare Inc., Date: None, Delay: -1 ms, Speed: 0.00 M/s, Resolution: None
Name: CCTV-6, URL: http://iptv.huuc.edu.cn/hls/cctv6hd.m3u8, From: subscribe, IPv_Type: ipv6, Location: 中国, ISP: 教育网, Date: None, Delay: -1 ms, Speed: 0.00 M/s, Resolution: None
Name: CCTV-6, URL: http://[2409:8087:1a15:10d1::34]/ottrrs.hl.chinamobile.com/PLTV/88888888/224/3221226010/index.m3u8, From: subscribe, IPv_Type: ipv6, Location: 中国, ISP: 中国移动, Date: None, Delay: -1 ms, Speed: 0.00 M/s, Resolution: None
Name: CCTV-6, URL: http://[2409:8087:8:21::18]:6610/otttv.bj.chinamobile.com/PLTV/88888888/224/3221226468/1.m3u8, From: subscribe, IPv_Type: ipv6, Location: 中国, ISP: 中国移动, Date: None, Delay: -1 ms, Speed: 0.00 M/s, Resolution: None
Name: CCTV-6, URL: http://[2409:8087:1a01:df::4077]/ottrrs.hl.chinamobile.com/PLTV/88888888/224/3221226010/1.m3u8?icpid=88888888&from=1&hms_devid=1012&vqe=3, From: subscribe, IPv_Type: ipv6, Location: 中国, ISP: 中国移动, Date: None, Delay: -1 ms, Speed: 0.00 M/s, Resolution: None
Name: CCTV-6, URL: https://www.freetv.top/migu/624878396.m3u8?migutoken=ee6c3d925888b2938ca61a2c94d84986ff15ec0fedd3e1e35bcf4ffada20fbeead007033b33efc350632bb959d9bee9da36bac91ec304513f63032fb12e8f570416fc533ede1c4ef94197eb07c, From: subscribe, IPv_Type: ipv6, Location: 美国, ISP: Oracle Corporation, Date: None, Delay: -1 ms, Speed: 0.00 M/s, Resolution: None
Name: CCTV-6, URL: http://www.freetv.top/migu/624878396.m3u8?migutoken=3adcad950884d4ecc6c6967edee9c162189a1e09480eb5c29b369864aeedaed43c3f951d7eb6c32d86baac49792aacb3264b8f074e746477064fd7b1f172f00a9d84373825617d4366e8c54f0c, From: subscribe, IPv_Type: ipv6, Location: 美国, ISP: Oracle Corporation, Date: None, Delay: -1 ms, Speed: 0.00 M/s, Resolution: None
Name: CCTV-6, URL: http://b.xiongnas.top:8888/rtp/239.3.1.174:8001, From: subscribe, IPv_Type: ipv6, Location: 中国, ISP: 中国联通, Date: None, Delay: -1 ms, Speed: 0.00 M/s, Resolution: None
Name: CCTV-6, URL: http://iptv.cdn.ha.chinamobile.com/PLTV/88888888/224/3221227325/index.m3u8, From: subscribe, IPv_Type: ipv6, Location: 中国, ISP: 中国移动, Date: None, Delay: -1 ms, Speed: 0.00 M/s, Resolution: None
Name: CCTV-6, URL: https://cc06.tv12.xyz/7.m3u8, From: subscribe, IPv_Type: ipv6, Location: 美国, ISP: CloudFlare Inc., Date: None, Delay: -1 ms, Speed: 0.00 M/s, Resolution: None
Name: CCTV-6, URL: http://zjzcf.synology.me:35455/bptv/10000100000000050000000003870749.m3u8, From: subscribe, IPv_Type: ipv6, Location: 中国, ISP: 中国移动, Date: None, Delay: -1 ms, Speed: 0.00 M/s, Resolution: None
Name: CCTV-6, URL: https://smart.pendy.dpdns.org/Smart.php?id=cctv6, From: subscribe, IPv_Type: ipv6, Location: 美国, ISP: CloudFlare Inc., Date: None, Delay: -1 ms, Speed: 0.00 M/s, Resolution: None
Name: CCTV-6, URL: https://jzb.wwkejishe.top/?id=584, From: subscribe, IPv_Type: ipv6, Location: 美国, ISP: CloudFlare Inc., Date: None, Delay: -1 ms, Speed: 0.00 M/s, Resolution: None
Name: CCTV-6, URL: https://iptv.catvod.com/live.php?id=CCTV6%E7%94%B5%E5%BD%B1, From: subscribe, IPv_Type: ipv6, Location: 美国, ISP: CloudFlare Inc., Date: None, Delay: -1 ms, Speed: 0.00 M/s, Resolution: None
Name: CCTV-6, URL: https://shyd.695847.xyz/cms001/ch00000090990000001188/index.m3u8?IASHttpSessionId=RR4967720251014100028031761&ispcode=12, From: subscribe, IPv_Type: ipv6, Location: 美国, ISP: CloudFlare Inc., Date: None, Delay: -1 ms, Speed: 0.00 M/s, Resolution: None
Name: CCTV-6, URL: https://live.chinacert.cftest5.cn/mg/?id=624878396, From: subscribe, IPv_Type: ipv6, Location: 中国, ISP: 中国电信, Date: None, Delay: -1 ms, Speed: 0.00 M/s, Resolution: None
Name: CCTV-6, URL: https://stream1.freetv.fun/7bbfe5fb8392af3f4ffdc18217c886d0937de05315ed7980dc17d9578d4411ac.m3u8, From: subscribe, IPv_Type: ipv6, Location: 美国, ISP: CloudFlare Inc., Date: None, Delay: -1 ms, Speed: 0.00 M/s, Resolution: None
Name: CCTV-6, URL: https://epg.pw/stream/753fe6b20478c17a39f0c17d3c8d98a74cd5890a6e40f4ce011380f2dd185285.m3u8, From: subscribe, IPv_Type: ipv6, Location: 美国, ISP: CloudFlare Inc., Date: None, Delay: -1 ms, Speed: 0.00 M/s, Resolution: None
Name: CCTV-6, URL: http://pull-hs-f5.flive.douyincdn.com/media/stream-695136636620505772/index.m3u8?arch_hrchy=w1&exp_hrchy=w1&expire=1769036350&major_anchor_level=common&sign=885e193653aa0618ba5e6cc9642df55e&t_id=037-20260115065909EE0FD10FEE16A7461774-rUFdkF&volcSecret=885e193653aa0618ba5e6cc9642df55e&volcTime=1769036350, From: subscribe, IPv_Type: ipv6, Location: 澳大利亚-新南威尔士州-大悉尼, ISP: Linode, Date: None, Delay: -1 ms, Speed: 0.00 M/s, Resolution: None
Name: CCTV-6, URL: http://mgsp-ws2.live.miguvideo.com:8088/migu/kailu/cctv6hd265/54/20200407/index.m3u8?msisdn=e55e9ee71b42d2d7008a152c069625e3&mdspid=&spid=699004&netType=0&sid=5500212872&pid=2028597139&timestamp=20260216080220&Channel_ID=0116_2600034600-99000-201600010010028&ProgramID=624878396&ParentNodeID=-99&assertID=5500212872&client_ip=218.28.233.106&SecurityKey=20260216080220&promotionId=&mvid=5100001694&mcid=500020&playurlVersion=WX-A1-9.2.1-RELEASE&userid=&jmhm=&videocodec=h265&appCode=miguvideo_android&bean=mgspad&tid=android&conFee=0&encrypt=c18958084bddb7a5cc30e2647711408d&sv=10004&ct=android, From: subscribe, IPv_Type: ipv6, Location: 加拿大, ISP: , Date: None, Delay: -1 ms, Speed: 0.00 M/s, Resolution: None
Name: CCTV-6, URL: http://mgsp-zy2.live.miguvideo.com:8088/migu/kailu/cctv6hd265/54/20200407/index.m3u8?msisdn=2be6b2ec9fcf10d2c2457e2c710e172c&mdspid=&spid=699004&netType=0&sid=5500212872&pid=2028597139&timestamp=20260226080220&Channel_ID=0116_2600034600-99000-201600010010028&ProgramID=624878396&ParentNodeID=-99&assertID=5500212872&client_ip=218.28.233.106&SecurityKey=20260226080220&promotionId=&mvid=5100001694&mcid=500020&playurlVersion=WX-A1-9.2.1-RELEASE&userid=&jmhm=&videocodec=h265&appCode=miguvideo_android&bean=mgspad&tid=android&conFee=0&encrypt=4002eefb074d15c8e6112f6943d1ec62&sv=10004&ct=android, From: subscribe, IPv_Type: ipv6, Location: 中国, ISP: 中国电信, Date: None, Delay: -1 ms, Speed: 0.00 M/s, Resolution: None
Name: CCTV-6, URL: http://mgsp-yx2.live.miguvideo.com:8088/migu/kailu/cctv6hd265/54/20200407/index.m3u8?msisdn=2be6b2ec9fcf10d2c2457e2c710e172c&mdspid=&spid=699004&netType=0&sid=5500212872&pid=2028597139&timestamp=20260227080203&Channel_ID=0116_2600034600-99000-201600010010028&ProgramID=624878396&ParentNodeID=-99&assertID=5500212872&client_ip=218.28.233.106&SecurityKey=20260227080203&promotionId=&mvid=5100001694&mcid=500020&playurlVersion=WX-A1-9.2.1-RELEASE&userid=&jmhm=&videocodec=h265&appCode=miguvideo_android&bean=mgspad&tid=android&conFee=0&encrypt=abda86f0d00690673a89d605ab8f060a&sv=10004&ct=android, From: subscribe, IPv_Type: ipv6, Location: 中国, ISP: 中国电信, Date: None, Delay: -1 ms, Speed: 0.00 M/s, Resolution: None
Name: CCTV-6, URL: http://pull-hls-f11.douyincdn.com/media/stream-695550183385334444.m3u8?arch_hrchy=w1&exp_hrchy=w1&expire=1775212079&major_anchor_level=common&sign=df934e7ccd289742a9dcd9e796a21e73&t_id=037-20260327182759E3D672881FBE8BC84271-smZh1q, From: subscribe, IPv_Type: ipv6, Location: 中国, ISP: 中国联通, Date: None, Delay: -1 ms, Speed: 0.00 M/s, Resolution: None
Name: CCTV-7, URL: http://n1.gzbody.com:85/rtp/239.77.0.138:5146, From: subscribe, IPv_Type: ipv6, Location: 中国, ISP: 中国电信, Date: None, Delay: -1 ms, Speed: 0.00 M/s, Resolution: None
Name: CCTV-7, URL: http://bailudz.top:1236/111/hahahaha.php, From: subscribe, IPv_Type: ipv6, Location: 中国, ISP: 中国电信, Date: None, Delay: -1 ms, Speed: 0.00 M/s, Resolution: None
Name: CCTV-7, URL: https://migu.188766.xyz/?migutoken=26c649aaf1b57dc8a11423eb32c5c38c&id=CCTV7&pp=1, From: subscribe, IPv_Type: ipv6, Location: 美国, ISP: CloudFlare Inc., Date: None, Delay: -1 ms, Speed: 0.00 M/s, Resolution: None
Name: CCTV-7, URL: http://iptv.huuc.edu.cn/hls/cctv7hd.m3u8, From: subscribe, IPv_Type: ipv6, Location: 中国, ISP: 教育网, Date: None, Delay: -1 ms, Speed: 0.00 M/s, Resolution: None
Name: CCTV-7, URL: http://[2409:8087:1a15:10d1::37]/ottrrs.hl.chinamobile.com/PLTV/88888888/224/3221226398/index.m3u8, From: subscribe, IPv_Type: ipv6, Location: 中国, ISP: 中国移动, Date: None, Delay: -1 ms, Speed: 0.00 M/s, Resolution: None
Name: CCTV-7, URL: http://[2409:8087:1a15:10d1::35]/ottrrs.hl.chinamobile.com/PLTV/88888888/224/3221225733/index.m3u8, From: subscribe, IPv_Type: ipv6, Location: 中国, ISP: 中国移动, Date: None, Delay: -1 ms, Speed: 0.00 M/s, Resolution: None
Name: CCTV-7, URL: http://[2409:8087:8:21::18]:6610/otttv.bj.chinamobile.com/PLTV/88888888/224/3221226946/1.m3u8, From: subscribe, IPv_Type: ipv6, Location: 中国, ISP: 中国移动, Date: None, Delay: -1 ms, Speed: 0.00 M/s, Resolution: None
Name: CCTV-7, URL: http://[2409:8087:1a01:df::4077]/ottrrs.hl.chinamobile.com/PLTV/88888888/224/3221225733/1.m3u8?icpid=88888888&from=1&hms_devid=1012&vqe=3, From: subscribe, IPv_Type: ipv6, Location: 中国, ISP: 中国移动, Date: None, Delay: -1 ms, Speed: 0.00 M/s, Resolution: None
Name: CCTV-7, URL: https://www.freetv.top/migu/673168121.m3u8?migutoken=44446ab398991313e6a822efdaec82f3b845a2e8f141c172aa857c477255724bbb28fc01d33f764c51106c446af1c57e8815b58822075b194f4cf55cde28fe55f54330d4586c92e75e8aa50a48, From: subscribe, IPv_Type: ipv6, Location: 美国, ISP: Oracle Corporation, Date: None, Delay: -1 ms, Speed: 0.00 M/s, Resolution: None
Name: CCTV-7, URL: http://iptv.cdn.ha.chinamobile.com/PLTV/88888888/224/3221227180/index.m3u8, From: subscribe, IPv_Type: ipv6, Location: 中国, ISP: 中国移动, Date: None, Delay: -1 ms, Speed: 0.00 M/s, Resolution: None
Name: CCTV-7, URL: https://cc06.tv12.xyz/8.m3u8, From: subscribe, IPv_Type: ipv6, Location: 美国, ISP: CloudFlare Inc., Date: None, Delay: -1 ms, Speed: 0.00 M/s, Resolution: None
Name: CCTV-7, URL: http://gslbmgsplive.miguvideo.com/migu/kailu/20200324/cctv7hd/51/index.m3u8?msisdn=202510060800566770b971bae44b098e2983c75dd4f09c&mdspid=&spid=699004&netType=0&sid=5501083622&pid=2028597139&timestamp=20251006080056&Channel_ID=0116_2600000900-99000-201600010010027&ProgramID=673168121&ParentNodeID=-99&assertID=5501083622&client_ip=106.13.250.90&SecurityKey=20251006080056&promotionId=&mvid=5102910278&mcid=500020&playurlVersion=WX-A1-8.9.2-RELEASE&userid=&jmhm=&videocodec=h264&bean=mgspad&tid=android&conFee=0&puData=957396c7ce1ce4aa39ee47f83280ebe2&ddCalcu=29e5eb70e33090862c378cfe714ceee49a3a, From: subscribe, IPv_Type: ipv6, Location: 中国, ISP: 中国移动, Date: None, Delay: -1 ms, Speed: 0.00 M/s, Resolution: None
Name: CCTV-7, URL: https://jzb.wwkejishe.top/?id=585, From: subscribe, IPv_Type: ipv6, Location: 美国, ISP: CloudFlare Inc., Date: None, Delay: -1 ms, Speed: 0.00 M/s, Resolution: None
Name: CCTV-7, URL: https://smart.pendy.dpdns.org/Smart.php?id=cctv7, From: subscribe, IPv_Type: ipv6, Location: 美国, ISP: CloudFlare Inc., Date: None, Delay: -1 ms, Speed: 0.00 M/s, Resolution: None
Name: CCTV-7, URL: https://iptv.catvod.com/live.php?id=CCTV7%E5%9B%BD%E9%98%B2%E5%86%9B%E4%BA%8B, From: subscribe, IPv_Type: ipv6, Location: 美国, ISP: CloudFlare Inc., Date: None, Delay: -1 ms, Speed: 0.00 M/s, Resolution: None
Name: CCTV-7, URL: https://shyd.695847.xyz/cms001/ch00000090990000001236/index.m3u8?IASHttpSessionId=RR4967720251014100028031761&ispcode=12, From: subscribe, IPv_Type: ipv6, Location: 美国, ISP: CloudFlare Inc., Date: None, Delay: -1 ms, Speed: 0.00 M/s, Resolution: None
Name: CCTV-7, URL: https://zby.130519.xyz/PLTV/11/224/3221226137/index.m3u8, From: subscribe, IPv_Type: ipv6, Location: 美国, ISP: CloudFlare Inc., Date: None, Delay: -1 ms, Speed: 0.00 M/s, Resolution: None
Name: CCTV-7, URL: https://live.chinacert.cftest5.cn/mg/?id=673168121, From: subscribe, IPv_Type: ipv6, Location: 中国, ISP: 中国移动, Date: None, Delay: -1 ms, Speed: 0.00 M/s, Resolution: None
Name: CCTV-7, URL: https://stream1.freetv.fun/38c7c346b707a4febeabb5ecd55e67687d764ec0a561894ff0e953e516acdfb1.m3u8, From: subscribe, IPv_Type: ipv6, Location: 美国, ISP: CloudFlare Inc., Date: None, Delay: -1 ms, Speed: 0.00 M/s, Resolution: None
Name: CCTV-7, URL: https://live.264788.xyz/channel/cctv7?streamid=2816a855aa82363e0025b440f8f75c14&livekey=01WgOR41rriMmMkzNsd0UoaxJRwetZdxIvtVk, From: subscribe, IPv_Type: ipv4, Location: 美国, ISP: CloudFlare节点, Date: None, Delay: 2519 ms, Speed: 16.43 M/s, Resolution: 1920x1080
Name: CCTV-8, URL: http://gslbmgsplive.miguvideo.com/wd_r2/2018/ocn/cctv8hd/1000/index.m3u8?msisdn=20250907150030a25b683179b04b15888060e83956f1af&mdspid=&spid=699004&netType=0&sid=5500212868&pid=2028597139&timestamp=20250907150030&Channel_ID=0116_2600037000-99000-200300220100002&ProgramID=624878356&ParentNodeID=-99&assertID=5500212868&client_ip=106.13.250.89&SecurityKey=20250907150030&promotionId=&mvid=5100001695&mcid=500020&playurlVersion=WX-A1-8.8.1-RELEASE&userid=&jmhm=&videocodec=h264&bean=mgspad&tid=android&conFee=0&puData=55347f7cb6e7831597c0e8e282798326&ddCalcu=6525v33a84b97a7f278c2be68ee708c37195&sv=10004&ct=android, From: subscribe, IPv_Type: ipv6, Location: 中国, ISP: 中国移动, Date: None, Delay: -1 ms, Speed: 0.00 M/s, Resolution: None
Name: CCTV-8, URL: http://n1.gzbody.com:85/rtp/239.77.0.172:5146, From: subscribe, IPv_Type: ipv6, Location: 中国, ISP: 中国电信, Date: None, Delay: -1 ms, Speed: 0.00 M/s, Resolution: None
Name: CCTV-8, URL: http://bailudz.top:1236/111/hahahaha.php, From: subscribe, IPv_Type: ipv6, Location: 中国, ISP: 中国电信, Date: None, Delay: -1 ms, Speed: 0.00 M/s, Resolution: None
Name: CCTV-8, URL: https://migu.188766.xyz/?migutoken=3f6ec7a1794ffabc1f3517165a929346&id=CCTV8&pp=1, From: subscribe, IPv_Type: ipv6, Location: 美国, ISP: CloudFlare Inc., Date: None, Delay: -1 ms, Speed: 0.00 M/s, Resolution: None
Name: CCTV-8, URL: http://iptv.huuc.edu.cn/hls/cctv8hd.m3u8, From: subscribe, IPv_Type: ipv6, Location: 中国, ISP: 教育网, Date: None, Delay: -1 ms, Speed: 0.00 M/s, Resolution: None
Name: CCTV-8, URL: http://[2409:8087:1a15:10d1::38]/ottrrs.hl.chinamobile.com/PLTV/88888888/224/3221226008/index.m3u8, From: subscribe, IPv_Type: ipv6, Location: 中国, ISP: 中国移动, Date: None, Delay: -1 ms, Speed: 0.00 M/s, Resolution: None
Name: CCTV-8, URL: https://hls-gateway.vpstv.net/streams/476892.m3u8, From: subscribe, IPv_Type: ipv6, Location: 美国, ISP: CloudFlare Inc., Date: None, Delay: -1 ms, Speed: 0.00 M/s, Resolution: None
Name: CCTV-8, URL: http://[2409:8087:8:21::18]:6610/otttv.bj.chinamobile.com/PLTV/88888888/224/3221226485/1.m3u8, From: subscribe, IPv_Type: ipv6, Location: 中国, ISP: 中国移动, Date: None, Delay: -1 ms, Speed: 0.00 M/s, Resolution: None
Name: CCTV-8, URL: http://[2409:8087:1a01:df::4051]:80/TVOD/88888888/224/3221225795/main.m3u8, From: subscribe, IPv_Type: ipv6, Location: 中国, ISP: 中国移动, Date: None, Delay: -1 ms, Speed: 0.00 M/s, Resolution: None
Name: CCTV-8, URL: http://[2409:8087:1a01:df::4077]:80/ottrrs.hl.chinamobile.com/TVOD/88888888/224/3221226008/index.m3u8, From: subscribe, IPv_Type: ipv6, Location: 中国, ISP: 中国移动, Date: None, Delay: -1 ms, Speed: 0.00 M/s, Resolution: None
Name: CCTV-8, URL: http://b.xiongnas.top:8888/rtp/239.3.1.175:8001, From: subscribe, IPv_Type: ipv6, Location: 中国, ISP: 中国联通, Date: None, Delay: -1 ms, Speed: 0.00 M/s, Resolution: None
Name: CCTV-8, URL: https://cc06.tv12.xyz/9.m3u8, From: subscribe, IPv_Type: ipv6, Location: 美国, ISP: CloudFlare Inc., Date: None, Delay: -1 ms, Speed: 0.00 M/s, Resolution: None
Name: CCTV-8, URL: http://yc.myds.me:35455/gaoma/cctv8.m3u8, From: subscribe, IPv_Type: ipv6, Location: 中国, ISP: 中国电信, Date: None, Delay: -1 ms, Speed: 0.00 M/s, Resolution: None
Name: CCTV-8, URL: https://smart.pendy.dpdns.org/Smart.php?id=cctv8hd, From: subscribe, IPv_Type: ipv6, Location: 美国, ISP: CloudFlare Inc., Date: None, Delay: -1 ms, Speed: 0.00 M/s, Resolution: None
Name: CCTV-8, URL: https://jzb.wwkejishe.top/?id=586, From: subscribe, IPv_Type: ipv6, Location: 美国, ISP: CloudFlare Inc., Date: None, Delay: -1 ms, Speed: 0.00 M/s, Resolution: None
Name: CCTV-8, URL: https://iptv.catvod.com/live.php?id=CCTV8%E7%94%B5%E8%A7%86%E5%89%A7, From: subscribe, IPv_Type: ipv6, Location: 美国, ISP: CloudFlare Inc., Date: None, Delay: -1 ms, Speed: 0.00 M/s, Resolution: None
Name: CCTV-8, URL: https://shyd.695847.xyz/cms001/ch00000090990000001189/index.m3u8?IASHttpSessionId=RR4967720251014100028031761&ispcode=12, From: subscribe, IPv_Type: ipv6, Location: 美国, ISP: CloudFlare Inc., Date: None, Delay: -1 ms, Speed: 0.00 M/s, Resolution: None
Name: CCTV-8, URL: https://live.chinacert.cftest5.cn/mg/?id=624878356, From: subscribe, IPv_Type: ipv6, Location: 中国, ISP: 中国电信, Date: None, Delay: -1 ms, Speed: 0.00 M/s, Resolution: None
Name: CCTV-8, URL: https://stream1.freetv.fun/0a41a74a908f871b3e73f9381b831e6bdf23a89efb600e3c5d4532c0a8e7f6e8.m3u8, From: subscribe, IPv_Type: ipv6, Location: 美国, ISP: CloudFlare Inc., Date: None, Delay: -1 ms, Speed: 0.00 M/s, Resolution: None
Name: CCTV-8, URL: http://www.freetv.top/migu/624878356.m3u8?migutoken=e6e1b0f11b3900539ca13088ccf9da6d0a771d58a295315011db1676c607e4bfd4d2ecf8b5f89e888d98843c67f6657703a3192a098894da656341d37aaa2d4abf591b1a09d80e6fff894dd29d, From: subscribe, IPv_Type: ipv6, Location: 美国, ISP: Oracle Corporation, Date: None, Delay: -1 ms, Speed: 0.00 M/s, Resolution: None
Name: CCTV-8, URL: http://mgsp-tx2.live.miguvideo.com:8088/migu/kailu/cctv8hd265/54/20200407/index.m3u8?msisdn=e55e9ee71b42d2d7008a152c069625e3&mdspid=&spid=699004&netType=0&sid=5500212868&pid=2028597139&timestamp=20260215080204&Channel_ID=0116_2600034600-99000-201600010010028&ProgramID=624878356&ParentNodeID=-99&assertID=5500212868&client_ip=218.28.233.106&SecurityKey=20260215080204&promotionId=&mvid=5100001695&mcid=500020&playurlVersion=WX-A1-9.2.1-RELEASE&userid=&jmhm=&videocodec=h265&appCode=miguvideo_android&bean=mgspad&tid=android&conFee=0&encrypt=f91911032bfaaf7a37226dee9216df4e&sv=10004&ct=android, From: subscribe, IPv_Type: ipv6, Location: 中国, ISP: 中国联通, Date: None, Delay: -1 ms, Speed: 0.00 M/s, Resolution: None
Name: CCTV-8, URL: http://mgsp-hs2.live.miguvideo.com:8088/migu/kailu/cctv8hd265/54/20200407/index.m3u8?msisdn=e55e9ee71b42d2d7008a152c069625e3&mdspid=&spid=699004&netType=0&sid=5500212868&pid=2028597139&timestamp=20260216080221&Channel_ID=0116_2600034600-99000-201600010010028&ProgramID=624878356&ParentNodeID=-99&assertID=5500212868&client_ip=218.28.233.106&SecurityKey=20260216080221&promotionId=&mvid=5100001695&mcid=500020&playurlVersion=WX-A1-9.2.1-RELEASE&userid=&jmhm=&videocodec=h265&appCode=miguvideo_android&bean=mgspad&tid=android&conFee=0&encrypt=0a516c8cc915ef14da41db1bd290bcbf&sv=10004&ct=android, From: subscribe, IPv_Type: ipv6, Location: 中国, ISP: 中国移动, Date: None, Delay: -1 ms, Speed: 0.00 M/s, Resolution: None
Name: CCTV-8, URL: http://mgsp-ws2.live.miguvideo.com:8088/migu/kailu/cctv8hd265/54/20200407/index.m3u8?msisdn=e55e9ee71b42d2d7008a152c069625e3&mdspid=&spid=699004&netType=0&sid=5500212868&pid=2028597139&timestamp=20260217084014&Channel_ID=0116_2600034600-99000-201600010010028&ProgramID=624878356&ParentNodeID=-99&assertID=5500212868&client_ip=218.28.233.106&SecurityKey=20260217084014&promotionId=&mvid=5100001695&mcid=500020&playurlVersion=WX-A1-9.2.1-RELEASE&userid=&jmhm=&videocodec=h265&appCode=miguvideo_android&bean=mgspad&tid=android&conFee=0&encrypt=934d298af111978de831b70ff0a36900&sv=10004&ct=android, From: subscribe, IPv_Type: ipv6, Location: 加拿大, ISP: , Date: None, Delay: -1 ms, Speed: 0.00 M/s, Resolution: None
Name: CCTV-8, URL: http://mgsp-zy2.live.miguvideo.com:8088/migu/kailu/cctv8hd265/54/20200407/index.m3u8?msisdn=2be6b2ec9fcf10d2c2457e2c710e172c&mdspid=&spid=699004&netType=0&sid=5500212868&pid=2028597139&timestamp=20260226080221&Channel_ID=0116_2600034600-99000-201600010010028&ProgramID=624878356&ParentNodeID=-99&assertID=5500212868&client_ip=218.28.233.106&SecurityKey=20260226080221&promotionId=&mvid=5100001695&mcid=500020&playurlVersion=WX-A1-9.2.1-RELEASE&userid=&jmhm=&videocodec=h265&appCode=miguvideo_android&bean=mgspad&tid=android&conFee=0&encrypt=42962da1f1079d771c8f8df337203bca&sv=10004&ct=android, From: subscribe, IPv_Type: ipv6, Location: 中国, ISP: 中国电信, Date: None, Delay: -1 ms, Speed: 0.00 M/s, Resolution: None
Name: CCTV-8, URL: http://mgsp-yx2.live.miguvideo.com:8088/migu/kailu/cctv8hd265/54/20200407/index.m3u8?msisdn=2be6b2ec9fcf10d2c2457e2c710e172c&mdspid=&spid=699004&netType=0&sid=5500212868&pid=2028597139&timestamp=20260228080220&Channel_ID=0116_2600034600-99000-201600010010028&ProgramID=624878356&ParentNodeID=-99&assertID=5500212868&client_ip=218.28.233.106&SecurityKey=20260228080220&promotionId=&mvid=5100001695&mcid=500020&playurlVersion=WX-A1-9.2.1-RELEASE&userid=&jmhm=&videocodec=h265&appCode=miguvideo_android&bean=mgspad&tid=android&conFee=0&encrypt=c4f73e317383ddc1684d78ca3b2d4597&sv=10004&ct=android, From: subscribe, IPv_Type: ipv6, Location: 中国, ISP: 中国电信, Date: None, Delay: -1 ms, Speed: 0.00 M/s, Resolution: None
Name: CCTV-8, URL: https://live.264788.xyz/channel/cctv8?streamid=6a85d271479df7e4105c8edd745b4625&livekey=01WgOR41rriMmMkzNsd0UoaxJRwetZdxIvtVk, From: subscribe, IPv_Type: ipv4, Location: 美国, ISP: CloudFlare节点, Date: None, Delay: 3950 ms, Speed: 7.56 M/s, Resolution: 1920x1080
Name: CCTV-8, URL: http://101.66.198.83:9901/tsfile/live/0008_1.m3u8, From: subscribe, IPv_Type: ipv4, Location: 中国-浙江-金华, ISP: 联通, Date: None, Delay: 10511 ms, Speed: 0.00 M/s, Resolution: None
Name: CCTV-9, URL: http://gslbmgsplive.miguvideo.com/migu/kailu/20200324/cctv9hd/50/index.m3u8?msisdn=2025090715003042c440026b8949ff86fe1d549b5edda1&mdspid=&spid=699004&netType=0&sid=5501083624&pid=2028597139&timestamp=20250907150030&Channel_ID=0116_2600037000-99000-200300220100002&ProgramID=673168140&ParentNodeID=-99&assertID=5501083624&client_ip=106.13.250.89&SecurityKey=20250907150030&promotionId=&mvid=5102910384&mcid=500020&playurlVersion=WX-A1-8.8.1-RELEASE&userid=&jmhm=&videocodec=h264&bean=mgspad&tid=android&conFee=0&puData=51fc20151cc6659cc15221ccd04f8253&ddCalcu=3551v2fa8cdf2a4001d5c1cc1c26265519cc&sv=10004&ct=android, From: subscribe, IPv_Type: ipv6, Location: 中国, ISP: 中国移动, Date: None, Delay: -1 ms, Speed: 0.00 M/s, Resolution: None
Name: CCTV-9, URL: http://n1.gzbody.com:85/rtp/239.77.0.135:5146, From: subscribe, IPv_Type: ipv6, Location: 中国, ISP: 中国电信, Date: None, Delay: -1 ms, Speed: 0.00 M/s, Resolution: None
Name: CCTV-9, URL: http://bailudz.top:1236/111/hahahaha.php, From: subscribe, IPv_Type: ipv6, Location: 中国, ISP: 中国电信, Date: None, Delay: -1 ms, Speed: 0.00 M/s, Resolution: None
Name: CCTV-9, URL: https://migu.188766.xyz/?migutoken=25be0346eb068e39c9b7c308b9b5cb1e&id=CCTV9&pp=1, From: subscribe, IPv_Type: ipv6, Location: 美国, ISP: CloudFlare Inc., Date: None, Delay: -1 ms, Speed: 0.00 M/s, Resolution: None
Name: CCTV-9, URL: http://iptv.huuc.edu.cn/hls/cctv9hd.m3u8, From: subscribe, IPv_Type: ipv6, Location: 中国, ISP: 教育网, Date: None, Delay: -1 ms, Speed: 0.00 M/s, Resolution: None
Name: CCTV-9, URL: http://[2409:8087:1a15:10d1::34]/ottrrs.hl.chinamobile.com/PLTV/88888888/224/3221225734/index.m3u8, From: subscribe, IPv_Type: ipv6, Location: 中国, ISP: 中国移动, Date: None, Delay: -1 ms, Speed: 0.00 M/s, Resolution: None
Name: CCTV-9, URL: https://hls-gateway.vpstv.net/streams/476893.m3u8, From: subscribe, IPv_Type: ipv6, Location: 美国, ISP: CloudFlare Inc., Date: None, Delay: -1 ms, Speed: 0.00 M/s, Resolution: None
Name: CCTV-9, URL: http://[2409:8087:8:21::18]:6610/otttv.bj.chinamobile.com/PLTV/88888888/224/3221226944/1.m3u8, From: subscribe, IPv_Type: ipv6, Location: 中国, ISP: 中国移动, Date: None, Delay: -1 ms, Speed: 0.00 M/s, Resolution: None
Name: CCTV-9, URL: http://[2409:8087:1a01:df::4077]:80/ottrrs.hl.chinamobile.com/TVOD/88888888/224/3221225734/index.m3u8, From: subscribe, IPv_Type: ipv6, Location: 中国, ISP: 中国移动, Date: None, Delay: -1 ms, Speed: 0.00 M/s, Resolution: None
Name: CCTV-9, URL: http://www.freetv.top/migu/673168140.m3u8?migutoken=b6b3dff09079aa89b4ea1988e02de40fa003df2db6f755979b0c414bdfffe3225adf1ec44edf5934481e00ada14c3b23dc6e93bb72f70ed2319f17002205dc998b6ce2dde3d00bf5701f8261ec, From: subscribe, IPv_Type: ipv6, Location: 美国, ISP: Oracle Corporation, Date: None, Delay: -1 ms, Speed: 0.00 M/s, Resolution: None
Name: CCTV-9, URL: http://b.xiongnas.top:8888/rtp/239.3.1.62:8112, From: subscribe, IPv_Type: ipv6, Location: 中国, ISP: 中国联通, Date: None, Delay: -1 ms, Speed: 0.00 M/s, Resolution: None
Name: CCTV-9, URL: https://cc06.tv12.xyz/10.m3u8, From: subscribe, IPv_Type: ipv6, Location: 美国, ISP: CloudFlare Inc., Date: None, Delay: -1 ms, Speed: 0.00 M/s, Resolution: None
Name: CCTV-9, URL: https://jzb.wwkejishe.top/?id=587, From: subscribe, IPv_Type: ipv6, Location: 美国, ISP: CloudFlare Inc., Date: None, Delay: -1 ms, Speed: 0.00 M/s, Resolution: None
Name: CCTV-9, URL: http://jk55269942.myqnapcloud.com:4022/rtp/239.49.8.53:9814, From: subscribe, IPv_Type: ipv6, Location: 中国, ISP: 中国联通, Date: None, Delay: -1 ms, Speed: 0.00 M/s, Resolution: None
Name: CCTV-9, URL: http://zcb.myds.me:10001/rtp/239.49.8.53:9814, From: subscribe, IPv_Type: ipv6, Location: 中国, ISP: 中国电信, Date: None, Delay: -1 ms, Speed: 0.00 M/s, Resolution: None
Name: CCTV-9, URL: https://www.freetv.top/migu/673168140.m3u8?migutoken=749c49cdc31bb395e0349adc81010adc8707f80e51e9d3491ad67bfa71388ad768f7b52c8064338a7ef45eb7ddb192fb4937b21681c82499a0c16653ad9a9bec98ff5ce6ab183e4029bbdf269e, From: subscribe, IPv_Type: ipv6, Location: 美国, ISP: Oracle Corporation, Date: None, Delay: -1 ms, Speed: 0.00 M/s, Resolution: None
Name: CCTV-9, URL: https://smart.pendy.dpdns.org/Smart.php?id=cctv9hd, From: subscribe, IPv_Type: ipv6, Location: 美国, ISP: CloudFlare Inc., Date: None, Delay: -1 ms, Speed: 0.00 M/s, Resolution: None
Name: CCTV-9, URL: https://iptv.catvod.com/live.php?id=CCTV9%E7%BA%AA%E5%BD%95, From: subscribe, IPv_Type: ipv6, Location: 美国, ISP: CloudFlare Inc., Date: None, Delay: -1 ms, Speed: 0.00 M/s, Resolution: None
Name: CCTV-9, URL: https://shyd.695847.xyz/cms001/ch00000090990000001237/index.m3u8?IAS, From: subscribe, IPv_Type: ipv6, Location: 美国, ISP: CloudFlare Inc., Date: None, Delay: -1 ms, Speed: 0.00 M/s, Resolution: None
Name: CCTV-9, URL: https://live.chinacert.cftest5.cn/mg/?id=673168140, From: subscribe, IPv_Type: ipv6, Location: 中国, ISP: 中国电信, Date: None, Delay: -1 ms, Speed: 0.00 M/s, Resolution: None
Name: CCTV-9, URL: https://stream1.freetv.fun/42ec063601b24e5ddb24832e5f5d56c71ca4d52922d298be84bbc21aa7429280.m3u8, From: subscribe, IPv_Type: ipv6, Location: 美国, ISP: CloudFlare Inc., Date: None, Delay: -1 ms, Speed: 0.00 M/s, Resolution: None
Name: CCTV-9, URL: http://mgsp-ws2.live.miguvideo.com:8088/migu/kailu/20200324/cctv9hd/51/index.m3u8?msisdn=e55e9ee71b42d2d7008a152c069625e3&mdspid=&spid=699004&netType=0&sid=5501083624&pid=2028597139&timestamp=20260215080204&Channel_ID=0116_2600034600-99000-201600010010028&ProgramID=673168140&ParentNodeID=-99&assertID=5501083624&client_ip=218.28.233.106&SecurityKey=20260215080204&promotionId=&mvid=5102910384&mcid=500020&playurlVersion=WX-A1-9.2.1-RELEASE&userid=&jmhm=&videocodec=h264&appCode=miguvideo_android&bean=mgspad&tid=android&conFee=0&encrypt=e8b5325449b108360b5342f2c57cd141&sv=10004&ct=android, From: subscribe, IPv_Type: ipv6, Location: 加拿大, ISP: , Date: None, Delay: -1 ms, Speed: 0.00 M/s, Resolution: None
Name: CCTV-9, URL: http://mgsp-yx2.live.miguvideo.com:8088/migu/kailu/20200324/cctv9hd/51/index.m3u8?msisdn=2be6b2ec9fcf10d2c2457e2c710e172c&mdspid=&spid=699004&netType=0&sid=5501083624&pid=2028597139&timestamp=20260226080221&Channel_ID=0116_2600034600-99000-201600010010028&ProgramID=673168140&ParentNodeID=-99&assertID=5501083624&client_ip=218.28.233.106&SecurityKey=20260226080221&promotionId=&mvid=5102910384&mcid=500020&playurlVersion=WX-A1-9.2.1-RELEASE&userid=&jmhm=&videocodec=h264&appCode=miguvideo_android&bean=mgspad&tid=android&conFee=0&encrypt=19fb19a19898dda7c1eba4e678224788&sv=10004&ct=android, From: subscribe, IPv_Type: ipv6, Location: 中国, ISP: 中国电信, Date: None, Delay: -1 ms, Speed: 0.00 M/s, Resolution: None
Name: CCTV-9, URL: http://mgsp-zy2.live.miguvideo.com:8088/migu/kailu/20200324/cctv9hd/51/index.m3u8?msisdn=2be6b2ec9fcf10d2c2457e2c710e172c&mdspid=&spid=699004&netType=0&sid=5501083624&pid=2028597139&timestamp=20260227080204&Channel_ID=0116_2600034600-99000-201600010010028&ProgramID=673168140&ParentNodeID=-99&assertID=5501083624&client_ip=218.28.233.106&SecurityKey=20260227080204&promotionId=&mvid=5102910384&mcid=500020&playurlVersion=WX-A1-9.2.1-RELEASE&userid=&jmhm=&videocodec=h264&appCode=miguvideo_android&bean=mgspad&tid=android&conFee=0&encrypt=f2b622f654d2f1a11bd76791612c0761&sv=10004&ct=android, From: subscribe, IPv_Type: ipv6, Location: 中国, ISP: 中国电信, Date: None, Delay: -1 ms, Speed: 0.00 M/s, Resolution: None
Name: CCTV-9, URL: https://t.freetv.fun/live/cctv9-1.php, From: subscribe, IPv_Type: ipv6, Location: 美国, ISP: CloudFlare Inc., Date: None, Delay: -1 ms, Speed: 0.00 M/s, Resolution: None
Name: CCTV-9, URL: https://xykt-fix.github.io/Y77.m3u8, From: subscribe, IPv_Type: ipv6, Location: 美国, ISP: , Date: None, Delay: -1 ms, Speed: 0.00 M/s, Resolution: None
Name: CCTV-9, URL: https://live.264788.xyz/channel/cctv9?streamid=849c59eb8f64e0b008b7d63ed949bd9a&livekey=01WgOR41rriMmMkzNsd0UoaxJRwetZdxIvtVk, From: subscribe, IPv_Type: ipv4, Location: 美国, ISP: CloudFlare节点, Date: None, Delay: 1370 ms, Speed: 17.64 M/s, Resolution: 1920x1080
Name: CCTV-10, URL: http://gslbmgsplive.miguvideo.com/wd_r2/2018/ocn/cctv10hd/1000/index.m3u8?msisdn=20250907150030dbcf800650244605b443298a324a2426&mdspid=&spid=699004&netType=0&sid=5500212874&pid=2028597139&timestamp=20250907150030&Channel_ID=0116_2600037000-99000-200300220100002&ProgramID=624878405&ParentNodeID=-99&assertID=5500212874&client_ip=106.13.250.89&SecurityKey=20250907150030&promotionId=&mvid=5100001696&mcid=500020&playurlVersion=WX-A1-8.8.1-RELEASE&userid=&jmhm=&videocodec=h264&bean=mgspad&tid=android&conFee=0&puData=c61406b7ed7afaf7c20e7ce4cc412702&ddCalcu=2c06v71a24y10a46cbc74eedc77aef0a2fc7&sv=10004&ct=android, From: subscribe, IPv_Type: ipv6, Location: 中国, ISP: 中国移动, Date: None, Delay: -1 ms, Speed: 0.00 M/s, Resolution: None
Name: CCTV-10, URL: http://n1.gzbody.com:85/rtp/239.77.0.134:5146, From: subscribe, IPv_Type: ipv6, Location: 中国, ISP: 中国电信, Date: None, Delay: -1 ms, Speed: 0.00 M/s, Resolution: None
Name: CCTV-10, URL: http://bailudz.top:1236/111/hahahaha.php, From: subscribe, IPv_Type: ipv6, Location: 中国, ISP: 中国电信, Date: None, Delay: -1 ms, Speed: 0.00 M/s, Resolution: None
Name: CCTV-10, URL: https://migu.188766.xyz/?migutoken=3374e5c8ddcbddb0de5b275c44014151&id=CCTV10&pp=1, From: subscribe, IPv_Type: ipv6, Location: 美国, ISP: CloudFlare Inc., Date: None, Delay: -1 ms, Speed: 0.00 M/s, Resolution: None
Name: CCTV-10, URL: http://iptv.huuc.edu.cn/hls/cctv10hd.m3u8, From: subscribe, IPv_Type: ipv6, Location: 中国, ISP: 教育网, Date: None, Delay: -1 ms, Speed: 0.00 M/s, Resolution: None
Name: CCTV-10, URL: http://[2409:8087:1a15:10d1::33]/ottrrs.hl.chinamobile.com/PLTV/88888888/224/3221225730/index.m3u8, From: subscribe, IPv_Type: ipv6, Location: 中国, ISP: 中国移动, Date: None, Delay: -1 ms, Speed: 0.00 M/s, Resolution: None
Name: CCTV-10, URL: http://[2409:8087:8:21::18]:6610/otttv.bj.chinamobile.com/PLTV/88888888/224/3221226937/1.m3u8, From: subscribe, IPv_Type: ipv6, Location: 中国, ISP: 中国移动, Date: None, Delay: -1 ms, Speed: 0.00 M/s, Resolution: None
Name: CCTV-10, URL: http://[2409:8087:1a01:df::4077]/ottrrs.hl.chinamobile.com/PLTV/88888888/224/3221225730/index.m3u8, From: subscribe, IPv_Type: ipv6, Location: 中国, ISP: 中国移动, Date: None, Delay: -1 ms, Speed: 0.00 M/s, Resolution: None
Name: CCTV-10, URL: http://www.freetv.top/migu/624878405.m3u8?migutoken=994dc87ce4767211215bbc02fa208301259959a2d995deb9996c41b650e244fc75c3d5bae41d623bed5ba96aa38c7ea483d856771c119f74e8bb93fb60dc8304e146d0bf46405e88554d84e414, From: subscribe, IPv_Type: ipv6, Location: 美国, ISP: Oracle Corporation, Date: None, Delay: -1 ms, Speed: 0.00 M/s, Resolution: None
Name: CCTV-10, URL: https://www.freetv.top/migu/624878405.m3u8?migutoken=e7e8abe9ae322869a93e8450014e08c5949217331c53007abb9f6eee64b06cc42f81828befee8b129005bcdebf805a1bbd19f0949e8329cf7ff4ab9379e930cfb8185ddf66c83b972ea6481e86, From: subscribe, IPv_Type: ipv6, Location: 美国, ISP: Oracle Corporation, Date: None, Delay: -1 ms, Speed: 0.00 M/s, Resolution: None
Name: CCTV-10, URL: http://b.xiongnas.top:8888/rtp/239.3.1.63:8116, From: subscribe, IPv_Type: ipv6, Location: 中国, ISP: 中国联通, Date: None, Delay: -1 ms, Speed: 0.00 M/s, Resolution: None
Name: CCTV-10, URL: https://cc06.tv12.xyz/11.m3u8, From: subscribe, IPv_Type: ipv6, Location: 美国, ISP: CloudFlare Inc., Date: None, Delay: -1 ms, Speed: 0.00 M/s, Resolution: None
Name: CCTV-10, URL: https://smart.pendy.dpdns.org/Smart.php?id=cctv10hd, From: subscribe, IPv_Type: ipv6, Location: 美国, ISP: CloudFlare Inc., Date: None, Delay: -1 ms, Speed: 0.00 M/s, Resolution: None
Name: CCTV-10, URL: https://jzb.wwkejishe.top/?id=588, From: subscribe, IPv_Type: ipv6, Location: 美国, ISP: CloudFlare Inc., Date: None, Delay: -1 ms, Speed: 0.00 M/s, Resolution: None
Name: CCTV-10, URL: http://jk55269942.myqnapcloud.com:4022/rtp/239.49.8.54:9818, From: subscribe, IPv_Type: ipv6, Location: 中国, ISP: 中国联通, Date: None, Delay: -1 ms, Speed: 0.00 M/s, Resolution: None
Name: CCTV-10, URL: http://zcb.myds.me:10001/rtp/239.49.8.54:9818, From: subscribe, IPv_Type: ipv6, Location: 中国, ISP: 中国电信, Date: None, Delay: -1 ms, Speed: 0.00 M/s, Resolution: None
Name: CCTV-10, URL: https://iptv.catvod.com/live.php?id=CCTV-10%20%E7%A7%91%E6%95%99, From: subscribe, IPv_Type: ipv6, Location: 美国, ISP: CloudFlare Inc., Date: None, Delay: -1 ms, Speed: 0.00 M/s, Resolution: None
Name: CCTV-10, URL: https://zby.130519.xyz/PLTV/11/224/3221226169/index.m3u8, From: subscribe, IPv_Type: ipv6, Location: 美国, ISP: CloudFlare Inc., Date: None, Delay: -1 ms, Speed: 0.00 M/s, Resolution: None
Name: CCTV-10, URL: https://live.chinacert.cftest5.cn/mg/?id=624878405, From: subscribe, IPv_Type: ipv6, Location: 中国, ISP: 中国电信, Date: None, Delay: -1 ms, Speed: 0.00 M/s, Resolution: None
Name: CCTV-10, URL: https://t.freetv.fun/live/cctv-10-1.php, From: subscribe, IPv_Type: ipv6, Location: 美国, ISP: CloudFlare Inc., Date: None, Delay: -1 ms, Speed: 0.00 M/s, Resolution: None
Name: CCTV-10, URL: http://mgsp-hs2.live.miguvideo.com:8088/migu/kailu/cctv10hd265/54/20200407/index.m3u8?msisdn=e55e9ee71b42d2d7008a152c069625e3&mdspid=&spid=699004&netType=0&sid=5500212874&pid=2028597139&timestamp=20260215080204&Channel_ID=0116_2600034600-99000-201600010010028&ProgramID=624878405&ParentNodeID=-99&assertID=5500212874&client_ip=218.28.233.106&SecurityKey=20260215080204&promotionId=&mvid=5100001696&mcid=500020&playurlVersion=WX-A1-9.2.1-RELEASE&userid=&jmhm=&videocodec=h265&appCode=miguvideo_android&bean=mgspad&tid=android&conFee=0&encrypt=10435f48159255c71d97072e02ee6c1f&sv=10004&ct=android, From: subscribe, IPv_Type: ipv6, Location: 中国, ISP: 中国移动, Date: None, Delay: -1 ms, Speed: 0.00 M/s, Resolution: None
Name: CCTV-10, URL: http://mgsp-tx2.live.miguvideo.com:8088/migu/kailu/cctv10hd265/54/20200407/index.m3u8?msisdn=e55e9ee71b42d2d7008a152c069625e3&mdspid=&spid=699004&netType=0&sid=5500212874&pid=2028597139&timestamp=20260216080221&Channel_ID=0116_2600034600-99000-201600010010028&ProgramID=624878405&ParentNodeID=-99&assertID=5500212874&client_ip=218.28.233.106&SecurityKey=20260216080221&promotionId=&mvid=5100001696&mcid=500020&playurlVersion=WX-A1-9.2.1-RELEASE&userid=&jmhm=&videocodec=h265&appCode=miguvideo_android&bean=mgspad&tid=android&conFee=0&encrypt=78f6d16ffc36a37a0419850a658f689b&sv=10004&ct=android, From: subscribe, IPv_Type: ipv6, Location: 中国, ISP: 中国联通, Date: None, Delay: -1 ms, Speed: 0.00 M/s, Resolution: None
Name: CCTV-10, URL: http://mgsp-yx2.live.miguvideo.com:8088/migu/kailu/cctv10hd265/54/20200407/index.m3u8?msisdn=2be6b2ec9fcf10d2c2457e2c710e172c&mdspid=&spid=699004&netType=0&sid=5500212874&pid=2028597139&timestamp=20260226080221&Channel_ID=0116_2600034600-99000-201600010010028&ProgramID=624878405&ParentNodeID=-99&assertID=5500212874&client_ip=218.28.233.106&SecurityKey=20260226080221&promotionId=&mvid=5100001696&mcid=500020&playurlVersion=WX-A1-9.2.1-RELEASE&userid=&jmhm=&videocodec=h265&appCode=miguvideo_android&bean=mgspad&tid=android&conFee=0&encrypt=afe7b2af4c6255b8d839a17536f4ed94&sv=10004&ct=android, From: subscribe, IPv_Type: ipv6, Location: 中国, ISP: 中国电信, Date: None, Delay: -1 ms, Speed: 0.00 M/s, Resolution: None
Name: CCTV-10, URL: http://mgsp-zy2.live.miguvideo.com:8088/migu/kailu/cctv10hd265/54/20200407/index.m3u8?msisdn=2be6b2ec9fcf10d2c2457e2c710e172c&mdspid=&spid=699004&netType=0&sid=5500212874&pid=2028597139&timestamp=20260227080204&Channel_ID=0116_2600034600-99000-201600010010028&ProgramID=624878405&ParentNodeID=-99&assertID=5500212874&client_ip=218.28.233.106&SecurityKey=20260227080204&promotionId=&mvid=5100001696&mcid=500020&playurlVersion=WX-A1-9.2.1-RELEASE&userid=&jmhm=&videocodec=h265&appCode=miguvideo_android&bean=mgspad&tid=android&conFee=0&encrypt=2e53f0fc9578f874305a9f5166dbef92&sv=10004&ct=android, From: subscribe, IPv_Type: ipv6, Location: 中国, ISP: 中国电信, Date: None, Delay: -1 ms, Speed: 0.00 M/s, Resolution: None
Name: CCTV-10, URL: https://live.264788.xyz/channel/cctv10?streamid=53ba5973e313102776c533632a495108&livekey=01WgOR41rriMmMkzNsd0UoaxJRwetZdxIvtVk, From: subscribe, IPv_Type: ipv4, Location: 美国, ISP: CloudFlare节点, Date: None, Delay: 2603 ms, Speed: 5.74 M/s, Resolution: 1920x1080
Name: CCTV-10, URL: https://cdn4.skygo.mn/live/disk1/CCTV-10/HLSv3-FTA/CCTV-10.m3u8, From: subscribe, IPv_Type: ipv4, Location: 蒙古, ISP: , Date: None, Delay: 3377 ms, Speed: 0.48 M/s, Resolution: None
Name: CCTV-10, URL: http://221.13.235.105:9901/tsfile/live/0010_1.m3u8?key=txiptv&playlive=1&authid=0, From: subscribe, IPv_Type: ipv4, Location: 中国-河南-郑州, ISP: 联通, Date: None, Delay: 10879 ms, Speed: 0.01 M/s, Resolution: None
Name: CCTV-11, URL: http://gslbmgsplive.miguvideo.com/migu/kailu/cctv11hd/50/20200103/index.m3u8?msisdn=20250907150030acf20ff4db7d427daf42312d9d80c75f&mdspid=&spid=699004&netType=0&sid=5500988610&pid=2028597139&timestamp=20250907150030&Channel_ID=0116_2600037000-99000-200300220100002&ProgramID=667987558&ParentNodeID=-99&assertID=5500988610&client_ip=106.13.250.89&SecurityKey=20250907150030&promotionId=&mvid=5102751362&mcid=500020&playurlVersion=WX-A1-8.8.1-RELEASE&userid=&jmhm=&videocodec=h264&bean=mgspad&tid=android&conFee=0&puData=9ceca0224f2513ba6329602387b4c13b&ddCalcu=b93cv1eaccz4aab07282342f026591233b6a&sv=10004&ct=android, From: subscribe, IPv_Type: ipv6, Location: 中国, ISP: 中国移动, Date: None, Delay: -1 ms, Speed: 0.00 M/s, Resolution: None
Name: CCTV-11, URL: http://n1.gzbody.com:85/rtp/239.77.1.108:5146, From: subscribe, IPv_Type: ipv6, Location: 中国, ISP: 中国电信, Date: None, Delay: -1 ms, Speed: 0.00 M/s, Resolution: None
Name: CCTV-11, URL: http://bailudz.top:1236/111/hahahaha.php, From: subscribe, IPv_Type: ipv6, Location: 中国, ISP: 中国电信, Date: None, Delay: -1 ms, Speed: 0.00 M/s, Resolution: None
Name: CCTV-11, URL: https://migu.188766.xyz/?migutoken=7161126eb697caf582490927b3d3abde&id=CCTV11&pp=1, From: subscribe, IPv_Type: ipv6, Location: 美国, ISP: CloudFlare Inc., Date: None, Delay: -1 ms, Speed: 0.00 M/s, Resolution: None
Name: CCTV-11, URL: http://iptv.huuc.edu.cn/hls/cctv11hd.m3u8, From: subscribe, IPv_Type: ipv6, Location: 中国, ISP: 教育网, Date: None, Delay: -1 ms, Speed: 0.00 M/s, Resolution: None
Name: CCTV-11, URL: http://[2409:8087:1a15:10d1::34]/ottrrs.hl.chinamobile.com/PLTV/88888888/224/3221226565/index.m3u8, From: subscribe, IPv_Type: ipv6, Location: 中国, ISP: 中国移动, Date: None, Delay: -1 ms, Speed: 0.00 M/s, Resolution: None
Name: CCTV-11, URL: http://[2409:8087:8:21::18]:6610/otttv.bj.chinamobile.com/PLTV/88888888/224/3221226334/1.m3u8, From: subscribe, IPv_Type: ipv6, Location: 中国, ISP: 中国移动, Date: None, Delay: -1 ms, Speed: 0.00 M/s, Resolution: None
Name: CCTV-11, URL: http://[2409:8087:1a01:df::4077]:80/ottrrs.hl.chinamobile.com/yinhe/88888888/224/3221225597/index.m3u8, From: subscribe, IPv_Type: ipv6, Location: 中国, ISP: 中国移动, Date: None, Delay: -1 ms, Speed: 0.00 M/s, Resolution: None
Name: CCTV-11, URL: http://b.xiongnas.top:8888/rtp/239.3.1.152:8120, From: subscribe, IPv_Type: ipv6, Location: 中国, ISP: 中国联通, Date: None, Delay: -1 ms, Speed: 0.00 M/s, Resolution: None
Name: CCTV-11, URL: http://iptv.cdn.ha.chinamobile.com/PLTV/88888888/224/3221227171/index.m3u8, From: subscribe, IPv_Type: ipv6, Location: 中国, ISP: 中国移动, Date: None, Delay: -1 ms, Speed: 0.00 M/s, Resolution: None
Name: CCTV-11, URL: https://cc06.tv12.xyz/12.m3u8, From: subscribe, IPv_Type: ipv6, Location: 美国, ISP: CloudFlare Inc., Date: None, Delay: -1 ms, Speed: 0.00 M/s, Resolution: None
Name: CCTV-11, URL: http://yc.myds.me:35455/gaoma/cctv11.m3u8, From: subscribe, IPv_Type: ipv6, Location: 中国, ISP: 中国电信, Date: None, Delay: -1 ms, Speed: 0.00 M/s, Resolution: None
Name: CCTV-11, URL: https://www.freetv.top/migu/667987558.m3u8?migutoken=4c903e5316196f2e3d586dc059cbb28c4bee023a690e5e366a6178f6c339df906f37cc0cf3efc277fd847991bc5c69f5d53eb0a19222cf25d5a646a7ae998a25cefc549cdf0f8c5a1c2d38fe88, From: subscribe, IPv_Type: ipv6, Location: 美国-新泽西州-巴赛克, ISP: DigitalOcean, Date: None, Delay: -1 ms, Speed: 0.00 M/s, Resolution: None
Name: CCTV-11, URL: https://smart.pendy.dpdns.org/Smart.php?id=cctv11, From: subscribe, IPv_Type: ipv6, Location: 美国, ISP: CloudFlare Inc., Date: None, Delay: -1 ms, Speed: 0.00 M/s, Resolution: None
Name: CCTV-11, URL: http://lu.wqwqwq.sbs/itv/1000000005000265011.m3u8?cdn=ystenlive, From: subscribe, IPv_Type: ipv6, Location: 美国, ISP: CloudFlare Inc., Date: None, Delay: -1 ms, Speed: 0.00 M/s, Resolution: None
Name: CCTV-11, URL: https://jzb.wwkejishe.top/?id=589, From: subscribe, IPv_Type: ipv6, Location: 美国, ISP: CloudFlare Inc., Date: None, Delay: -1 ms, Speed: 0.00 M/s, Resolution: None
Name: CCTV-11, URL: http://jk55269942.myqnapcloud.com:4022/rtp/239.49.1.11:6000, From: subscribe, IPv_Type: ipv6, Location: 中国, ISP: 中国联通, Date: None, Delay: -1 ms, Speed: 0.00 M/s, Resolution: None
Name: CCTV-11, URL: http://zcb.myds.me:10001/rtp/239.49.1.11:6000, From: subscribe, IPv_Type: ipv6, Location: 中国, ISP: 中国电信, Date: None, Delay: -1 ms, Speed: 0.00 M/s, Resolution: None
Name: CCTV-11, URL: https://iptv.catvod.com/live.php?id=CCTV11%E6%88%8F%E6%9B%B2, From: subscribe, IPv_Type: ipv6, Location: 美国, ISP: CloudFlare Inc., Date: None, Delay: -1 ms, Speed: 0.00 M/s, Resolution: None
Name: CCTV-11, URL: https://shyd.695847.xyz/cms001/ch00000090990000001309/index.m3u8?IASHttpSessionId=RR4967720251014100028031761&ispcode=12, From: subscribe, IPv_Type: ipv6, Location: 美国, ISP: CloudFlare Inc., Date: None, Delay: -1 ms, Speed: 0.00 M/s, Resolution: None
Name: CCTV-11, URL: https://live.chinacert.cftest5.cn/mg/?id=667987558, From: subscribe, IPv_Type: ipv6, Location: 中国, ISP: 中国电信, Date: None, Delay: -1 ms, Speed: 0.00 M/s, Resolution: None
Name: CCTV-11, URL: http://mgsp-hs2.live.miguvideo.com:8088/migu/kailu/cctv11hd265/54/20200407/index.m3u8?msisdn=e55e9ee71b42d2d7008a152c069625e3&mdspid=&spid=699004&netType=0&sid=5500988610&pid=2028597139&timestamp=20260215080204&Channel_ID=0116_2600034600-99000-201600010010028&ProgramID=667987558&ParentNodeID=-99&assertID=5500988610&client_ip=218.28.233.106&SecurityKey=20260215080204&promotionId=&mvid=5102751362&mcid=500020&playurlVersion=WX-A1-9.2.1-RELEASE&userid=&jmhm=&videocodec=h265&appCode=miguvideo_android&bean=mgspad&tid=android&conFee=0&encrypt=b1dad7d89614a943a1e8cbefed7b0a42&sv=10004&ct=android, From: subscribe, IPv_Type: ipv6, Location: 中国, ISP: 中国移动, Date: None, Delay: -1 ms, Speed: 0.00 M/s, Resolution: None
Name: CCTV-11, URL: http://mgsp-ws2.live.miguvideo.com:8088/migu/kailu/cctv11hd265/54/20200407/index.m3u8?msisdn=e55e9ee71b42d2d7008a152c069625e3&mdspid=&spid=699004&netType=0&sid=5500988610&pid=2028597139&timestamp=20260216080221&Channel_ID=0116_2600034600-99000-201600010010028&ProgramID=667987558&ParentNodeID=-99&assertID=5500988610&client_ip=218.28.233.106&SecurityKey=20260216080221&promotionId=&mvid=5102751362&mcid=500020&playurlVersion=WX-A1-9.2.1-RELEASE&userid=&jmhm=&videocodec=h265&appCode=miguvideo_android&bean=mgspad&tid=android&conFee=0&encrypt=21512c1ee254e9f24f87b8ae627cac4c&sv=10004&ct=android, From: subscribe, IPv_Type: ipv6, Location: 加拿大, ISP: , Date: None, Delay: -1 ms, Speed: 0.00 M/s, Resolution: None
Name: CCTV-11, URL: http://mgsp-zy2.live.miguvideo.com:8088/migu/kailu/cctv11hd265/54/20200407/index.m3u8?msisdn=e55e9ee71b42d2d7008a152c069625e3&mdspid=&spid=699004&netType=0&sid=5500988610&pid=2028597139&timestamp=20260217084014&Channel_ID=0116_2600034600-99000-201600010010028&ProgramID=667987558&ParentNodeID=-99&assertID=5500988610&client_ip=218.28.233.106&SecurityKey=20260217084014&promotionId=&mvid=5102751362&mcid=500020&playurlVersion=WX-A1-9.2.1-RELEASE&userid=&jmhm=&videocodec=h265&appCode=miguvideo_android&bean=mgspad&tid=android&conFee=0&encrypt=25bec36dcc421a595ef3d9498a70b531&sv=10004&ct=android, From: subscribe, IPv_Type: ipv6, Location: 中国, ISP: 中国电信, Date: None, Delay: -1 ms, Speed: 0.00 M/s, Resolution: None
Name: CCTV-11, URL: http://mgsp-yx2.live.miguvideo.com:8088/migu/kailu/cctv11hd265/54/20200407/index.m3u8?msisdn=2be6b2ec9fcf10d2c2457e2c710e172c&mdspid=&spid=699004&netType=0&sid=5500988610&pid=2028597139&timestamp=20260301080204&Channel_ID=0116_2600034600-99000-201600010010028&ProgramID=667987558&ParentNodeID=-99&assertID=5500988610&client_ip=218.28.233.106&SecurityKey=20260301080204&promotionId=&mvid=5102751362&mcid=500020&playurlVersion=WX-A1-9.2.1-RELEASE&userid=&jmhm=&videocodec=h265&appCode=miguvideo_android&bean=mgspad&tid=android&conFee=0&encrypt=366bd490e618291e29ee55d3bf1cb0e1&sv=10004&ct=android, From: subscribe, IPv_Type: ipv6, Location: 中国, ISP: 中国电信, Date: None, Delay: -1 ms, Speed: 0.00 M/s, Resolution: None
Name: CCTV-11, URL: https://t.freetv.fun/live/cctv11-3.m3u8, From: subscribe, IPv_Type: ipv6, Location: 美国, ISP: CloudFlare Inc., Date: None, Delay: -1 ms, Speed: 0.00 M/s, Resolution: None
Name: CCTV-11, URL: https://xykt-fix.github.io/play/a02b/index.m3u8, From: subscribe, IPv_Type: ipv6, Location: 美国, ISP: , Date: None, Delay: -1 ms, Speed: 0.00 M/s, Resolution: None
Name: CCTV-12, URL: http://gslbmgsplive.miguvideo.com/migu/kailu/20200324/cctv12hd/50/index.m3u8?msisdn=20250907150030d912698420ac494db63c90a8e95634e4&mdspid=&spid=699004&netType=0&sid=5501083627&pid=2028597139&timestamp=20250907150030&Channel_ID=0116_2600037000-99000-200300220100002&ProgramID=673168185&ParentNodeID=-99&assertID=5501083627&client_ip=106.13.250.89&SecurityKey=20250907150030&promotionId=&mvid=5102910389&mcid=500020&playurlVersion=WX-A1-8.8.1-RELEASE&userid=&jmhm=&videocodec=h264&bean=mgspad&tid=android&conFee=0&puData=2ff77b5a4195722bec68a091fe369ec2&ddCalcu=22cfvefa97d67a3be5fa149109a58762c2eb&sv=10004&ct=android, From: subscribe, IPv_Type: ipv6, Location: 中国, ISP: 中国移动, Date: None, Delay: -1 ms, Speed: 0.00 M/s, Resolution: None
Name: CCTV-12, URL: http://n1.gzbody.com:85/rtp/239.77.0.136:5146, From: subscribe, IPv_Type: ipv6, Location: 中国, ISP: 中国电信, Date: None, Delay: -1 ms, Speed: 0.00 M/s, Resolution: None
Name: CCTV-12, URL: http://bailudz.top:1236/111/hahahaha.php, From: subscribe, IPv_Type: ipv6, Location: 中国, ISP: 中国电信, Date: None, Delay: -1 ms, Speed: 0.00 M/s, Resolution: None
Name: CCTV-12, URL: https://migu.188766.xyz/?migutoken=d8d5486a34f82d8d0999269c10498124&id=CCTV12&type=yy, From: subscribe, IPv_Type: ipv6, Location: 美国, ISP: CloudFlare Inc., Date: None, Delay: -1 ms, Speed: 0.00 M/s, Resolution: None
Name: CCTV-12, URL: http://iptv.huuc.edu.cn/hls/cctv12hd.m3u8, From: subscribe, IPv_Type: ipv6, Location: 中国, ISP: 教育网, Date: None, Delay: -1 ms, Speed: 0.00 M/s, Resolution: None
Name: CCTV-12, URL: http://[2409:8087:1a15:10d1::34]/ottrrs.hl.chinamobile.com/PLTV/88888888/224/3221225731/index.m3u8, From: subscribe, IPv_Type: ipv6, Location: 中国, ISP: 中国移动, Date: None, Delay: -1 ms, Speed: 0.00 M/s, Resolution: None
Name: CCTV-12, URL: https://mgtv.ottiptv.cc/mg/673168185.m3u8?sign=2ed8d3b4cd7c9a4ab8b103b94cf3dda6&tm=1757436314&token=0f1f7ad0e51421bfecbbf7817b2664dec446310b9b653ee736bbf57bd13b0bf7cb1aeb8bad1037d0b26f42121baf3d740d44c279f1f39a2544d358934dc3778bdcee83e0ed5463278cd167d6bb, From: subscribe, IPv_Type: ipv6, Location: 美国, ISP: Oracle Corporation, Date: None, Delay: -1 ms, Speed: 0.00 M/s, Resolution: None
Name: CCTV-12, URL: http://[2409:8087:1a15:10d1::36]/ottrrs.hl.chinamobile.com/PLTV/88888888/224/3221226568/index.m3u8, From: subscribe, IPv_Type: ipv6, Location: 中国, ISP: 中国移动, Date: None, Delay: -1 ms, Speed: 0.00 M/s, Resolution: None
Name: CCTV-12, URL: http://[2409:8087:8:21::18]:6610/otttv.bj.chinamobile.com/PLTV/88888888/224/3221226942/1.m3u8, From: subscribe, IPv_Type: ipv6, Location: 中国, ISP: 中国移动, Date: None, Delay: -1 ms, Speed: 0.00 M/s, Resolution: None
Name: CCTV-12, URL: http://[2409:8087:1a01:df::4077]:80/ottrrs.hl.chinamobile.com/PLTV/88888888/224/3221225731/index.m3u8, From: subscribe, IPv_Type: ipv6, Location: 中国, ISP: 中国移动, Date: None, Delay: -1 ms, Speed: 0.00 M/s, Resolution: None
Name: CCTV-12, URL: https://www.freetv.top/migu/673168185.m3u8?migutoken=37acadb43b1d7932b0a1e8a4f2d01a06b42a10c31f3ccb417bae200ac3028f30a8110509f2cd6cd130aee4b21c85693aa49817f3381e4d28e140d8db1a20b6fecea22fec17a70ff1341efe6081, From: subscribe, IPv_Type: ipv6, Location: 美国, ISP: Oracle Corporation, Date: None, Delay: -1 ms, Speed: 0.00 M/s, Resolution: None
Name: CCTV-12, URL: http://www.freetv.top/migu/673168185.m3u8?migutoken=21a3954b28c73a4240272889ec94c3318c23068f666c79e61379cb154a890e4e7e3c998a578b29a381972f128751898531cb713221ff95385afec91149321ad772e31489fa01e553c8223e976a, From: subscribe, IPv_Type: ipv6, Location: 美国, ISP: Oracle Corporation, Date: None, Delay: -1 ms, Speed: 0.00 M/s, Resolution: None
Name: CCTV-12, URL: http://b.xiongnas.top:8888/rtp/239.3.1.64:8124, From: subscribe, IPv_Type: ipv6, Location: 中国, ISP: 中国联通, Date: None, Delay: -1 ms, Speed: 0.00 M/s, Resolution: None
Name: CCTV-12, URL: https://cc06.tv12.xyz/13.m3u8, From: subscribe, IPv_Type: ipv6, Location: 美国, ISP: CloudFlare Inc., Date: None, Delay: -1 ms, Speed: 0.00 M/s, Resolution: None
Name: CCTV-12, URL: https://smart.pendy.dpdns.org/Smart.php?id=cctv12, From: subscribe, IPv_Type: ipv6, Location: 美国, ISP: CloudFlare Inc., Date: None, Delay: -1 ms, Speed: 0.00 M/s, Resolution: None
Name: CCTV-12, URL: https://jzb.wwkejishe.top/?id=590, From: subscribe, IPv_Type: ipv6, Location: 美国, ISP: CloudFlare Inc., Date: None, Delay: -1 ms, Speed: 0.00 M/s, Resolution: None
Name: CCTV-12, URL: http://jk55269942.myqnapcloud.com:4022/rtp/239.49.8.55:9822, From: subscribe, IPv_Type: ipv6, Location: 中国, ISP: 中国联通, Date: None, Delay: -1 ms, Speed: 0.00 M/s, Resolution: None
Name: CCTV-12, URL: http://zcb.myds.me:10001/rtp/239.49.8.55:9822, From: subscribe, IPv_Type: ipv6, Location: 中国, ISP: 中国电信, Date: None, Delay: -1 ms, Speed: 0.00 M/s, Resolution: None
Name: CCTV-12, URL: https://epg.pw/stream/aedb71e61961cd2a5a5b9a8a83b8ae489c9408e6b420593aecb92cc36de628fe.m3u8, From: subscribe, IPv_Type: ipv6, Location: 美国, ISP: CloudFlare Inc., Date: None, Delay: -1 ms, Speed: 0.00 M/s, Resolution: None
Name: CCTV-12, URL: https://iptv.catvod.com/live.php?id=CCTV12%E7%A4%BE%E4%BC%9A%E4%B8%8E%E6%B3%95, From: subscribe, IPv_Type: ipv6, Location: 美国, ISP: CloudFlare Inc., Date: None, Delay: -1 ms, Speed: 0.00 M/s, Resolution: None
Name: CCTV-12, URL: https://shyd.695847.xyz/cms001/ch00000090990000001239/index.m3u8?IASHttpSessionId=RR4967720251014100028031761&ispcode=12, From: subscribe, IPv_Type: ipv6, Location: 美国, ISP: CloudFlare Inc., Date: None, Delay: -1 ms, Speed: 0.00 M/s, Resolution: None
Name: CCTV-12, URL: https://live.chinacert.cftest5.cn/mg/?id=673168185, From: subscribe, IPv_Type: ipv6, Location: 中国, ISP: 中国电信, Date: None, Delay: -1 ms, Speed: 0.00 M/s, Resolution: None
Name: CCTV-12, URL: http://mgsp-zy2.live.miguvideo.com:8088/migu/kailu/20200324/cctv12hd/51/index.m3u8?msisdn=e55e9ee71b42d2d7008a152c069625e3&mdspid=&spid=699004&netType=0&sid=5501083627&pid=2028597139&timestamp=20260215080204&Channel_ID=0116_2600034600-99000-201600010010028&ProgramID=673168185&ParentNodeID=-99&assertID=5501083627&client_ip=218.28.233.106&SecurityKey=20260215080204&promotionId=&mvid=5102910389&mcid=500020&playurlVersion=WX-A1-9.2.1-RELEASE&userid=&jmhm=&videocodec=h264&appCode=miguvideo_android&bean=mgspad&tid=android&conFee=0&encrypt=bac71bde9812ebf8a0a38f6626d1021b&sv=10004&ct=android, From: subscribe, IPv_Type: ipv6, Location: 中国, ISP: 中国电信, Date: None, Delay: -1 ms, Speed: 0.00 M/s, Resolution: None
Name: CCTV-12, URL: http://mgsp-yx2.live.miguvideo.com:8088/migu/kailu/20200324/cctv12hd/51/index.m3u8?msisdn=2be6b2ec9fcf10d2c2457e2c710e172c&mdspid=&spid=699004&netType=0&sid=5501083627&pid=2028597139&timestamp=20260228080221&Channel_ID=0116_2600034600-99000-201600010010028&ProgramID=673168185&ParentNodeID=-99&assertID=5501083627&client_ip=218.28.233.106&SecurityKey=20260228080221&promotionId=&mvid=5102910389&mcid=500020&playurlVersion=WX-A1-9.2.1-RELEASE&userid=&jmhm=&videocodec=h264&appCode=miguvideo_android&bean=mgspad&tid=android&conFee=0&encrypt=cabf543bf3628e2a542b8f06c1a69f41&sv=10004&ct=android, From: subscribe, IPv_Type: ipv6, Location: 中国, ISP: 中国电信, Date: None, Delay: -1 ms, Speed: 0.00 M/s, Resolution: None
Name: CCTV-12, URL: https://t.freetv.fun/live/cctv12-2.php, From: subscribe, IPv_Type: ipv6, Location: 美国, ISP: CloudFlare Inc., Date: None, Delay: -1 ms, Speed: 0.00 M/s, Resolution: None
Name: CCTV-12, URL: https://live.264788.xyz/channel/cctv12?streamid=7274a33e11b479af1bb9e15efd258e4b&livekey=01WgOR41rriMmMkzNsd0UoaxJRwetZdxIvtVk, From: subscribe, IPv_Type: ipv4, Location: 美国, ISP: CloudFlare节点, Date: None, Delay: 409 ms, Speed: 25.22 M/s, Resolution: None
Name: CCTV-13, URL: http://gslbmgsplive.miguvideo.com/envivo_x/2018/SD/cctv13/1000/index.m3u8?msisdn=20250907150030630098c09e1840c0a9b9fccda9bda0a3&mdspid=&spid=699004&netType=0&sid=2202208864&pid=2028597139&timestamp=20250907150030&Channel_ID=0116_2600037000-99000-200300220100002&ProgramID=608807423&ParentNodeID=-99&assertID=2202208864&client_ip=106.13.250.89&SecurityKey=20250907150030&promotionId=&mvid=2202208864&mcid=500020&playurlVersion=WX-A1-8.8.1-RELEASE&userid=&jmhm=&videocodec=h264&bean=mgspad&tid=android&conFee=0&puData=a987b654eb4f9e9b87b8cc8c8c1c8322&ddCalcu=2a29v38a87ycba16c584ce8bc4cf89be798b&sv=10004&ct=android, From: subscribe, IPv_Type: ipv6, Location: 中国, ISP: 中国移动, Date: None, Delay: -1 ms, Speed: 0.00 M/s, Resolution: None
Name: CCTV-13, URL: http://n1.gzbody.com:85/rtp/239.253.43.196:5146, From: subscribe, IPv_Type: ipv6, Location: 中国, ISP: 中国电信, Date: None, Delay: -1 ms, Speed: 0.00 M/s, Resolution: None
Name: CCTV-13, URL: http://bailudz.top:1236/111/hahahaha.php, From: subscribe, IPv_Type: ipv6, Location: 中国, ISP: 中国电信, Date: None, Delay: -1 ms, Speed: 0.00 M/s, Resolution: None
Name: CCTV-13, URL: https://migu.188766.xyz/?migutoken=31ebb48bd432094e58cea22829157eeb&id=CCTV13&type=yy, From: subscribe, IPv_Type: ipv6, Location: 美国, ISP: CloudFlare Inc., Date: None, Delay: -1 ms, Speed: 0.00 M/s, Resolution: None
Name: CCTV-13, URL: http://iptv.huuc.edu.cn/hls/cctv13hd.m3u8, From: subscribe, IPv_Type: ipv6, Location: 中国, ISP: 教育网, Date: None, Delay: -1 ms, Speed: 0.00 M/s, Resolution: None
Name: CCTV-13, URL: http://[2409:8087:1a15:10d1::35]/ottrrs.hl.chinamobile.com/PLTV/88888888/224/3221226537/index.m3u8, From: subscribe, IPv_Type: ipv6, Location: 中国, ISP: 中国移动, Date: None, Delay: -1 ms, Speed: 0.00 M/s, Resolution: None
Name: CCTV-13, URL: https://hls-gateway.vpstv.net/streams/476899.m3u8, From: subscribe, IPv_Type: ipv6, Location: 美国, ISP: CloudFlare Inc., Date: None, Delay: -1 ms, Speed: 0.00 M/s, Resolution: None
Name: CCTV-13, URL: https://event.pull.hebtv.com/jishi/cp1.m3u8, From: subscribe, IPv_Type: ipv6, Location: 中国, ISP: 中国电信, Date: None, Delay: -1 ms, Speed: 0.00 M/s, Resolution: None
Name: CCTV-13, URL: http://jwplay.hebyun.com.cn/live/cctv13/1500k/tzwj_video.m3u8, From: subscribe, IPv_Type: ipv6, Location: 中国, ISP: 中国联通, Date: None, Delay: -1 ms, Speed: 0.00 M/s, Resolution: None
Name: CCTV-13, URL: http://[2409:8087:8:21::18]:6610/otttv.bj.chinamobile.com/PLTV/88888888/224/3221226316/1.m3u8, From: subscribe, IPv_Type: ipv6, Location: 中国, ISP: 中国移动, Date: None, Delay: -1 ms, Speed: 0.00 M/s, Resolution: None
Name: CCTV-13, URL: http://[2409:8087:1a01:df::4077]/ottrrs.hl.chinamobile.com/PLTV/88888888/224/3221226011/index.m3u8, From: subscribe, IPv_Type: ipv6, Location: 中国, ISP: 中国移动, Date: None, Delay: -1 ms, Speed: 0.00 M/s, Resolution: None
Name: CCTV-13, URL: https://epg.pw/stream/5d3d047c64e44d0a24dc33e5700e579457201d2960036b43819bd930a0bb76a7.m3u8, From: subscribe, IPv_Type: ipv6, Location: 美国, ISP: CloudFlare Inc., Date: None, Delay: -1 ms, Speed: 0.00 M/s, Resolution: None
Name: CCTV-13, URL: https://www.freetv.top/migu/608807423.m3u8?migutoken=ac19a58805588401a8e818b6dd00df9b327912af3611ba95f89235e7020821668a2b6dc65ccc3904967da59d0a9742565c56ea582baf8915d068035054818ef0f369dab64705a6a7f7120529ec, From: subscribe, IPv_Type: ipv6, Location: 美国, ISP: Oracle Corporation, Date: None, Delay: -1 ms, Speed: 0.00 M/s, Resolution: None
Name: CCTV-13, URL: http://b.xiongnas.top:8888/rtp/239.3.1.124:8128, From: subscribe, IPv_Type: ipv6, Location: 中国, ISP: 中国联通, Date: None, Delay: -1 ms, Speed: 0.00 M/s, Resolution: None
Name: CCTV-13, URL: https://ldncctvwbcdcnc.v.wscdns.com/ldncctvwbcd/cdrmldcctv13_1/index.m3u8, From: subscribe, IPv_Type: ipv6, Location: 中国, ISP: 中国电信, Date: None, Delay: -1 ms, Speed: 0.00 M/s, Resolution: None
Name: CCTV-13, URL: https://cc06.tv12.xyz/14.m3u8, From: subscribe, IPv_Type: ipv6, Location: 美国, ISP: CloudFlare Inc., Date: None, Delay: -1 ms, Speed: 0.00 M/s, Resolution: None
Name: CCTV-13, URL: https://smart.pendy.dpdns.org/Smart.php?id=cctv13, From: subscribe, IPv_Type: ipv6, Location: 美国, ISP: CloudFlare Inc., Date: None, Delay: -1 ms, Speed: 0.00 M/s, Resolution: None
Name: CCTV-13, URL: https://jzb.wwkejishe.top/?id=591, From: subscribe, IPv_Type: ipv6, Location: 美国, ISP: CloudFlare Inc., Date: None, Delay: -1 ms, Speed: 0.00 M/s, Resolution: None
Name: CCTV-13, URL: https://iptv.catvod.com/live.php?id=CCTV13%E6%96%B0%E9%97%BB, From: subscribe, IPv_Type: ipv6, Location: 美国, ISP: CloudFlare Inc., Date: None, Delay: -1 ms, Speed: 0.00 M/s, Resolution: None
Name: CCTV-13, URL: https://shyd.695847.xyz/cms001/ch00000090990000001328/index.m3u8?IASHttpSessionId=RR4967720251014100028031761&ispcode=12, From: subscribe, IPv_Type: ipv6, Location: 美国, ISP: CloudFlare Inc., Date: None, Delay: -1 ms, Speed: 0.00 M/s, Resolution: None
Name: CCTV-13, URL: https://live.chinacert.cftest5.cn/mg/?id=608807423, From: subscribe, IPv_Type: ipv6, Location: 中国, ISP: 中国电信, Date: None, Delay: -1 ms, Speed: 0.00 M/s, Resolution: None
Name: CCTV-13, URL: https://cdn3.163189.xyz/163189/cctv13, From: subscribe, IPv_Type: ipv6, Location: 美国, ISP: CloudFlare Inc., Date: None, Delay: -1 ms, Speed: 0.00 M/s, Resolution: None
Name: CCTV-13, URL: https://stream1.freetv.fun/f775810be10706600c58373ca47c369fa14a21c1fb1fb953645eaa89b7811b7f.m3u8, From: subscribe, IPv_Type: ipv6, Location: 美国, ISP: CloudFlare Inc., Date: None, Delay: -1 ms, Speed: 0.00 M/s, Resolution: None
Name: CCTV-13, URL: http://www.freetv.top/migu/608807423.m3u8?migutoken=d8e7d5104925c13570533f5db2f808b4613be4d2901d3d406a67fca92ee219bc3692dff97d63d38123fde519465b77404b0a2c0c59bec5e83ad2be42019845acc7e59290159021d585352689cc, From: subscribe, IPv_Type: ipv6, Location: 美国, ISP: Oracle Corporation, Date: None, Delay: -1 ms, Speed: 0.00 M/s, Resolution: None
Name: CCTV-13, URL: http://pull-hs-f5.flive.douyincdn.com/media/stream-695161386435347116/index.m3u8?arch_hrchy=w1&exp_hrchy=w1&expire=1769399632&major_anchor_level=common&sign=9187b14d05855967b7a316320a1085ce&t_id=037-202601191153519CA1DA2812B4E30F9D02-KO6UcR&volcSecret=9187b14d05855967b7a316320a1085ce&volcTime=1769399632, From: subscribe, IPv_Type: ipv6, Location: 澳大利亚-新南威尔士州-大悉尼, ISP: Linode, Date: None, Delay: -1 ms, Speed: 0.00 M/s, Resolution: None
Name: CCTV-13, URL: https://t.freetv.fun/live/cctv13-21.m3u8, From: subscribe, IPv_Type: ipv6, Location: 美国, ISP: CloudFlare Inc., Date: None, Delay: -1 ms, Speed: 0.00 M/s, Resolution: None
Name: CCTV-13, URL: http://pull-hls-f11.douyincdn.com/media/stream-695306571565499052.m3u8?arch_hrchy=w1&exp_hrchy=w1&expire=1771549191&major_anchor_level=common&sign=63aedeb26c2ad0e08c696b215d55f9fa&t_id=037-2026021308595043BF4B99B05679FF056D-K8NBow, From: subscribe, IPv_Type: ipv6, Location: 中国, ISP: 中国联通, Date: None, Delay: -1 ms, Speed: 0.00 M/s, Resolution: None
Name: CCTV-13, URL: http://mgsp-zy2.live.miguvideo.com:8088/envivo_x/2018/SD/cctv13/2000/index.m3u8?msisdn=e55e9ee71b42d2d7008a152c069625e3&mdspid=&spid=699004&netType=0&sid=2202208864&pid=2028597139&timestamp=20260216080221&Channel_ID=0116_2600034600-99000-201600010010028&ProgramID=608807423&ParentNodeID=-99&assertID=2202208864&client_ip=218.28.233.106&SecurityKey=20260216080221&promotionId=&mvid=2202208864&mcid=500020&playurlVersion=WX-A1-9.2.1-RELEASE&userid=&jmhm=&videocodec=h264&appCode=miguvideo_android&bean=mgspad&tid=android&conFee=0&encrypt=f0c913985829707b7db79db3522bffe1&sv=10004&ct=android, From: subscribe, IPv_Type: ipv6, Location: 中国, ISP: 中国电信, Date: None, Delay: -1 ms, Speed: 0.00 M/s, Resolution: None
Name: CCTV-13, URL: http://pull-hls-f26.douyincdn.com/media/stream-695365261486195372.m3u8?arch_hrchy=w1&exp_hrchy=w1&expire=69a51f8d&major_anchor_level=common&sign=00fe806b764fde7b38cb69969b504b17&t_id=037-20260223132636F024807154720635E0DC-xeIubJ, From: subscribe, IPv_Type: ipv6, Location: 中国, ISP: , Date: None, Delay: -1 ms, Speed: 0.00 M/s, Resolution: None
Name: CCTV-13, URL: http://mgsp-yx2.live.miguvideo.com:8088/envivo_x/2018/SD/cctv13/2000/index.m3u8?msisdn=2be6b2ec9fcf10d2c2457e2c710e172c&mdspid=&spid=699004&netType=0&sid=2202208864&pid=2028597139&timestamp=20260228080221&Channel_ID=0116_2600034600-99000-201600010010028&ProgramID=608807423&ParentNodeID=-99&assertID=2202208864&client_ip=218.28.233.106&SecurityKey=20260228080221&promotionId=&mvid=2202208864&mcid=500020&playurlVersion=WX-A1-9.2.1-RELEASE&userid=&jmhm=&videocodec=h264&appCode=miguvideo_android&bean=mgspad&tid=android&conFee=0&encrypt=c14d8690fe2cc1533dc4102ad60e607b&sv=10004&ct=android, From: subscribe, IPv_Type: ipv6, Location: 中国, ISP: 中国电信, Date: None, Delay: -1 ms, Speed: 0.00 M/s, Resolution: None
Name: CCTV-13, URL: http://207.56.13.146:81/cdnlive/cctv13.m3u8, From: subscribe, IPv_Type: ipv4, Location: 美国-科罗拉多州, ISP: NTT(美国)通信公司, Date: None, Delay: 1025 ms, Speed: 4.04 M/s, Resolution: 1920x1080
Name: CCTV-14, URL: http://gslbmgsplive.miguvideo.com/wd_r2/2018/ocn/cctv14hd/1000/index.m3u8?msisdn=20250907150030f5dfe7f2691e428cb380877ad30a8989&mdspid=&spid=699004&netType=0&sid=5500212875&pid=2028597139&timestamp=20250907150030&Channel_ID=0116_2600037000-99000-200300220100002&ProgramID=624878440&ParentNodeID=-99&assertID=5500212875&client_ip=106.13.250.89&SecurityKey=20250907150030&promotionId=&mvid=5100001697&mcid=500020&playurlVersion=WX-A1-8.8.1-RELEASE&userid=&jmhm=&videocodec=h264&bean=mgspad&tid=android&conFee=0&puData=ae352700ede876958360b265245245b3&ddCalcu=3abev53a45y22a5740205e6d2eb807663985&sv=10004&ct=android, From: subscribe, IPv_Type: ipv6, Location: 中国, ISP: 中国移动, Date: None, Delay: -1 ms, Speed: 0.00 M/s, Resolution: None
Name: CCTV-14, URL: http://n1.gzbody.com:85/rtp/239.77.0.133:5146, From: subscribe, IPv_Type: ipv6, Location: 中国, ISP: 中国电信, Date: None, Delay: -1 ms, Speed: 0.00 M/s, Resolution: None
Name: CCTV-14, URL: http://bailudz.top:1236/111/hahahaha.php, From: subscribe, IPv_Type: ipv6, Location: 中国, ISP: 中国电信, Date: None, Delay: -1 ms, Speed: 0.00 M/s, Resolution: None
Name: CCTV-14, URL: https://migu.188766.xyz/?migutoken=dd2200c51353378e90881f228861aba7&id=CCTV14&pp=1, From: subscribe, IPv_Type: ipv6, Location: 美国, ISP: CloudFlare Inc., Date: None, Delay: -1 ms, Speed: 0.00 M/s, Resolution: None
Name: CCTV-14, URL: http://iptv.huuc.edu.cn/hls/cctv14hd.m3u8, From: subscribe, IPv_Type: ipv6, Location: 中国, ISP: 教育网, Date: None, Delay: -1 ms, Speed: 0.00 M/s, Resolution: None
Name: CCTV-14, URL: http://[2409:8087:1a15:10d1::36]/ottrrs.hl.chinamobile.com/PLTV/88888888/224/3221226591/index.m3u8, From: subscribe, IPv_Type: ipv6, Location: 中国, ISP: 中国移动, Date: None, Delay: -1 ms, Speed: 0.00 M/s, Resolution: None
Name: CCTV-14, URL: http://[2409:8087:1a15:10d1::37]/ottrrs.hl.chinamobile.com/PLTV/88888888/224/3221226591/index.m3u8, From: subscribe, IPv_Type: ipv6, Location: 中国, ISP: 中国移动, Date: None, Delay: -1 ms, Speed: 0.00 M/s, Resolution: None
Name: CCTV-14, URL: https://hls-gateway.vpstv.net/streams/476900.m3u8, From: subscribe, IPv_Type: ipv6, Location: 美国, ISP: CloudFlare Inc., Date: None, Delay: -1 ms, Speed: 0.00 M/s, Resolution: None
Name: CCTV-14, URL: https://event.pull.hebtv.com/jishi/cp2.m3u8, From: subscribe, IPv_Type: ipv6, Location: 中国, ISP: 中国电信, Date: None, Delay: -1 ms, Speed: 0.00 M/s, Resolution: None
Name: CCTV-14, URL: http://[2409:8087:8:21::18]:6610/otttv.bj.chinamobile.com/PLTV/88888888/224/3221226947/1.m3u8, From: subscribe, IPv_Type: ipv6, Location: 中国, ISP: 中国移动, Date: None, Delay: -1 ms, Speed: 0.00 M/s, Resolution: None
Name: CCTV-14, URL: http://[2409:8087:1a01:df::4077]:80/ottrrs.hl.chinamobile.com/TVOD/88888888/224/3221225732/index.m3u8, From: subscribe, IPv_Type: ipv6, Location: 中国, ISP: 中国移动, Date: None, Delay: -1 ms, Speed: 0.00 M/s, Resolution: None
Name: CCTV-14, URL: http://www.freetv.top/migu/624878440.m3u8?migutoken=303d044cf07163e1e2e8e4ecc8b6696ed836301cf573b626d3c00ec50cd362cc5e6a93afc2fd102cb883155554597d14eaa697edc9b0a30e56fc0115f81d8fbb8b87129e5bedad7d2173178f03, From: subscribe, IPv_Type: ipv6, Location: 美国, ISP: Oracle Corporation, Date: None, Delay: -1 ms, Speed: 0.00 M/s, Resolution: None
Name: CCTV-14, URL: https://www.freetv.top/migu/624878440.m3u8?migutoken=239edad94ac0bbff14f123c7f8996ed7639110bd6cf64ec8ba8cf85842224956d452ec8b683385cb27f8a7685224a03e3aa4d914b8fe33249da9df699351b105c795452d03f2be0a1f1e39adb0, From: subscribe, IPv_Type: ipv6, Location: 美国, ISP: Oracle Corporation, Date: None, Delay: -1 ms, Speed: 0.00 M/s, Resolution: None
Name: CCTV-14, URL: http://b.xiongnas.top:8888/rtp/239.3.1.65:8132, From: subscribe, IPv_Type: ipv6, Location: 中国, ISP: 中国联通, Date: None, Delay: -1 ms, Speed: 0.00 M/s, Resolution: None
Name: CCTV-14, URL: https://cc06.tv12.xyz/15.m3u8, From: subscribe, IPv_Type: ipv6, Location: 美国, ISP: CloudFlare Inc., Date: None, Delay: -1 ms, Speed: 0.00 M/s, Resolution: None
Name: CCTV-14, URL: https://smart.pendy.dpdns.org/Smart.php?id=cctv14, From: subscribe, IPv_Type: ipv6, Location: 美国, ISP: CloudFlare Inc., Date: None, Delay: -1 ms, Speed: 0.00 M/s, Resolution: None
Name: CCTV-14, URL: https://jzb.wwkejishe.top/?id=592, From: subscribe, IPv_Type: ipv6, Location: 美国, ISP: CloudFlare Inc., Date: None, Delay: -1 ms, Speed: 0.00 M/s, Resolution: None
Name: CCTV-14, URL: http://jk55269942.myqnapcloud.com:4022/rtp/239.49.8.56:9826, From: subscribe, IPv_Type: ipv6, Location: 中国, ISP: 中国联通, Date: None, Delay: -1 ms, Speed: 0.00 M/s, Resolution: None
Name: CCTV-14, URL: http://zcb.myds.me:10001/rtp/239.49.8.56:9826, From: subscribe, IPv_Type: ipv6, Location: 中国, ISP: 中国电信, Date: None, Delay: -1 ms, Speed: 0.00 M/s, Resolution: None
Name: CCTV-14, URL: https://iptv.catvod.com/live.php?id=CCTV14%E5%B0%91%E5%84%BF, From: subscribe, IPv_Type: ipv6, Location: 美国, ISP: CloudFlare Inc., Date: None, Delay: -1 ms, Speed: 0.00 M/s, Resolution: None
Name: CCTV-14, URL: https://shyd.695847.xyz/cms001/ch00000090990000001240/index.m3u8?IASHttpSessionId=RR4967720251014100028031761&ispcode=12, From: subscribe, IPv_Type: ipv6, Location: 美国, ISP: CloudFlare Inc., Date: None, Delay: -1 ms, Speed: 0.00 M/s, Resolution: None
Name: CCTV-14, URL: https://zby.130519.xyz/PLTV/11/224/3221226150/index.m3u8, From: subscribe, IPv_Type: ipv6, Location: 美国, ISP: CloudFlare Inc., Date: None, Delay: -1 ms, Speed: 0.00 M/s, Resolution: None
Name: CCTV-14, URL: https://live.chinacert.cftest5.cn/mg/?id=624878440, From: subscribe, IPv_Type: ipv6, Location: 中国, ISP: 中国电信, Date: None, Delay: -1 ms, Speed: 0.00 M/s, Resolution: None
Name: CCTV-14, URL: https://stream1.freetv.fun/cctv-14-shao-er-2.m3u8, From: subscribe, IPv_Type: ipv6, Location: 美国, ISP: CloudFlare Inc., Date: None, Delay: -1 ms, Speed: 0.00 M/s, Resolution: None
Name: CCTV-14, URL: https://t.freetv.fun/live/cctv14shao-er-1.php, From: subscribe, IPv_Type: ipv6, Location: 美国, ISP: CloudFlare Inc., Date: None, Delay: -1 ms, Speed: 0.00 M/s, Resolution: None
Name: CCTV-14, URL: http://mgsp-zy2.live.miguvideo.com:8088/migu/kailu/cctv14hd265/54/20200407/index.m3u8?msisdn=2be6b2ec9fcf10d2c2457e2c710e172c&mdspid=&spid=699004&netType=0&sid=5500212875&pid=2028597139&timestamp=20260227080204&Channel_ID=0116_2600034600-99000-201600010010028&ProgramID=624878440&ParentNodeID=-99&assertID=5500212875&client_ip=218.28.233.106&SecurityKey=20260227080204&promotionId=&mvid=5100001697&mcid=500020&playurlVersion=WX-A1-9.2.1-RELEASE&userid=&jmhm=&videocodec=h265&appCode=miguvideo_android&bean=mgspad&tid=android&conFee=0&encrypt=a5dc5395e654f38e282c052aec779736&sv=10004&ct=android, From: subscribe, IPv_Type: ipv6, Location: 中国, ISP: 中国电信, Date: None, Delay: -1 ms, Speed: 0.00 M/s, Resolution: None
Name: CCTV-14, URL: http://mgsp-ws2.live.miguvideo.com:8088/migu/kailu/cctv14hd265/54/20200407/index.m3u8?msisdn=2be6b2ec9fcf10d2c2457e2c710e172c&mdspid=&spid=699004&netType=0&sid=5500212875&pid=2028597139&timestamp=20260301080204&Channel_ID=0116_2600034600-99000-201600010010028&ProgramID=624878440&ParentNodeID=-99&assertID=5500212875&client_ip=218.28.233.106&SecurityKey=20260301080204&promotionId=&mvid=5100001697&mcid=500020&playurlVersion=WX-A1-9.2.1-RELEASE&userid=&jmhm=&videocodec=h265&appCode=miguvideo_android&bean=mgspad&tid=android&conFee=0&encrypt=1e0fc9ef2dfcb768f0758297c1d6f159&sv=10004&ct=android, From: subscribe, IPv_Type: ipv6, Location: 加拿大, ISP: , Date: None, Delay: -1 ms, Speed: 0.00 M/s, Resolution: None
Name: CCTV-14, URL: http://mgsp-yx2.live.miguvideo.com:8088/migu/kailu/cctv14hd265/54/20200407/index.m3u8?msisdn=2be6b2ec9fcf10d2c2457e2c710e172c&mdspid=&spid=699004&netType=0&sid=5500212875&pid=2028597139&timestamp=20260303080204&Channel_ID=0116_2600034600-99000-201600010010028&ProgramID=624878440&ParentNodeID=-99&assertID=5500212875&client_ip=218.28.233.106&SecurityKey=20260303080204&promotionId=&mvid=5100001697&mcid=500020&playurlVersion=WX-A1-9.2.2-RELEASE&userid=&jmhm=&videocodec=h265&appCode=miguvideo_android&bean=mgspad&tid=android&conFee=0&encrypt=4d46151adf1911059577405e78c32dd8&sv=10004&ct=android, From: subscribe, IPv_Type: ipv6, Location: 中国, ISP: 中国电信, Date: None, Delay: -1 ms, Speed: 0.00 M/s, Resolution: None
Name: CCTV-14, URL: https://v.iill.top/api/CCTV14/index.m3u8, From: subscribe, IPv_Type: ipv6, Location: 美国, ISP: CloudFlare Inc., Date: None, Delay: -1 ms, Speed: 0.00 M/s, Resolution: None
Name: CCTV-14, URL: https://live.264788.xyz/channel/cctv14?streamid=f0870d5670f7b591427c91bcb34e55d4&livekey=01WgOR41rriMmMkzNsd0UoaxJRwetZdxIvtVk, From: subscribe, IPv_Type: ipv4, Location: 美国, ISP: CloudFlare节点, Date: None, Delay: 330 ms, Speed: 30.03 M/s, Resolution: 720x576
Name: CCTV-15, URL: http://gslbmgsplive.miguvideo.com/migu/kailu/20200324/cctv15hd/50/index.m3u8?msisdn=202509071500301988667ee69a42219d4eebdaf1fee5cd&mdspid=&spid=699004&netType=0&sid=5501083628&pid=2028597139&timestamp=20250907150030&Channel_ID=0116_2600037000-99000-200300220100002&ProgramID=673168223&ParentNodeID=-99&assertID=5501083628&client_ip=106.13.250.89&SecurityKey=20250907150030&promotionId=&mvid=5102910391&mcid=500020&playurlVersion=WX-A1-8.8.1-RELEASE&userid=&jmhm=&videocodec=h264&bean=mgspad&tid=android&conFee=0&puData=b8ea6815ec260b3f9023f44e9277a614&ddCalcu=4b18v6eaaaa76a782195ee4c42f6302b039f&sv=10004&ct=android, From: subscribe, IPv_Type: ipv6, Location: 中国, ISP: 中国移动, Date: None, Delay: -1 ms, Speed: 0.00 M/s, Resolution: None
Name: CCTV-15, URL: http://n1.gzbody.com:85/rtp/239.77.1.120:5146, From: subscribe, IPv_Type: ipv6, Location: 中国, ISP: 中国电信, Date: None, Delay: -1 ms, Speed: 0.00 M/s, Resolution: None
Name: CCTV-15, URL: http://bailudz.top:1236/111/hahahaha.php, From: subscribe, IPv_Type: ipv6, Location: 中国, ISP: 中国电信, Date: None, Delay: -1 ms, Speed: 0.00 M/s, Resolution: None
Name: CCTV-15, URL: http://hwrr.jx.chinamobile.com:8080/PLTV/88888888/224/3221225641/index.m3u8, From: subscribe, IPv_Type: ipv6, Location: 中国, ISP: 中国移动, Date: None, Delay: -1 ms, Speed: 0.00 M/s, Resolution: None
Name: CCTV-15, URL: https://migu.188766.xyz/?migutoken=462f398c31753fa3d7231a45c8092db5&id=CCTV15&pp=1, From: subscribe, IPv_Type: ipv6, Location: 美国, ISP: CloudFlare Inc., Date: None, Delay: -1 ms, Speed: 0.00 M/s, Resolution: None
Name: CCTV-15, URL: http://[2409:8087:1a15:10d1::36]/ottrrs.hl.chinamobile.com/PLTV/88888888/224/3221225601/index.m3u8, From: subscribe, IPv_Type: ipv6, Location: 中国, ISP: 中国移动, Date: None, Delay: -1 ms, Speed: 0.00 M/s, Resolution: None
Name: CCTV-15, URL: https://www.freetv.top/migu/673168223.m3u8?migutoken=4e8d5766579c6bef231494cabd07e5b49d965804790214280c9791e4c331fd90311cb62ea43d3a1899229bfa57be4afe5a567b32a6b78153fc9a9801e28a39435e078b48c211e71d6083519be4, From: subscribe, IPv_Type: ipv6, Location: 美国, ISP: Oracle Corporation, Date: None, Delay: -1 ms, Speed: 0.00 M/s, Resolution: None
Name: CCTV-15, URL: https://smart.pendy.dpdns.org/Smart.php?id=cctv15, From: subscribe, IPv_Type: ipv6, Location: 美国, ISP: CloudFlare Inc., Date: None, Delay: -1 ms, Speed: 0.00 M/s, Resolution: None
Name: CCTV-15, URL: http://[2409:8087:1a01:df::4033]:80/TVOD/88888888/224/3221226127/main.m3u8, From: subscribe, IPv_Type: ipv6, Location: 中国, ISP: 中国移动, Date: None, Delay: -1 ms, Speed: 0.00 M/s, Resolution: None
Name: CCTV-15, URL: http://[2409:8087:1a0a:df::404b]/ottrrs.hl.chinamobile.com/TVOD/88888888/224/3221225601/index.m3u8, From: subscribe, IPv_Type: ipv6, Location: 中国, ISP: 中国移动, Date: None, Delay: -1 ms, Speed: 0.00 M/s, Resolution: None
Name: CCTV-15, URL: http://[2409:8087:1a01:df::4077]/ottrrs.hl.chinamobile.com/PLTV/88888888/224/3221225601/index.m3u8, From: subscribe, IPv_Type: ipv6, Location: 中国, ISP: 中国移动, Date: None, Delay: -1 ms, Speed: 0.00 M/s, Resolution: None
Name: CCTV-15, URL: http://[2409:8087:8:21::18]:6610/otttv.bj.chinamobile.com/PLTV/88888888/224/3221226333/1.m3u8, From: subscribe, IPv_Type: ipv6, Location: 中国, ISP: 中国移动, Date: None, Delay: -1 ms, Speed: 0.00 M/s, Resolution: None
Name: CCTV-15, URL: http://iptv.cdn.ha.chinamobile.com/PLTV/88888888/224/3221227175/index.m3u8, From: subscribe, IPv_Type: ipv6, Location: 中国, ISP: 中国移动, Date: None, Delay: -1 ms, Speed: 0.00 M/s, Resolution: None
Name: CCTV-15, URL: http://yc.myds.me:35455/gaoma/cctv15.m3u8, From: subscribe, IPv_Type: ipv6, Location: 中国, ISP: 中国电信, Date: None, Delay: -1 ms, Speed: 0.00 M/s, Resolution: None
Name: CCTV-15, URL: https://stream1.freetv.fun/d8c678257099a8f24e3bb33a4f9059014ddf1de229ef366a1870f56c11b57c90.m3u8, From: subscribe, IPv_Type: ipv6, Location: 美国, ISP: CloudFlare Inc., Date: None, Delay: -1 ms, Speed: 0.00 M/s, Resolution: None
Name: CCTV-15, URL: https://hls-gateway.vpstv.net/streams/476901.m3u8, From: subscribe, IPv_Type: ipv6, Location: 美国, ISP: CloudFlare Inc., Date: None, Delay: -1 ms, Speed: 0.00 M/s, Resolution: None
Name: CCTV-15, URL: http://b.xiongnas.top:8888/rtp/239.3.1.153:8136, From: subscribe, IPv_Type: ipv6, Location: 中国, ISP: 中国联通, Date: None, Delay: -1 ms, Speed: 0.00 M/s, Resolution: None
Name: CCTV-15, URL: http://lu.wqwqwq.sbs/itv/1000000005000265014.m3u8?cdn=ystenlive, From: subscribe, IPv_Type: ipv6, Location: 美国, ISP: CloudFlare Inc., Date: None, Delay: -1 ms, Speed: 0.00 M/s, Resolution: None
Name: CCTV-15, URL: https://cc06.tv12.xyz/16.m3u8, From: subscribe, IPv_Type: ipv6, Location: 美国, ISP: CloudFlare Inc., Date: None, Delay: -1 ms, Speed: 0.00 M/s, Resolution: None
Name: CCTV-15, URL: https://jzb.wwkejishe.top/?id=593, From: subscribe, IPv_Type: ipv6, Location: 美国, ISP: CloudFlare Inc., Date: None, Delay: -1 ms, Speed: 0.00 M/s, Resolution: None
Name: CCTV-15, URL: http://jk55269942.myqnapcloud.com:4022/rtp/239.49.1.15:6000, From: subscribe, IPv_Type: ipv6, Location: 中国, ISP: 中国联通, Date: None, Delay: -1 ms, Speed: 0.00 M/s, Resolution: None
Name: CCTV-15, URL: http://zcb.myds.me:10001/rtp/239.49.1.15:6000, From: subscribe, IPv_Type: ipv6, Location: 中国, ISP: 中国电信, Date: None, Delay: -1 ms, Speed: 0.00 M/s, Resolution: None
Name: CCTV-15, URL: https://iptv.catvod.com/live.php?id=CCTV15%E9%9F%B3%E4%B9%90, From: subscribe, IPv_Type: ipv6, Location: 美国, ISP: CloudFlare Inc., Date: None, Delay: -1 ms, Speed: 0.00 M/s, Resolution: None
Name: CCTV-15, URL: https://shyd.695847.xyz/cms001/ch00000090990000001338/index.m3u8?IASHttpSessionId=RR4967720251014100028031761&ispcode=12, From: subscribe, IPv_Type: ipv6, Location: 美国, ISP: CloudFlare Inc., Date: None, Delay: -1 ms, Speed: 0.00 M/s, Resolution: None
Name: CCTV-15, URL: https://live.chinacert.cftest5.cn/mg/?id=673168223, From: subscribe, IPv_Type: ipv6, Location: 中国, ISP: 中国电信, Date: None, Delay: -1 ms, Speed: 0.00 M/s, Resolution: None
Name: CCTV-15, URL: http://mgsp-yx2.live.miguvideo.com:8088/migu/kailu/20200324/cctv15hd/51/index.m3u8?msisdn=e55e9ee71b42d2d7008a152c069625e3&mdspid=&spid=699004&netType=0&sid=5501083628&pid=2028597139&timestamp=20260216080222&Channel_ID=0116_2600034600-99000-201600010010028&ProgramID=673168223&ParentNodeID=-99&assertID=5501083628&client_ip=218.28.233.106&SecurityKey=20260216080222&promotionId=&mvid=5102910391&mcid=500020&playurlVersion=WX-A1-9.2.1-RELEASE&userid=&jmhm=&videocodec=h264&appCode=miguvideo_android&bean=mgspad&tid=android&conFee=0&encrypt=3117c2a0f9b45eee51af687ceb7c144d&sv=10004&ct=android, From: subscribe, IPv_Type: ipv6, Location: 中国, ISP: 中国电信, Date: None, Delay: -1 ms, Speed: 0.00 M/s, Resolution: None
Name: CCTV-15, URL: http://mgsp-zy2.live.miguvideo.com:8088/migu/kailu/20200324/cctv15hd/51/index.m3u8?msisdn=2be6b2ec9fcf10d2c2457e2c710e172c&mdspid=&spid=699004&netType=0&sid=5501083628&pid=2028597139&timestamp=20260225080205&Channel_ID=0116_2600034600-99000-201600010010028&ProgramID=673168223&ParentNodeID=-99&assertID=5501083628&client_ip=218.28.233.106&SecurityKey=20260225080205&promotionId=&mvid=5102910391&mcid=500020&playurlVersion=WX-A1-9.2.1-RELEASE&userid=&jmhm=&videocodec=h264&appCode=miguvideo_android&bean=mgspad&tid=android&conFee=0&encrypt=912026a1dcbfd6cb6213b1ab7b476697&sv=10004&ct=android, From: subscribe, IPv_Type: ipv6, Location: 中国, ISP: 中国电信, Date: None, Delay: -1 ms, Speed: 0.00 M/s, Resolution: None
Name: CCTV-15, URL: http://mgsp-hs2.live.miguvideo.com:8088/migu/kailu/20200324/cctv15hd/51/index.m3u8?msisdn=2be6b2ec9fcf10d2c2457e2c710e172c&mdspid=&spid=699004&netType=0&sid=5501083628&pid=2028597139&timestamp=20260302080222&Channel_ID=0116_2600034600-99000-201600010010028&ProgramID=673168223&ParentNodeID=-99&assertID=5501083628&client_ip=218.28.233.106&SecurityKey=20260302080222&promotionId=&mvid=5102910391&mcid=500020&playurlVersion=WX-A1-9.2.1-RELEASE&userid=&jmhm=&videocodec=h264&appCode=miguvideo_android&bean=mgspad&tid=android&conFee=0&encrypt=89b7b0da30cee3c73dd2fc622746c58d&sv=10004&ct=android, From: subscribe, IPv_Type: ipv6, Location: 中国, ISP: 中国联通, Date: None, Delay: -1 ms, Speed: 0.00 M/s, Resolution: None
Name: CCTV-15, URL: https://xykt-fix.github.io/play/a02e/index.m3u8, From: subscribe, IPv_Type: ipv6, Location: 美国, ISP: , Date: None, Delay: -1 ms, Speed: 0.00 M/s, Resolution: None
Name: CCTV-16, URL: http://n1.gzbody.com:85/rtp/239.77.0.165:5146, From: subscribe, IPv_Type: ipv6, Location: 中国, ISP: 中国电信, Date: None, Delay: -1 ms, Speed: 0.00 M/s, Resolution: None
Name: CCTV-16, URL: https://migu.188766.xyz/?migutoken=941fd02474c2bc9c9d7e9f2587e3ad94&id=CCTV16&type=yy, From: subscribe, IPv_Type: ipv6, Location: 美国, ISP: CloudFlare Inc., Date: None, Delay: -1 ms, Speed: 0.00 M/s, Resolution: None
Name: CCTV-16, URL: http://[2409:8087:1a15:10d1::33]/ottrrs.hl.chinamobile.com/PLTV/88888888/224/3221226100/index.m3u8, From: subscribe, IPv_Type: ipv6, Location: 中国, ISP: 中国移动, Date: None, Delay: -1 ms, Speed: 0.00 M/s, Resolution: None
Name: CCTV-16, URL: https://mursor.ottiptv.cc/mcp/cctv16.m3u8?sign=123cce6b073d4227fc1efe8ff22bdc51&tm=1757443317, From: subscribe, IPv_Type: ipv6, Location: 美国-新泽西州-巴赛克, ISP: DigitalOcean, Date: None, Delay: -1 ms, Speed: 0.00 M/s, Resolution: None
Name: CCTV-16, URL: http://[2409:8087:1a15:10d1::35]/ottrrs.hl.chinamobile.com/PLTV/88888888/224/3221226100/index.m3u8, From: subscribe, IPv_Type: ipv6, Location: 中国, ISP: 中国移动, Date: None, Delay: -1 ms, Speed: 0.00 M/s, Resolution: None
Name: CCTV-16, URL: https://hls-gateway.vpstv.net/streams/709089.m3u8, From: subscribe, IPv_Type: ipv6, Location: 美国, ISP: CloudFlare Inc., Date: None, Delay: -1 ms, Speed: 0.00 M/s, Resolution: None
Name: CCTV-16, URL: http://[2409:8087:8:21::18]:6610/otttv.bj.chinamobile.com/PLTV/88888888/224/3221227002/1.m3u8, From: subscribe, IPv_Type: ipv6, Location: 中国, ISP: 中国移动, Date: None, Delay: -1 ms, Speed: 0.00 M/s, Resolution: None
Name: CCTV-16, URL: http://[2409:8087:1a01:df::4077]:80/ottrrs.hl.chinamobile.com/yinhe/88888888/224/3221226100/index.m3u8, From: subscribe, IPv_Type: ipv6, Location: 中国, ISP: 中国移动, Date: None, Delay: -1 ms, Speed: 0.00 M/s, Resolution: None
Name: CCTV-16, URL: http://livetv.wqwqwq.sbs/gaoma/cctv4k16.m3u8, From: subscribe, IPv_Type: ipv6, Location: 美国, ISP: CloudFlare Inc., Date: None, Delay: -1 ms, Speed: 0.00 M/s, Resolution: None
Name: CCTV-16, URL: http://b.xiongnas.top:8888/rtp/239.3.1.184:8001, From: subscribe, IPv_Type: ipv6, Location: 中国, ISP: 中国联通, Date: None, Delay: -1 ms, Speed: 0.00 M/s, Resolution: None
Name: CCTV-16, URL: https://epg.pw/stream/c1beb2abcba5aef09c2f58efc3ca84b76de2c7b9cf60762b0d79772d9e70d454.m3u8, From: subscribe, IPv_Type: ipv6, Location: 美国, ISP: CloudFlare Inc., Date: None, Delay: -1 ms, Speed: 0.00 M/s, Resolution: None
Name: CCTV-16, URL: http://lu.wqwqwq.sbs/itv/1000000006000233002.m3u8?cdn=ystenlive, From: subscribe, IPv_Type: ipv6, Location: 美国, ISP: CloudFlare Inc., Date: None, Delay: -1 ms, Speed: 0.00 M/s, Resolution: None
Name: CCTV-16, URL: http://php.jdshipin.com:8880/bst2.php, From: subscribe, IPv_Type: ipv6, Location: 美国, ISP: CloudFlare Inc., Date: None, Delay: -1 ms, Speed: 0.00 M/s, Resolution: None
Name: CCTV-16, URL: http://yc.myds.me:35455/gaoma/cctv16.m3u8, From: subscribe, IPv_Type: ipv6, Location: 中国, ISP: 中国电信, Date: None, Delay: -1 ms, Speed: 0.00 M/s, Resolution: None
Name: CCTV-16, URL: https://shyd.695847.xyz/cms001/ch00000090990000001248/index.m3u8?IASHttpSessionId=RR4967720251014100028031761&ispcode=12, From: subscribe, IPv_Type: ipv6, Location: 美国, ISP: CloudFlare Inc., Date: None, Delay: -1 ms, Speed: 0.00 M/s, Resolution: None
Name: CCTV-16, URL: https://iptv.catvod.com/live.php?id=CCTV16, From: subscribe, IPv_Type: ipv6, Location: 美国, ISP: CloudFlare Inc., Date: None, Delay: -1 ms, Speed: 0.00 M/s, Resolution: None
Name: CCTV-16, URL: https://stream1.freetv.fun/cdd93308f8ffbb06fab05e75d7c91d7ec6d9c68d865738572b52b3e8c959cf14.m3u8, From: subscribe, IPv_Type: ipv6, Location: 美国, ISP: CloudFlare Inc., Date: None, Delay: -1 ms, Speed: 0.00 M/s, Resolution: None
Name: CCTV-16, URL: http://rrs01.hw.gmcc.net:8088/PLTV/81/224/3221226825/1.m3u8, From: subscribe, IPv_Type: ipv6, Location: 中国, ISP: 中国移动, Date: None, Delay: -1 ms, Speed: 0.00 M/s, Resolution: None
Name: CCTV-16, URL: http://ott.mobaibox.com/PLTV/3/224/3221228168/index.m3u8, From: subscribe, IPv_Type: ipv6, Location: 中国, ISP: 中国移动, Date: None, Delay: -1 ms, Speed: 0.00 M/s, Resolution: None
Name: CCTV-16, URL: http://hwottcdn.ln.chinamobile.com/PLTV/11/224/3221227071/index.m3u8, From: subscribe, IPv_Type: ipv6, Location: 中国, ISP: 中国移动, Date: None, Delay: -1 ms, Speed: 0.00 M/s, Resolution: None
Name: CCTV-16, URL: http://hwltc.tv.cdn.zj.chinamobile.com/PLTV/88888888/224/3221236181/index.m3u8, From: subscribe, IPv_Type: ipv6, Location: 中国, ISP: 中国移动, Date: None, Delay: -1 ms, Speed: 0.00 M/s, Resolution: None
Name: CCTV-16, URL: https://t.freetv.fun/live/cctv16-5.php, From: subscribe, IPv_Type: ipv6, Location: 美国, ISP: CloudFlare Inc., Date: None, Delay: -1 ms, Speed: 0.00 M/s, Resolution: None
Name: CCTV-17, URL: http://gslbmgsplive.miguvideo.com/migu/kailu/20200324/cctv17hd/50/index.m3u8?msisdn=20250907150030db6867b2e4dc4f81b3e35a99f268f8a0&mdspid=&spid=699004&netType=0&sid=5501083631&pid=2028597139&timestamp=20250907150030&Channel_ID=0116_2600037000-99000-200300220100002&ProgramID=673168256&ParentNodeID=-99&assertID=5501083631&client_ip=106.13.250.89&SecurityKey=20250907150030&promotionId=&mvid=5102910396&mcid=500020&playurlVersion=WX-A1-8.8.1-RELEASE&userid=&jmhm=&videocodec=h264&bean=mgspad&tid=android&conFee=0&puData=3263d51518a7da35232a053e42a29316&ddCalcu=6312v36a93a2daa52145e1385a07ad2a3325&sv=10004&ct=android, From: subscribe, IPv_Type: ipv6, Location: 中国, ISP: 中国移动, Date: None, Delay: -1 ms, Speed: 0.00 M/s, Resolution: None
Name: CCTV-17, URL: http://n1.gzbody.com:85/rtp/239.77.0.198:5146, From: subscribe, IPv_Type: ipv6, Location: 中国, ISP: 中国电信, Date: None, Delay: -1 ms, Speed: 0.00 M/s, Resolution: None
Name: CCTV-17, URL: http://bailudz.top:1236/111/hahahaha.php, From: subscribe, IPv_Type: ipv6, Location: 中国, ISP: 中国电信, Date: None, Delay: -1 ms, Speed: 0.00 M/s, Resolution: None
Name: CCTV-17, URL: https://migu.188766.xyz/?migutoken=be5c53c0253ba8402241fc8e39caa8a1&id=CCTV17&type=yy, From: subscribe, IPv_Type: ipv6, Location: 美国, ISP: CloudFlare Inc., Date: None, Delay: -1 ms, Speed: 0.00 M/s, Resolution: None
Name: CCTV-17, URL: http://[2409:8087:1a15:10d1::36]/ottrrs.hl.chinamobile.com/PLTV/88888888/224/3221225765/index.m3u8, From: subscribe, IPv_Type: ipv6, Location: 中国, ISP: 中国移动, Date: None, Delay: -1 ms, Speed: 0.00 M/s, Resolution: None
Name: CCTV-17, URL: https://mgtv.ottiptv.cc/mg/673168256.m3u8?sign=b511b535e5302de52af205e326db4b6a&tm=1757436314&token=37cc891f0adc7b304298fc32c4ea1e52ef41332a1bc688c35b03a6e6dd7304a67e9f1fd3ea202cf75a883d2eda19e5b94d4c0a5441ffed52dab5192a304d0b8d6d4262a9b82e85269977608e1a, From: subscribe, IPv_Type: ipv6, Location: 美国, ISP: Oracle Corporation, Date: None, Delay: -1 ms, Speed: 0.00 M/s, Resolution: None
Name: CCTV-17, URL: http://[2409:8087:8:21::18]:6610/otttv.bj.chinamobile.com/PLTV/88888888/224/3221226318/1.m3u8, From: subscribe, IPv_Type: ipv6, Location: 中国, ISP: 中国移动, Date: None, Delay: -1 ms, Speed: 0.00 M/s, Resolution: None
Name: CCTV-17, URL: http://[2409:8087:1a01:df::4077]/ottrrs.hl.chinamobile.com/PLTV/88888888/224/3221225765/1.m3u8?icpid=88888888&from=1&hms_devid=1012&vqe=3, From: subscribe, IPv_Type: ipv6, Location: 中国, ISP: 中国移动, Date: None, Delay: -1 ms, Speed: 0.00 M/s, Resolution: None
Name: CCTV-17, URL: http://[2409:8087:1a01:df::4025]:80/TVOD/88888888/224/3221225708/main.m3u8, From: subscribe, IPv_Type: ipv6, Location: 中国, ISP: 中国移动, Date: None, Delay: -1 ms, Speed: 0.00 M/s, Resolution: None
Name: CCTV-17, URL: https://www.freetv.top/migu/673168256.m3u8?migutoken=e7dc493273bb331a8b7e0d3c475924ad4706b90f18fd4775c1c134103274e9ad9d59015289e02877b65420a149fcae4f793ded0177cc600ac79d9a95a234e4a8db198072e6973c4a14c05c9dc6, From: subscribe, IPv_Type: ipv6, Location: 美国, ISP: Oracle Corporation, Date: None, Delay: -1 ms, Speed: 0.00 M/s, Resolution: None
Name: CCTV-17, URL: http://b.xiongnas.top:8888/rtp/239.3.1.151:8144, From: subscribe, IPv_Type: ipv6, Location: 中国, ISP: 中国联通, Date: None, Delay: -1 ms, Speed: 0.00 M/s, Resolution: None
Name: CCTV-17, URL: http://iptv.cdn.ha.chinamobile.com/PLTV/88888888/224/3221227188/index.m3u8, From: subscribe, IPv_Type: ipv6, Location: 中国, ISP: 中国移动, Date: None, Delay: -1 ms, Speed: 0.00 M/s, Resolution: None
Name: CCTV-17, URL: https://cc06.tv12.xyz/17.m3u8, From: subscribe, IPv_Type: ipv6, Location: 美国, ISP: CloudFlare Inc., Date: None, Delay: -1 ms, Speed: 0.00 M/s, Resolution: None
Name: CCTV-17, URL: http://yc.myds.me:35455/gaoma/cctv17.m3u8, From: subscribe, IPv_Type: ipv6, Location: 中国, ISP: 中国电信, Date: None, Delay: -1 ms, Speed: 0.00 M/s, Resolution: None
Name: CCTV-17, URL: https://jzb.wwkejishe.top/?id=594, From: subscribe, IPv_Type: ipv6, Location: 美国, ISP: CloudFlare Inc., Date: None, Delay: -1 ms, Speed: 0.00 M/s, Resolution: None
Name: CCTV-17, URL: http://jk55269942.myqnapcloud.com:4022/rtp/239.49.8.52:9810, From: subscribe, IPv_Type: ipv6, Location: 中国, ISP: 中国联通, Date: None, Delay: -1 ms, Speed: 0.00 M/s, Resolution: None
Name: CCTV-17, URL: http://zcb.myds.me:10001/rtp/239.49.8.52:9810, From: subscribe, IPv_Type: ipv6, Location: 中国, ISP: 中国电信, Date: None, Delay: -1 ms, Speed: 0.00 M/s, Resolution: None
Name: CCTV-17, URL: https://iptv.catvod.com/live.php?id=CCTV17%E5%86%9C%E4%B8%9A%E5%86%9C%E6%9D%91, From: subscribe, IPv_Type: ipv6, Location: 美国, ISP: CloudFlare Inc., Date: None, Delay: -1 ms, Speed: 0.00 M/s, Resolution: None
Name: CCTV-17, URL: https://shyd.695847.xyz/cms001/ch00000090990000001241/index.m3u8?IASHttpSessionId=RR4967720251014100028031761&ispcode=12, From: subscribe, IPv_Type: ipv6, Location: 美国, ISP: CloudFlare Inc., Date: None, Delay: -1 ms, Speed: 0.00 M/s, Resolution: None
Name: CCTV-17, URL: https://live.chinacert.cftest5.cn/mg/?id=673168256, From: subscribe, IPv_Type: ipv6, Location: 中国, ISP: 中国电信, Date: None, Delay: -1 ms, Speed: 0.00 M/s, Resolution: None
Name: CCTV-17, URL: http://www.freetv.top/migu/673168256.m3u8?migutoken=698e0ff1ba47e7b3e38326199e2ee0a1b7bd0b0dd192935d111a196fb0a283c3070537cce6951301b2cc3e6f7de31ffdb9b7c4095d6c008d8333e21e5070375ca86124640133c9fa4c6ffa847f, From: subscribe, IPv_Type: ipv6, Location: 美国, ISP: Oracle Corporation, Date: None, Delay: -1 ms, Speed: 0.00 M/s, Resolution: None
Name: CCTV-17, URL: http://lu.wqwqwq.sbs/itv/1000000005000265015.m3u8?cdn=ystenlive, From: subscribe, IPv_Type: ipv6, Location: 美国, ISP: CloudFlare Inc., Date: None, Delay: -1 ms, Speed: 0.00 M/s, Resolution: None
Name: CCTV-17, URL: http://pull-hls-f26.douyincdn.com/media/stream-118704554834395820.m3u8?arch_hrchy=w1&exp_hrchy=w1&expire=69780e69&major_anchor_level=common&sign=3110e51e78d0ef28cef8b792af1560fa&t_id=037-20260120090129CB135EAED6411C70974A-WTvAu3, From: subscribe, IPv_Type: ipv6, Location: 中国, ISP: , Date: None, Delay: -1 ms, Speed: 0.00 M/s, Resolution: None
Name: CCTV-17, URL: http://pull-hs-f5.flive.douyincdn.com/media/stream-695234889566126764/index.m3u8?arch_hrchy=w1&exp_hrchy=w1&expire=1770510943&major_anchor_level=common&sign=dd29a839e4c1695baa854e62d1520175&t_id=037-20260201083542E2A9E7FA3B89F8A17BA8-arf6Qh&volcSecret=dd29a839e4c1695baa854e62d1520175&volcTime=1770510943, From: subscribe, IPv_Type: ipv6, Location: 澳大利亚-新南威尔士州-大悉尼, ISP: Linode, Date: None, Delay: -1 ms, Speed: 0.00 M/s, Resolution: None
Name: CCTV-17, URL: http://pull-hls-f11.douyincdn.com/media/stream-695298859153752748.m3u8?arch_hrchy=w1&exp_hrchy=w1&expire=1771463708&major_anchor_level=common&sign=708998c737cbaa4a6c56a71ad9384156&t_id=037-202602120915076A7E8CC5831E48650F02-GFlq4b, From: subscribe, IPv_Type: ipv6, Location: 中国, ISP: 中国联通, Date: None, Delay: -1 ms, Speed: 0.00 M/s, Resolution: None
Name: CCTV-17, URL: http://mgsp-ws2.live.miguvideo.com:8088/migu/kailu/20200324/cctv17hd/51/index.m3u8?msisdn=e55e9ee71b42d2d7008a152c069625e3&mdspid=&spid=699004&netType=0&sid=5501083631&pid=2028597139&timestamp=20260215080205&Channel_ID=0116_2600034600-99000-201600010010028&ProgramID=673168256&ParentNodeID=-99&assertID=5501083631&client_ip=218.28.233.106&SecurityKey=20260215080205&promotionId=&mvid=5102910396&mcid=500020&playurlVersion=WX-A1-9.2.1-RELEASE&userid=&jmhm=&videocodec=h264&appCode=miguvideo_android&bean=mgspad&tid=android&conFee=0&encrypt=e2b175242321eef543bf92f4894f55f9&sv=10004&ct=android, From: subscribe, IPv_Type: ipv6, Location: 加拿大, ISP: , Date: None, Delay: -1 ms, Speed: 0.00 M/s, Resolution: None
Name: CCTV-17, URL: http://mgsp-hs2.live.miguvideo.com:8088/migu/kailu/20200324/cctv17hd/51/index.m3u8?msisdn=e55e9ee71b42d2d7008a152c069625e3&mdspid=&spid=699004&netType=0&sid=5501083631&pid=2028597139&timestamp=20260216080222&Channel_ID=0116_2600034600-99000-201600010010028&ProgramID=673168256&ParentNodeID=-99&assertID=5501083631&client_ip=218.28.233.106&SecurityKey=20260216080222&promotionId=&mvid=5102910396&mcid=500020&playurlVersion=WX-A1-9.2.1-RELEASE&userid=&jmhm=&videocodec=h264&appCode=miguvideo_android&bean=mgspad&tid=android&conFee=0&encrypt=9e058cb0fc681fc1d9cd82739c8c5b50&sv=10004&ct=android, From: subscribe, IPv_Type: ipv6, Location: 中国, ISP: 中国移动, Date: None, Delay: -1 ms, Speed: 0.00 M/s, Resolution: None
Name: CCTV-17, URL: http://mgsp-yx2.live.miguvideo.com:8088/migu/kailu/20200324/cctv17hd/51/index.m3u8?msisdn=2be6b2ec9fcf10d2c2457e2c710e172c&mdspid=&spid=699004&netType=0&sid=5501083631&pid=2028597139&timestamp=20260225080205&Channel_ID=0116_2600034600-99000-201600010010028&ProgramID=673168256&ParentNodeID=-99&assertID=5501083631&client_ip=218.28.233.106&SecurityKey=20260225080205&promotionId=&mvid=5102910396&mcid=500020&playurlVersion=WX-A1-9.2.1-RELEASE&userid=&jmhm=&videocodec=h264&appCode=miguvideo_android&bean=mgspad&tid=android&conFee=0&encrypt=baae013e3a1b2f74dadbf45723171a1a&sv=10004&ct=android, From: subscribe, IPv_Type: ipv6, Location: 中国, ISP: 中国电信, Date: None, Delay: -1 ms, Speed: 0.00 M/s, Resolution: None
Name: CCTV-17, URL: http://mgsp-zy2.live.miguvideo.com:8088/migu/kailu/20200324/cctv17hd/51/index.m3u8?msisdn=2be6b2ec9fcf10d2c2457e2c710e172c&mdspid=&spid=699004&netType=0&sid=5501083631&pid=2028597139&timestamp=20260228080221&Channel_ID=0116_2600034600-99000-201600010010028&ProgramID=673168256&ParentNodeID=-99&assertID=5501083631&client_ip=218.28.233.106&SecurityKey=20260228080221&promotionId=&mvid=5102910396&mcid=500020&playurlVersion=WX-A1-9.2.1-RELEASE&userid=&jmhm=&videocodec=h264&appCode=miguvideo_android&bean=mgspad&tid=android&conFee=0&encrypt=d124cf0ad92fa67f360f4a2efa222ef8&sv=10004&ct=android, From: subscribe, IPv_Type: ipv6, Location: 中国, ISP: 中国电信, Date: None, Delay: -1 ms, Speed: 0.00 M/s, Resolution: None
Name: CCTV-17, URL: https://t.freetv.fun/live/cctv17-1.php, From: subscribe, IPv_Type: ipv6, Location: 美国, ISP: CloudFlare Inc., Date: None, Delay: -1 ms, Speed: 0.00 M/s, Resolution: None
Name: CCTV-17, URL: https://live.264788.xyz/channel/cctv17?streamid=348c8c0c04a6d2b900e5a3bcb4af8ce1&livekey=01WgOR41rriMmMkzNsd0UoaxJRwetZdxIvtVk, From: subscribe, IPv_Type: ipv4, Location: 美国, ISP: CloudFlare节点, Date: None, Delay: 112 ms, Speed: 115.96 M/s, Resolution: 1920x1080
Name: CETV-1, URL: http://gslbmgsplive.miguvideo.com/migu/kailu/cetv1/51/20240709/index.m3u8?msisdn=6f434b0cb13f3babce21dc84a564ecfd&mdspid=&spid=699004&netType=0&sid=5910022150&pid=2028597139&timestamp=20260523054636&Channel_ID=0116_2600034600-99000-201600010010028&ProgramID=923287154&ParentNodeID=-99&assertID=5910022150&client_ip=47.92.227.102&SecurityKey=20260523054636&promotionId=&mvid=5900006636&mcid=500020&playurlVersion=WX-A1-9.5.1.2-RELEASE&userid=&jmhm=&videocodec=h264&appCode=miguvideo_android&bean=mgspad&tid=android&conFee=0&puData=c7d5b61cc02274478dadd7cc3dd3cd8d&ddCalcu=dc87vddac5d3bad6d13cccc072d2d7a4d487&sv=10004&ct=android, From: subscribe, IPv_Type: ipv6, Location: 中国, ISP: 中国移动, Date: None, Delay: -1 ms, Speed: 0.00 M/s, Resolution: None
Name: CETV-1, URL: http://n1.gzbody.com:85/rtp/239.77.1.222:5146, From: subscribe, IPv_Type: ipv6, Location: 中国, ISP: 中国电信, Date: None, Delay: -1 ms, Speed: 0.00 M/s, Resolution: None
Name: CETV-1, URL: http://[2409:8087:1a15:10d1::34]/ottrrs.hl.chinamobile.com/PLTV/88888888/224/3221225652/index.m3u8, From: subscribe, IPv_Type: ipv6, Location: 中国, ISP: 中国移动, Date: None, Delay: -1 ms, Speed: 0.00 M/s, Resolution: None
Name: CETV-1, URL: http://[2409:8087:1a0b:df::4020]:80/ottrrs.hl.chinamobile.com/PLTV/88888888/224/3221225652/index.m3u8, From: subscribe, IPv_Type: ipv6, Location: 中国, ISP: 中国移动, Date: None, Delay: -1 ms, Speed: 0.00 M/s, Resolution: None
Name: CETV-1, URL: http://[2409:8087:8:21::18]:6610/otttv.bj.chinamobile.com/PLTV/88888888/224/3221226494/1.m3u8, From: subscribe, IPv_Type: ipv6, Location: 中国, ISP: 中国移动, Date: None, Delay: -1 ms, Speed: 0.00 M/s, Resolution: None
Name: CETV-1, URL: http://rrs01.hw.gmcc.net:8088/PLTV/81/224/3221226673/1.m3u8, From: subscribe, IPv_Type: ipv6, Location: 中国, ISP: 中国移动, Date: None, Delay: -1 ms, Speed: 0.00 M/s, Resolution: None
Name: CETV-1, URL: https://migu.188766.xyz/?migutoken=a55dadc35d37e3e168faf8268cc6fa97&id=CETV1&type=yy, From: subscribe, IPv_Type: ipv6, Location: 美国, ISP: CloudFlare Inc., Date: None, Delay: -1 ms, Speed: 0.00 M/s, Resolution: None
Name: CETV-1, URL: http://iptv.cdn.ha.chinamobile.com/PLTV/88888888/224/3221227190/index.m3u8, From: subscribe, IPv_Type: ipv6, Location: 中国, ISP: 中国移动, Date: None, Delay: -1 ms, Speed: 0.00 M/s, Resolution: None
Name: CETV-1, URL: https://cc06.tv12.xyz/23.m3u8, From: subscribe, IPv_Type: ipv6, Location: 美国, ISP: CloudFlare Inc., Date: None, Delay: -1 ms, Speed: 0.00 M/s, Resolution: None
Name: CETV-1, URL: http://[2409:8087:1a0a:df::4031]:80/ottrrs.hl.chinamobile.com/PLTV/88888888/224/3221225652/index.m3u8, From: subscribe, IPv_Type: ipv6, Location: 中国, ISP: 中国移动, Date: None, Delay: -1 ms, Speed: 0.00 M/s, Resolution: None
Name: CETV-1, URL: http://[2409:8087:1a15:10d1::35]/ottrrs.hl.chinamobile.com/PLTV/88888888/224/3221225652/index.m3u8, From: subscribe, IPv_Type: ipv6, Location: 中国, ISP: 中国移动, Date: None, Delay: -1 ms, Speed: 0.00 M/s, Resolution: None
Name: CETV-1, URL: https://stream1.freetv.fun/ipv6-cetv1-7.m3u8, From: subscribe, IPv_Type: ipv6, Location: 美国, ISP: CloudFlare Inc., Date: None, Delay: -1 ms, Speed: 0.00 M/s, Resolution: None
Name: CETV-1, URL: https://mursor.ottiptv.cc/mcp/cetv1.m3u8?sign=956a93dd52103b87aa974469ae471069&tm=1757443317, From: subscribe, IPv_Type: ipv6, Location: 美国-新泽西州-巴赛克, ISP: DigitalOcean, Date: None, Delay: -1 ms, Speed: 0.00 M/s, Resolution: None
Name: CETV-1, URL: https://mgtv.ottiptv.cc/mg/923287154.m3u8?sign=16d3fb4d5a843f1e51c3fffbfd57d3ca&tm=1757436315&token=1f70847a9c601d97698a800d8d6aac054ab86964bd514fcbe18127d0984f7b72f614ad69a219c0e617b2edc17de6acdf2263412dfaa1425bbd0ea6a46b6fdfa8a85920c4fe5723d6adcfc95866, From: subscribe, IPv_Type: ipv6, Location: 美国, ISP: Oracle Corporation, Date: None, Delay: -1 ms, Speed: 0.00 M/s, Resolution: None
Name: CETV-1, URL: http://[2409:8087:1e01:20::3]/PLTV/11/224/3221225775/1.m3u8, From: subscribe, IPv_Type: ipv6, Location: 中国, ISP: 中国移动, Date: None, Delay: -1 ms, Speed: 0.00 M/s, Resolution: None
Name: CETV-1, URL: http://[2409:8087:1a01:df::7005]/ottrrs.hl.chinamobile.com/PLTV/88888888/224/3221225652/index.m3u8, From: subscribe, IPv_Type: ipv6, Location: 中国, ISP: 中国移动, Date: None, Delay: -1 ms, Speed: 0.00 M/s, Resolution: None
Name: CETV-1, URL: http://ottrrs.hl.chinamobile.com/PLTV/88888888/224/3221225652/index.m3u8, From: subscribe, IPv_Type: ipv6, Location: 中国, ISP: 中国移动, Date: None, Delay: -1 ms, Speed: 0.00 M/s, Resolution: None
Name: CETV-1, URL: http://[2409:8087:1:20:20::2a]/otttv.bj.chinamobile.com/PLTV/88888888/224/3221226494/1.m3u8?GuardEncType=2&accountinfo=%7E%7EV2.0%7EB8MrpAzJ_Bw12HHVBcZO6g%7E_eNUbgU9sJGUcVVduOMKhafLvQUgE_zlz_7pvDimJNONWWecbSKZXNjh_5hExtTC%2CEND, From: subscribe, IPv_Type: ipv6, Location: 中国, ISP: 中国移动, Date: None, Delay: -1 ms, Speed: 0.00 M/s, Resolution: None
Name: CETV-1, URL: https://shyd.695847.xyz/cms001/ch00000090990000001100/index.m3u8?IASHttpSessionId=RR4967720251014100028031761&ispcode=12, From: subscribe, IPv_Type: ipv6, Location: 美国, ISP: CloudFlare Inc., Date: None, Delay: -1 ms, Speed: 0.00 M/s, Resolution: None
Name: CETV-1, URL: https://iptv.catvod.com/live.php?id=CETV1, From: subscribe, IPv_Type: ipv6, Location: 美国, ISP: CloudFlare Inc., Date: None, Delay: -1 ms, Speed: 0.00 M/s, Resolution: None
Name: CETV-1, URL: http://iptv.666230.xyz/iptv/sxg.php/CETV-1H264_4000, From: subscribe, IPv_Type: ipv6, Location: 美国, ISP: CloudFlare Inc., Date: None, Delay: -1 ms, Speed: 0.00 M/s, Resolution: None
Name: CETV-1, URL: http://[2409:8087:1e02:20::10]/000000001000PLTV/11/224/3221225775/1.m3u8, From: subscribe, IPv_Type: ipv6, Location: 中国, ISP: 中国移动, Date: None, Delay: -1 ms, Speed: 0.00 M/s, Resolution: None
Name: CETV-1, URL: https://zby.130519.xyz/PLTV/11/224/3221225775/index.m3u8, From: subscribe, IPv_Type: ipv6, Location: 美国, ISP: CloudFlare Inc., Date: None, Delay: -1 ms, Speed: 0.00 M/s, Resolution: None
Name: CETV-1, URL: https://t.freetv.fun/live/cetv1-4.m3u8, From: subscribe, IPv_Type: ipv6, Location: 美国, ISP: CloudFlare Inc., Date: None, Delay: -1 ms, Speed: 0.00 M/s, Resolution: None
Name: CETV-1, URL: http://mgsp-zy2.live.miguvideo.com:8088/migu/kailu/cetv1/51/20240709/index.m3u8?msisdn=e55e9ee71b42d2d7008a152c069625e3&mdspid=&spid=699004&netType=0&sid=5910022150&pid=2028597139&timestamp=20260215080214&Channel_ID=0116_2600034600-99000-201600010010028&ProgramID=923287154&ParentNodeID=-99&assertID=5910022150&client_ip=218.28.233.106&SecurityKey=20260215080214&promotionId=&mvid=5900006636&mcid=500020&playurlVersion=WX-A1-9.2.1-RELEASE&userid=&jmhm=&videocodec=h264&appCode=miguvideo_android&bean=mgspad&tid=android&conFee=0&encrypt=55f09050375084b404b2725fec41b556&sv=10004&ct=android, From: subscribe, IPv_Type: ipv6, Location: 中国, ISP: 中国电信, Date: None, Delay: -1 ms, Speed: 0.00 M/s, Resolution: None
Name: CETV-1, URL: http://mgsp-ws2.live.miguvideo.com:8088/migu/kailu/cetv1/51/20240709/index.m3u8?msisdn=e55e9ee71b42d2d7008a152c069625e3&mdspid=&spid=699004&netType=0&sid=5910022150&pid=2028597139&timestamp=20260216080232&Channel_ID=0116_2600034600-99000-201600010010028&ProgramID=923287154&ParentNodeID=-99&assertID=5910022150&client_ip=218.28.233.106&SecurityKey=20260216080232&promotionId=&mvid=5900006636&mcid=500020&playurlVersion=WX-A1-9.2.1-RELEASE&userid=&jmhm=&videocodec=h264&appCode=miguvideo_android&bean=mgspad&tid=android&conFee=0&encrypt=9999cb4cc2da6733debe2b984f19ad2b&sv=10004&ct=android, From: subscribe, IPv_Type: ipv6, Location: 加拿大, ISP: , Date: None, Delay: -1 ms, Speed: 0.00 M/s, Resolution: None
Name: CETV-1, URL: http://mgsp-hs2.live.miguvideo.com:8088/migu/kailu/cetv1/51/20240709/index.m3u8?msisdn=e55e9ee71b42d2d7008a152c069625e3&mdspid=&spid=699004&netType=0&sid=5910022150&pid=2028597139&timestamp=20260217084025&Channel_ID=0116_2600034600-99000-201600010010028&ProgramID=923287154&ParentNodeID=-99&assertID=5910022150&client_ip=218.28.233.106&SecurityKey=20260217084025&promotionId=&mvid=5900006636&mcid=500020&playurlVersion=WX-A1-9.2.1-RELEASE&userid=&jmhm=&videocodec=h264&appCode=miguvideo_android&bean=mgspad&tid=android&conFee=0&encrypt=425ed8e9c6f888c5114b45eaca98d05d&sv=10004&ct=android, From: subscribe, IPv_Type: ipv6, Location: 中国, ISP: 中国联通, Date: None, Delay: -1 ms, Speed: 0.00 M/s, Resolution: None
Name: CETV-1, URL: http://mgsp-yx2.live.miguvideo.com:8088/migu/kailu/cetv1/51/20240709/index.m3u8?msisdn=2be6b2ec9fcf10d2c2457e2c710e172c&mdspid=&spid=699004&netType=0&sid=5910022150&pid=2028597139&timestamp=20260227080214&Channel_ID=0116_2600034600-99000-201600010010028&ProgramID=923287154&ParentNodeID=-99&assertID=5910022150&client_ip=218.28.233.106&SecurityKey=20260227080214&promotionId=&mvid=5900006636&mcid=500020&playurlVersion=WX-A1-9.2.1-RELEASE&userid=&jmhm=&videocodec=h264&appCode=miguvideo_android&bean=mgspad&tid=android&conFee=0&encrypt=b71bd81d4e763e250c8fd72479c63042&sv=10004&ct=android, From: subscribe, IPv_Type: ipv6, Location: 中国, ISP: 中国电信, Date: None, Delay: -1 ms, Speed: 0.00 M/s, Resolution: None
Name: CETV-1, URL: https://tv.gxtv.cn/channel/channelivePlay_ffa6b6e1b32b4a16a73eb3ef66f8bfc7.html, From: subscribe, IPv_Type: ipv6, Location: 加拿大, ISP: , Date: None, Delay: -1 ms, Speed: 0.00 M/s, Resolution: None
Name: CETV-1, URL: http://198.204.228.26/live/cetv1hd.m3u8, From: subscribe, IPv_Type: ipv4, Location: 美国, ISP: , Date: None, Delay: 690 ms, Speed: 7.41 M/s, Resolution: 1920x1080
Name: CETV-2, URL: http://gslbmgsplive.miguvideo.com/migu/kailu/cetv2/51/20240709/index.m3u8?msisdn=6f434b0cb13f3babce21dc84a564ecfd&mdspid=&spid=699004&netType=0&sid=5910022152&pid=2028597139&timestamp=20260523054636&Channel_ID=0116_2600034600-99000-201600010010028&ProgramID=923287211&ParentNodeID=-99&assertID=5910022152&client_ip=47.92.227.102&SecurityKey=20260523054636&promotionId=&mvid=5900006638&mcid=500020&playurlVersion=WX-A1-9.5.1.2-RELEASE&userid=&jmhm=&videocodec=h264&appCode=miguvideo_android&bean=mgspad&tid=android&conFee=0&puData=123a0e88e78fb4662e62369babadd9a8&ddCalcu=81a2v93adaad0aaeb8a8be97683f2b64e626&sv=10004&ct=android, From: subscribe, IPv_Type: ipv6, Location: 中国, ISP: 中国移动, Date: None, Delay: -1 ms, Speed: 0.00 M/s, Resolution: None
Name: CETV-2, URL: http://n1.gzbody.com:85/rtp/239.77.1.69:5146, From: subscribe, IPv_Type: ipv6, Location: 中国, ISP: 中国电信, Date: None, Delay: -1 ms, Speed: 0.00 M/s, Resolution: None
Name: CETV-2, URL: http://[2409:8087:1a0b:df::4013]:80/ottrrs.hl.chinamobile.com/PLTV/88888888/224/3221226425/index.m3u8, From: subscribe, IPv_Type: ipv6, Location: 中国, ISP: 中国移动, Date: None, Delay: -1 ms, Speed: 0.00 M/s, Resolution: None
Name: CETV-2, URL: http://[2409:8087:8:21::18]:6610/otttv.bj.chinamobile.com/PLTV/88888888/224/3221226537/1.m3u8?GuardEncType=2&accountinfo=%7E%7EV2.0%7E7AxXs4eTU2oiWrhopr9sHw%7E_eNUbgU9sJGUcVVduOMKhafLvQUgE_zlz_7pvDimJNNxsM0Bor098BJglrhfEQTl%2CEND, From: subscribe, IPv_Type: ipv6, Location: 中国, ISP: 中国移动, Date: None, Delay: -1 ms, Speed: 0.00 M/s, Resolution: None
Name: CETV-2, URL: http://rrs01.hw.gmcc.net:8088/PLTV/81/224/3221226718/1.m3u8, From: subscribe, IPv_Type: ipv6, Location: 中国, ISP: 中国移动, Date: None, Delay: -1 ms, Speed: 0.00 M/s, Resolution: None
Name: CETV-2, URL: https://mursor.ottiptv.cc/migu/923287211.m3u8?migutoken=58dbb8ad5ad539c0da365c819615222219346bbe2fa8d6e4231da9ad89c4faf34adbae451bebfa99d9b8c9eda32e04a0066231dfd40496610efa4bee9ad5f110baee36b6f4098850d6b507505f, From: subscribe, IPv_Type: ipv6, Location: 美国-新泽西州-巴赛克, ISP: DigitalOcean, Date: None, Delay: -1 ms, Speed: 0.00 M/s, Resolution: None
Name: CETV-2, URL: https://migu.188766.xyz/?migutoken=98daa3ba4c81372351b73d9075023b9b&id=CETV2&type=yy, From: subscribe, IPv_Type: ipv6, Location: 美国, ISP: CloudFlare Inc., Date: None, Delay: -1 ms, Speed: 0.00 M/s, Resolution: None
Name: CETV-2, URL: http://iptv.cdn.ha.chinamobile.com/PLTV/88888888/224/3221227329/index.m3u8, From: subscribe, IPv_Type: ipv6, Location: 中国, ISP: 中国移动, Date: None, Delay: -1 ms, Speed: 0.00 M/s, Resolution: None
Name: CETV-2, URL: https://cc06.tv12.xyz/24.m3u8, From: subscribe, IPv_Type: ipv6, Location: 美国, ISP: CloudFlare Inc., Date: None, Delay: -1 ms, Speed: 0.00 M/s, Resolution: None
Name: CETV-2, URL: http://ottrrs.hl.chinamobile.com/PLTV/88888888/224/3221226425/index.m3u8, From: subscribe, IPv_Type: ipv6, Location: 中国, ISP: 中国移动, Date: None, Delay: -1 ms, Speed: 0.00 M/s, Resolution: None
Name: CETV-2, URL: http://[2409:8087:1a0a:df::4031]:80/ottrrs.hl.chinamobile.com/PLTV/88888888/224/3221226425/index.m3u8, From: subscribe, IPv_Type: ipv6, Location: 中国, ISP: 中国移动, Date: None, Delay: -1 ms, Speed: 0.00 M/s, Resolution: None
Name: CETV-2, URL: https://mgtv.ottiptv.cc/mg/923287211.m3u8?sign=ff63928c2a7d9d57e230bd1849ae3ed1&tm=1757436315&token=de54af5c998948490cfb9dba8ffbfb0b4917ef5cc02bdead3eec143022ca912b8032aab4250e22eba9850d6c0c12306c2e04111bde69ab18f92479ae8b481f5ae171bc7cbd2f228b74d0fe24a6, From: subscribe, IPv_Type: ipv6, Location: 美国, ISP: Oracle Corporation, Date: None, Delay: -1 ms, Speed: 0.00 M/s, Resolution: None
Name: CETV-2, URL: http://[2409:8087:1a01:df::7005]/ottrrs.hl.chinamobile.com/PLTV/88888888/224/3221226425/index.m3u8, From: subscribe, IPv_Type: ipv6, Location: 中国, ISP: 中国移动, Date: None, Delay: -1 ms, Speed: 0.00 M/s, Resolution: None
Name: CETV-2, URL: http://[2409:8087:1:20:20::2c]/otttv.bj.chinamobile.com/PLTV/88888888/224/3221226537/1.m3u8?GuardEncType=2&accountinfo=%7E%7EV2.0%7E7AxXs4eTU2oiWrhopr9sHw%7E_eNUbgU9sJGUcVVduOMKhafLvQUgE_zlz_7pvDimJNNxsM0Bor098BJglrhfEQTl%2CEND, From: subscribe, IPv_Type: ipv6, Location: 中国, ISP: 中国移动, Date: None, Delay: -1 ms, Speed: 0.00 M/s, Resolution: None
Name: CETV-2, URL: https://shyd.695847.xyz/cms001/ch00000090990000001226/index.m3u8?IASHttpSessionId=RR4967720251014100028031761&ispcode=12, From: subscribe, IPv_Type: ipv6, Location: 美国, ISP: CloudFlare Inc., Date: None, Delay: -1 ms, Speed: 0.00 M/s, Resolution: None
Name: CETV-2, URL: https://iptv.catvod.com/live.php?id=CETV2, From: subscribe, IPv_Type: ipv6, Location: 美国, ISP: CloudFlare Inc., Date: None, Delay: -1 ms, Speed: 0.00 M/s, Resolution: None
Name: CETV-2, URL: http://iptv.666230.xyz/iptv/sxg.php/CETV-2_4000, From: subscribe, IPv_Type: ipv6, Location: 美国, ISP: CloudFlare Inc., Date: None, Delay: -1 ms, Speed: 0.00 M/s, Resolution: None
Name: CETV-2, URL: http://[2402:4e00:c052:1000:6d8:79ae:eac2:0]:32258/edge-cache02.live3.omd.sc96655.com/live/CETV-2_4000.m3u8, From: subscribe, IPv_Type: ipv6, Location: 中国, ISP: 腾讯云, Date: None, Delay: -1 ms, Speed: 0.00 M/s, Resolution: None
Name: CETV-2, URL: http://mgsp-hs2.live.miguvideo.com:8088/migu/kailu/cetv2/51/20240709/index.m3u8?msisdn=e55e9ee71b42d2d7008a152c069625e3&mdspid=&spid=699004&netType=0&sid=5910022152&pid=2028597139&timestamp=20260216080232&Channel_ID=0116_2600034600-99000-201600010010028&ProgramID=923287211&ParentNodeID=-99&assertID=5910022152&client_ip=218.28.233.106&SecurityKey=20260216080232&promotionId=&mvid=5900006638&mcid=500020&playurlVersion=WX-A1-9.2.1-RELEASE&userid=&jmhm=&videocodec=h264&appCode=miguvideo_android&bean=mgspad&tid=android&conFee=0&encrypt=50a22a777e30d024e257e3f605fb713f&sv=10004&ct=android, From: subscribe, IPv_Type: ipv6, Location: 中国, ISP: 中国移动, Date: None, Delay: -1 ms, Speed: 0.00 M/s, Resolution: None
Name: CETV-2, URL: http://mgsp-zy2.live.miguvideo.com:8088/migu/kailu/cetv2/51/20240709/index.m3u8?msisdn=2be6b2ec9fcf10d2c2457e2c710e172c&mdspid=&spid=699004&netType=0&sid=5910022152&pid=2028597139&timestamp=20260225080215&Channel_ID=0116_2600034600-99000-201600010010028&ProgramID=923287211&ParentNodeID=-99&assertID=5910022152&client_ip=218.28.233.106&SecurityKey=20260225080215&promotionId=&mvid=5900006638&mcid=500020&playurlVersion=WX-A1-9.2.1-RELEASE&userid=&jmhm=&videocodec=h264&appCode=miguvideo_android&bean=mgspad&tid=android&conFee=0&encrypt=4471dc64a34cd216997a9935cebb5f21&sv=10004&ct=android, From: subscribe, IPv_Type: ipv6, Location: 中国, ISP: 中国电信, Date: None, Delay: -1 ms, Speed: 0.00 M/s, Resolution: None
Name: CETV-2, URL: https://tv.gxtv.cn/channel/channelivePlay_80d0ffb42c114eaf9663708629ff0a3e.html, From: subscribe, IPv_Type: ipv6, Location: 加拿大, ISP: , Date: None, Delay: -1 ms, Speed: 0.00 M/s, Resolution: None
Name: CETV-2, URL: http://198.204.228.26/live/cetv2.m3u8, From: subscribe, IPv_Type: ipv4, Location: 美国, ISP: , Date: None, Delay: 1515 ms, Speed: 1.71 M/s, Resolution: 720x576
Name: CETV-2, URL: http://63.141.230.178:82/gslb/zbdq5.m3u8?id=cetv2, From: subscribe, IPv_Type: ipv4, Location: 美国, ISP: , Date: None, Delay: 3628 ms, Speed: 1.04 M/s, Resolution: 720x576
Name: CETV-3, URL: http://[2409:8087:7004:20:1000::22]:6610/yinhe/2/ch00000090990000001309/index.m3u8, From: subscribe, IPv_Type: ipv6, Location: 中国, ISP: 中国移动, Date: None, Delay: -1 ms, Speed: 0.00 M/s, Resolution: None
Name: CETV-3, URL: http://[2409:8087:8:21::18]:6610/otttv.bj.chinamobile.com/PLTV/88888888/224/3221226577/1.m3u8?GuardEncType=2&accountinfo=%7E%7EV2.0%7EhE2Z89HKgsQOlN9opVn1iw%7E_eNUbgU9sJGUcVVduOMKhafLvQUgE_zlz_7pvDimJNN03yUnk4zBVk1bynPPL3hZ%2CEND, From: subscribe, IPv_Type: ipv6, Location: 中国, ISP: 中国移动, Date: None, Delay: -1 ms, Speed: 0.00 M/s, Resolution: None
Name: CETV-3, URL: http://rrs01.hw.gmcc.net:8088/PLTV/81/224/3221226722/1.m3u8, From: subscribe, IPv_Type: ipv6, Location: 中国, ISP: 中国移动, Date: None, Delay: -1 ms, Speed: 0.00 M/s, Resolution: None
Name: CETV-3, URL: http://iptv.cdn.ha.chinamobile.com/PLTV/88888888/224/3221227352/index.m3u8, From: subscribe, IPv_Type: ipv6, Location: 中国, ISP: 中国移动, Date: None, Delay: -1 ms, Speed: 0.00 M/s, Resolution: None
Name: CETV-3, URL: http://ott.mobaibox.com/PLTV/3/224/3221227018/index.m3u8, From: subscribe, IPv_Type: ipv6, Location: 中国, ISP: 中国移动, Date: None, Delay: -1 ms, Speed: 0.00 M/s, Resolution: None
Name: CETV-3, URL: http://iptv.666230.xyz/iptv/jsyd.php/G_CETV-3, From: subscribe, IPv_Type: ipv6, Location: 美国, ISP: CloudFlare Inc., Date: None, Delay: -1 ms, Speed: 0.00 M/s, Resolution: None
Name: CETV-3, URL: http://63.141.230.178:82/gslb/zbdq5.m3u8?id=cetv3, From: subscribe, IPv_Type: ipv4, Location: 美国, ISP: , Date: None, Delay: 1755 ms, Speed: 2.08 M/s, Resolution: 720x576
Name: CETV-3, URL: http://198.204.228.26/live/cetv3.m3u8, From: subscribe, IPv_Type: ipv4, Location: 美国, ISP: , Date: None, Delay: 1604 ms, Speed: 1.62 M/s, Resolution: 720x576
Name: CETV-4, URL: http://gslbmgsplive.miguvideo.com/migu/kailu/cetv4/51/20240709/index.m3u8?msisdn=23cb1171025cb2bab4e72a2df2008538&mdspid=&spid=699004&netType=0&sid=5910022154&pid=2028597139&timestamp=20260523054635&Channel_ID=0116_2600034600-99000-201600010010028&ProgramID=923287339&ParentNodeID=-99&assertID=5910022154&client_ip=39.98.63.22&SecurityKey=20260523054635&promotionId=&mvid=5900006640&mcid=500020&playurlVersion=WX-A1-9.5.1.2-RELEASE&userid=&jmhm=&videocodec=h264&appCode=miguvideo_android&bean=mgspad&tid=android&conFee=0&puData=03955fc8b457180c4bdc9b27c63ddfc5&ddCalcu=50c3vf9ad5bd5a3f6cc87b24b597c1d8b04c&sv=10004&ct=android, From: subscribe, IPv_Type: ipv6, Location: 中国, ISP: 中国移动, Date: None, Delay: -1 ms, Speed: 0.00 M/s, Resolution: None
Name: CETV-4, URL: http://n1.gzbody.com:85/rtp/239.253.43.114:5146, From: subscribe, IPv_Type: ipv6, Location: 中国, ISP: 中国电信, Date: None, Delay: -1 ms, Speed: 0.00 M/s, Resolution: None
Name: CETV-4, URL: http://[2409:8087:1a0b:df::4020]:80/ottrrs.hl.chinamobile.com/PLTV/88888888/224/3221225783/index.m3u8, From: subscribe, IPv_Type: ipv6, Location: 中国, ISP: 中国移动, Date: None, Delay: -1 ms, Speed: 0.00 M/s, Resolution: None
Name: CETV-4, URL: http://[2409:8087:8:21::18]:6610/otttv.bj.chinamobile.com/PLTV/88888888/224/3221226997/1.m3u8?GuardEncType=2&accountinfo=%7E%7EV2.0%7EAw_OvjRgJVjtlaOa0dcgzg%7EtP4-l0lmSfjwLWEfK_el1vH_mv-s1zo4AQJwdedaVwG9xkuFTDg8J26cwOrNJzn20BErrHdLhuZ9EzLUCD3PMW-OMx4MGteHV2vLeW6BqoY%2CEND, From: subscribe, IPv_Type: ipv6, Location: 中国, ISP: 中国移动, Date: None, Delay: -1 ms, Speed: 0.00 M/s, Resolution: None
Name: CETV-4, URL: http://rrs01.hw.gmcc.net:8088/PLTV/81/224/3221226724/1.m3u8, From: subscribe, IPv_Type: ipv6, Location: 中国, ISP: 中国移动, Date: None, Delay: -1 ms, Speed: 0.00 M/s, Resolution: None
Name: CETV-4, URL: https://mursor.ottiptv.cc/migu/923287339.m3u8?migutoken=165b545b4402eaba61cdc31defb6548a443d9b5eebb1d99392852bd799c553e8817e85eb324c512581ca9a1ed8e56e530144f79606cf44fe5b2d5e97b6da577e0f2adae2a90c2a55089c95880b, From: subscribe, IPv_Type: ipv6, Location: 美国-新泽西州-巴赛克, ISP: DigitalOcean, Date: None, Delay: -1 ms, Speed: 0.00 M/s, Resolution: None
Name: CETV-4, URL: https://migu.188766.xyz/?migutoken=d5d19d868e1df41e984866fc7ca15071&id=CETV4&type=yy, From: subscribe, IPv_Type: ipv6, Location: 美国, ISP: CloudFlare Inc., Date: None, Delay: -1 ms, Speed: 0.00 M/s, Resolution: None
Name: CETV-4, URL: http://iptv.cdn.ha.chinamobile.com/PLTV/88888888/224/3221227331/index.m3u8, From: subscribe, IPv_Type: ipv6, Location: 中国, ISP: 中国移动, Date: None, Delay: -1 ms, Speed: 0.00 M/s, Resolution: None
Name: CETV-4, URL: http://ottrrs.hl.chinamobile.com/PLTV/88888888/224/3221225783/index.m3u8, From: subscribe, IPv_Type: ipv6, Location: 中国, ISP: 中国移动, Date: None, Delay: -1 ms, Speed: 0.00 M/s, Resolution: None
Name: CETV-4, URL: http://[2409:8087:1a0a:df::4031]:80/ottrrs.hl.chinamobile.com/PLTV/88888888/224/3221225783/index.m3u8, From: subscribe, IPv_Type: ipv6, Location: 中国, ISP: 中国移动, Date: None, Delay: -1 ms, Speed: 0.00 M/s, Resolution: None
Name: CETV-4, URL: http://sxydajtvlive.sx.chinamobile.com/PLTV/-/224/3221225748/1.m3u8, From: subscribe, IPv_Type: ipv6, Location: 中国, ISP: 中国移动, Date: None, Delay: -1 ms, Speed: 0.00 M/s, Resolution: None
Name: CETV-4, URL: https://mgtv.ottiptv.cc/mg/923287339.m3u8?sign=f7c79f9940a78853e9a283d362705469&tm=1757436315&token=93071c27560d364d3476ba7095ed2980cac658ddf5a8182090fcbfd9f6235cce39a3a222f2ed7d8d15cc9745a272f479f5e63717661ca156ab9b76fde4166d11f7d42cf485c54b9a3f51a798a0, From: subscribe, IPv_Type: ipv6, Location: 美国, ISP: Oracle Corporation, Date: None, Delay: -1 ms, Speed: 0.00 M/s, Resolution: None
Name: CETV-4, URL: http://[2409:8087:1e01:20::3]/PLTV/11/224/3221226069/1.m3u8, From: subscribe, IPv_Type: ipv6, Location: 中国, ISP: 中国移动, Date: None, Delay: -1 ms, Speed: 0.00 M/s, Resolution: None
Name: CETV-4, URL: http://[2409:8087:1a01:df::7005]/ottrrs.hl.chinamobile.com/PLTV/88888888/224/3221225783/index.m3u8, From: subscribe, IPv_Type: ipv6, Location: 中国, ISP: 中国移动, Date: None, Delay: -1 ms, Speed: 0.00 M/s, Resolution: None
Name: CETV-4, URL: http://[2409:8087:1:20:20::26]/otttv.bj.chinamobile.com/PLTV/88888888/224/3221226557/1.m3u8?GuardEncType=2&accountinfo=%7E%7EV2.0%7EBzZToIaOOoaa_jAUfhUQHQ%7E_eNUbgU9sJGUcVVduOMKhafLvQUgE_zlz_7pvDimJNOD9BEmVSNbqSQpqXZxnxbk%2CEND, From: subscribe, IPv_Type: ipv6, Location: 中国, ISP: 中国移动, Date: None, Delay: -1 ms, Speed: 0.00 M/s, Resolution: None
Name: CETV-4, URL: https://shyd.695847.xyz/cms001/ch00000090990000001348/index.m3u8?IASHttpSessionId=RR4967720251014100028031761&ispcode=12, From: subscribe, IPv_Type: ipv6, Location: 美国, ISP: CloudFlare Inc., Date: None, Delay: -1 ms, Speed: 0.00 M/s, Resolution: None
Name: CETV-4, URL: https://iptv.catvod.com/live.php?id=CETV4, From: subscribe, IPv_Type: ipv6, Location: 美国, ISP: CloudFlare Inc., Date: None, Delay: -1 ms, Speed: 0.00 M/s, Resolution: None
Name: CETV-4, URL: http://iptv.666230.xyz/iptv/sxg.php/CETV-4H264_2000, From: subscribe, IPv_Type: ipv6, Location: 美国, ISP: CloudFlare Inc., Date: None, Delay: -1 ms, Speed: 0.00 M/s, Resolution: None
Name: CETV-4, URL: http://[2409:8087:1e02:20::1a]/PLTV/11/224/3221226153/1.m3u8, From: subscribe, IPv_Type: ipv6, Location: 中国, ISP: 中国移动, Date: None, Delay: -1 ms, Speed: 0.00 M/s, Resolution: None
Name: CETV-4, URL: https://zby.130519.xyz/PLTV/11/224/3221226153/index.m3u8, From: subscribe, IPv_Type: ipv6, Location: 美国, ISP: CloudFlare Inc., Date: None, Delay: -1 ms, Speed: 0.00 M/s, Resolution: None
Name: CETV-4, URL: http://[2409:8087:1e01:23::10]:8112/000000001000/5000000006000012123/1.m3u8?channel-id=bestzb&Contentid=5000000006000012123&livemode=1&stbId=m, From: subscribe, IPv_Type: ipv6, Location: 中国, ISP: 中国移动, Date: None, Delay: -1 ms, Speed: 0.00 M/s, Resolution: None
Name: CETV-4, URL: http://mgsp-hs2.live.miguvideo.com:8088/migu/kailu/cetv4/51/20240709/index.m3u8?msisdn=e55e9ee71b42d2d7008a152c069625e3&mdspid=&spid=699004&netType=0&sid=5910022154&pid=2028597139&timestamp=20260216080233&Channel_ID=0116_2600034600-99000-201600010010028&ProgramID=923287339&ParentNodeID=-99&assertID=5910022154&client_ip=218.28.233.106&SecurityKey=20260216080233&promotionId=&mvid=5900006640&mcid=500020&playurlVersion=WX-A1-9.2.1-RELEASE&userid=&jmhm=&videocodec=h264&appCode=miguvideo_android&bean=mgspad&tid=android&conFee=0&encrypt=4380d1b7c3d1203a6efa8d16c02df669&sv=10004&ct=android, From: subscribe, IPv_Type: ipv6, Location: 中国, ISP: 中国移动, Date: None, Delay: -1 ms, Speed: 0.00 M/s, Resolution: None
Name: CETV-4, URL: http://mgsp-zy2.live.miguvideo.com:8088/migu/kailu/cetv4/51/20240709/index.m3u8?msisdn=e55e9ee71b42d2d7008a152c069625e3&mdspid=&spid=699004&netType=0&sid=5910022154&pid=2028597139&timestamp=20260217084026&Channel_ID=0116_2600034600-99000-201600010010028&ProgramID=923287339&ParentNodeID=-99&assertID=5910022154&client_ip=218.28.233.106&SecurityKey=20260217084026&promotionId=&mvid=5900006640&mcid=500020&playurlVersion=WX-A1-9.2.1-RELEASE&userid=&jmhm=&videocodec=h264&appCode=miguvideo_android&bean=mgspad&tid=android&conFee=0&encrypt=56f311ed096b52fd7e7b4b5fbda5b234&sv=10004&ct=android, From: subscribe, IPv_Type: ipv6, Location: 中国, ISP: 中国电信, Date: None, Delay: -1 ms, Speed: 0.00 M/s, Resolution: None
Name: CETV-4, URL: http://mgsp-yx2.live.miguvideo.com:8088/migu/kailu/cetv4/51/20240709/index.m3u8?msisdn=2be6b2ec9fcf10d2c2457e2c710e172c&mdspid=&spid=699004&netType=0&sid=5910022154&pid=2028597139&timestamp=20260225080215&Channel_ID=0116_2600034600-99000-201600010010028&ProgramID=923287339&ParentNodeID=-99&assertID=5910022154&client_ip=218.28.233.106&SecurityKey=20260225080215&promotionId=&mvid=5900006640&mcid=500020&playurlVersion=WX-A1-9.2.1-RELEASE&userid=&jmhm=&videocodec=h264&appCode=miguvideo_android&bean=mgspad&tid=android&conFee=0&encrypt=9ba1450cc98464b69606f83a9feeeb84&sv=10004&ct=android, From: subscribe, IPv_Type: ipv6, Location: 中国, ISP: 中国电信, Date: None, Delay: -1 ms, Speed: 0.00 M/s, Resolution: None
Name: CETV-4, URL: http://mgsp-ws2.live.miguvideo.com:8088/migu/kailu/cetv4/51/20240709/index.m3u8?msisdn=2be6b2ec9fcf10d2c2457e2c710e172c&mdspid=&spid=699004&netType=0&sid=5910022154&pid=2028597139&timestamp=20260301080214&Channel_ID=0116_2600034600-99000-201600010010028&ProgramID=923287339&ParentNodeID=-99&assertID=5910022154&client_ip=218.28.233.106&SecurityKey=20260301080214&promotionId=&mvid=5900006640&mcid=500020&playurlVersion=WX-A1-9.2.1-RELEASE&userid=&jmhm=&videocodec=h264&appCode=miguvideo_android&bean=mgspad&tid=android&conFee=0&encrypt=89357be5ea84bcfcbbd4b1e7c5c19dc8&sv=10004&ct=android, From: subscribe, IPv_Type: ipv6, Location: 加拿大, ISP: , Date: None, Delay: -1 ms, Speed: 0.00 M/s, Resolution: None
Name: CETV-4, URL: https://tv.gxtv.cn/channel/channelivePlay_67eace939278435bb4bca90800fb4225.html, From: subscribe, IPv_Type: ipv6, Location: 加拿大, ISP: , Date: None, Delay: -1 ms, Speed: 0.00 M/s, Resolution: None
Name: CETV-4, URL: http://198.204.228.26/live/cetv4.m3u8, From: subscribe, IPv_Type: ipv4, Location: 美国, ISP: , Date: None, Delay: 509 ms, Speed: 5.17 M/s, Resolution: 720x576
Name: CETV-4, URL: http://63.141.230.178:82/gslb/zbdq5.m3u8?id=cetv4, From: subscribe, IPv_Type: ipv4, Location: 美国, ISP: , Date: None, Delay: 2068 ms, Speed: 1.47 M/s, Resolution: 720x576
Name: 东方卫视, URL: http://gslbmgsplive.miguvideo.com/wd_r4/dfl/dongfangwshd/600/index.m3u8?msisdn=2025090715003139ec2803d62a4b5987ef3be3974b9ec3&mdspid=&spid=600697&netType=0&sid=5910022185&pid=2028597139&timestamp=20250907150031&Channel_ID=0116_2600037000-99000-200300220100002&ProgramID=651632648&ParentNodeID=-99&assertID=5910022185&client_ip=106.13.250.89&SecurityKey=20250907150031&promotionId=&mvid=5100043384&mcid=500020&playurlVersion=WX-A1-8.8.1-RELEASE&userid=&jmhm=&videocodec=h264&bean=mgspad&tid=android&conFee=0&puData=bb680ae1f8887523a7bc6b5cdb878284&ddCalcu=4b8bv26a88w70a8abed1cf58b868c7b572a3&sv=10004&ct=android, From: subscribe, IPv_Type: ipv6, Location: 中国, ISP: 中国移动, Date: None, Delay: -1 ms, Speed: 0.00 M/s, Resolution: None
Name: 东方卫视, URL: http://n1.gzbody.com:85/rtp/239.77.1.218:5146, From: subscribe, IPv_Type: ipv6, Location: 中国, ISP: 中国电信, Date: None, Delay: -1 ms, Speed: 0.00 M/s, Resolution: None
Name: 东方卫视, URL: http://bailudz.top:1236/111/hahahaha.php, From: subscribe, IPv_Type: ipv6, Location: 中国, ISP: 中国电信, Date: None, Delay: -1 ms, Speed: 0.00 M/s, Resolution: None
Name: 东方卫视, URL: http://[2409:8087:1a15:10d1::37]/ottrrs.hl.chinamobile.com/PLTV/88888888/224/3221225735/index.m3u8, From: subscribe, IPv_Type: ipv6, Location: 中国, ISP: 中国移动, Date: None, Delay: -1 ms, Speed: 0.00 M/s, Resolution: None
Name: 东方卫视, URL: https://mursor.ottiptv.cc/mcp/dongfang.m3u8?sign=d2fd069d94e5eac31632855808b9c9f0&tm=1757443317, From: subscribe, IPv_Type: ipv6, Location: 美国-新泽西州-巴赛克, ISP: DigitalOcean, Date: None, Delay: -1 ms, Speed: 0.00 M/s, Resolution: None
Name: 东方卫视, URL: https://migu.188766.xyz/?migutoken=1f3e3a5732cc4286bf1d856001a0e36f&id=%E4%B8%9C%E6%96%B9%E5%8D%AB%E8%A7%86&type=yy, From: subscribe, IPv_Type: ipv6, Location: 美国, ISP: CloudFlare Inc., Date: None, Delay: -1 ms, Speed: 0.00 M/s, Resolution: None
Name: 东方卫视, URL: http://iptv.huuc.edu.cn/hls/dfhd.m3u8, From: subscribe, IPv_Type: ipv6, Location: 中国, ISP: 教育网, Date: None, Delay: -1 ms, Speed: 0.00 M/s, Resolution: None
Name: 东方卫视, URL: http://[2409:8087:8:21::18]:6610/otttv.bj.chinamobile.com/PLTV/88888888/224/3221226898/1.m3u8?GuardEncType=2&accountinfo=%7E%7EV2.0%7E0uh4lyjjBCCN7TCq21vSIQ%7EtP4-l0lmSfjwLWEfK_el1vH_mv-s1zo4AQJwdedaVwG9xkuFTDg8J26cwOrNJzn20BErrHdLhuZ9EzLUCD3PMW-OMx4MGteHV2vLeW6BqoY%2CEND, From: subscribe, IPv_Type: ipv6, Location: 中国, ISP: 中国移动, Date: None, Delay: -1 ms, Speed: 0.00 M/s, Resolution: None
Name: 东方卫视, URL: http://[2409:8087:1a01:df::4077]:80/ottrrs.hl.chinamobile.com/yinhe/88888888/224/3221226345/index.m3u8, From: subscribe, IPv_Type: ipv6, Location: 中国, ISP: 中国移动, Date: None, Delay: -1 ms, Speed: 0.00 M/s, Resolution: None
Name: 东方卫视, URL: http://dsj.motem.top:8880/bptv/10000100000000050000000003873462.m3u8, From: subscribe, IPv_Type: ipv6, Location: 美国, ISP: CloudFlare Inc., Date: None, Delay: -1 ms, Speed: 0.00 M/s, Resolution: None
Name: 东方卫视, URL: https://www.freetv.top/migu/651632648.m3u8?migutoken=67b4219a3e6acdcf288118ed6bf84d3197052966f0bc854079b6038b3fca6437744ca78bb0ea1fad6f61b4c73d0df57bd8b539ec247fd28ce16d1375716bbf774ea19c99e4585bb828fa3851c0, From: subscribe, IPv_Type: ipv6, Location: 美国, ISP: Oracle Corporation, Date: None, Delay: -1 ms, Speed: 0.00 M/s, Resolution: None
Name: 东方卫视, URL: https://epg.pw/stream/6aec3ea636542c53729b5c9dd290864ab04d4a69d2b9cb7864a9898779915898.m3u8, From: subscribe, IPv_Type: ipv6, Location: 美国, ISP: CloudFlare Inc., Date: None, Delay: -1 ms, Speed: 0.00 M/s, Resolution: None
Name: 东方卫视, URL: https://stream1.freetv.fun/dong-fang-wei-shi-gao-qing-10.ctv, From: subscribe, IPv_Type: ipv6, Location: 美国, ISP: CloudFlare Inc., Date: None, Delay: -1 ms, Speed: 0.00 M/s, Resolution: None
Name: 东方卫视, URL: https://cc06.tv12.xyz/37.m3u8, From: subscribe, IPv_Type: ipv6, Location: 美国, ISP: CloudFlare Inc., Date: None, Delay: -1 ms, Speed: 0.00 M/s, Resolution: None
Name: 东方卫视, URL: http://cdn.jdshipin.com/kkxw.php?id=1, From: subscribe, IPv_Type: ipv6, Location: 美国, ISP: CloudFlare Inc., Date: None, Delay: -1 ms, Speed: 0.00 M/s, Resolution: None
Name: 东方卫视, URL: https://jzb.wwkejishe.top/?id=597, From: subscribe, IPv_Type: ipv6, Location: 美国, ISP: CloudFlare Inc., Date: None, Delay: -1 ms, Speed: 0.00 M/s, Resolution: None
Name: 东方卫视, URL: http://jk55269942.myqnapcloud.com:4022/rtp/239.49.8.17:9606, From: subscribe, IPv_Type: ipv6, Location: 中国, ISP: 中国联通, Date: None, Delay: -1 ms, Speed: 0.00 M/s, Resolution: None
Name: 东方卫视, URL: http://zcb.myds.me:10001/rtp/239.49.8.17:9606, From: subscribe, IPv_Type: ipv6, Location: 中国, ISP: 中国电信, Date: None, Delay: -1 ms, Speed: 0.00 M/s, Resolution: None
Name: 东方卫视, URL: https://iptv.catvod.com/live.php?id=%E4%B8%9C%E6%96%B9%E5%8D%AB%E8%A7%86, From: subscribe, IPv_Type: ipv6, Location: 美国, ISP: CloudFlare Inc., Date: None, Delay: -1 ms, Speed: 0.00 M/s, Resolution: None
Name: 东方卫视, URL: https://shyd.695847.xyz/cms001/ch00000090990000001013/index.m3u8?IASHttpSessionId=RR4967720251014100028031761&ispcode=12, From: subscribe, IPv_Type: ipv6, Location: 美国, ISP: CloudFlare Inc., Date: None, Delay: -1 ms, Speed: 0.00 M/s, Resolution: None
Name: 东方卫视, URL: https://live.chinacert.cftest5.cn/mg/?id=651632648, From: subscribe, IPv_Type: ipv6, Location: 中国, ISP: 中国电信, Date: None, Delay: -1 ms, Speed: 0.00 M/s, Resolution: None
Name: 东方卫视, URL: http://k.061899.xyz/k.php?id=dfws, From: subscribe, IPv_Type: ipv6, Location: 新加坡, ISP: Aceville Pte.Ltd., Date: None, Delay: -1 ms, Speed: 0.00 M/s, Resolution: None
Name: 东方卫视, URL: http://tvgslb.hn.chinamobile.com:8089/180000001002/00000001000000000008000000047445/main.m3u8?stbid=, From: subscribe, IPv_Type: ipv6, Location: 中国, ISP: 中国移动, Date: None, Delay: -1 ms, Speed: 0.00 M/s, Resolution: None
Name: 东方卫视, URL: http://hwottcdn.ln.chinamobile.com/PLTV/11/224/3221226697/index.m3u8, From: subscribe, IPv_Type: ipv6, Location: 中国, ISP: 中国移动, Date: None, Delay: -1 ms, Speed: 0.00 M/s, Resolution: None
Name: 东方卫视, URL: http://hwltc.tv.cdn.zj.chinamobile.com/PLTV/88888888/224/3221236227/index.m3u8, From: subscribe, IPv_Type: ipv6, Location: 中国, ISP: 中国移动, Date: None, Delay: -1 ms, Speed: 0.00 M/s, Resolution: None
Name: 东方卫视, URL: http://ott.mobaibox.com/PLTV/3/224/3221227511/index.m3u8, From: subscribe, IPv_Type: ipv6, Location: 中国, ISP: 中国移动, Date: None, Delay: -1 ms, Speed: 0.00 M/s, Resolution: None
Name: 东方卫视, URL: http://rrs01.hw.gmcc.net:8088/PLTV/81/224/3221226734/1.m3u8, From: subscribe, IPv_Type: ipv6, Location: 中国, ISP: 中国移动, Date: None, Delay: -1 ms, Speed: 0.00 M/s, Resolution: None
Name: 东方卫视, URL: http://iptvrr.sh.chinamobile.com:6060/cms001/ch00000090990000001013/index.m3u8, From: subscribe, IPv_Type: ipv6, Location: 中国, ISP: 中国移动, Date: None, Delay: -1 ms, Speed: 0.00 M/s, Resolution: None
Name: 东方卫视, URL: https://t.freetv.fun/live/dong-fang-wei-shi-4.m3u8, From: subscribe, IPv_Type: ipv6, Location: 美国, ISP: CloudFlare Inc., Date: None, Delay: -1 ms, Speed: 0.00 M/s, Resolution: None
Name: 东方卫视, URL: http://mgsp-ws2.live.miguvideo.com:8088/migu/kailu/dongfanghd265/51/20191230/index.m3u8?msisdn=e55e9ee71b42d2d7008a152c069625e3&mdspid=&spid=600697&netType=0&sid=5910022185&pid=2028597139&timestamp=20260216060218&Channel_ID=0116_2600034600-99000-201600010010028&ProgramID=651632648&ParentNodeID=-99&assertID=5910022185&client_ip=218.28.233.106&SecurityKey=20260216060218&promotionId=&mvid=5100043384&mcid=500020&playurlVersion=WX-A1-9.2.1-RELEASE&userid=&jmhm=&videocodec=h265&appCode=miguvideo_android&bean=mgspad&tid=android&conFee=0&encrypt=9be0858a18bbe68b4e37a2f6915af4f5&sv=10004&ct=android, From: subscribe, IPv_Type: ipv6, Location: 加拿大, ISP: , Date: None, Delay: -1 ms, Speed: 0.00 M/s, Resolution: None
Name: 东方卫视, URL: http://mgsp-zy2.live.miguvideo.com:8088/migu/kailu/dongfanghd265/51/20191230/index.m3u8?msisdn=2be6b2ec9fcf10d2c2457e2c710e172c&mdspid=&spid=600697&netType=0&sid=5910022185&pid=2028597139&timestamp=20260227060204&Channel_ID=0116_2600034600-99000-201600010010028&ProgramID=651632648&ParentNodeID=-99&assertID=5910022185&client_ip=218.28.233.106&SecurityKey=20260227060204&promotionId=&mvid=5100043384&mcid=500020&playurlVersion=WX-A1-9.2.1-RELEASE&userid=&jmhm=&videocodec=h265&appCode=miguvideo_android&bean=mgspad&tid=android&conFee=0&encrypt=0adf53fd24afe036747f20e3b8b775a4&sv=10004&ct=android, From: subscribe, IPv_Type: ipv6, Location: 中国, ISP: 中国电信, Date: None, Delay: -1 ms, Speed: 0.00 M/s, Resolution: None
Name: 东方卫视, URL: https://live.264788.xyz/channel/dongfangweishi?streamid=85aea482acc87c868b509dfc6299cc44&livekey=01WgOR41rriMmMkzNsd0UoaxJRwetZdxIvtVk, From: subscribe, IPv_Type: ipv4, Location: 美国, ISP: CloudFlare节点, Date: None, Delay: 112 ms, Speed: 123.52 M/s, Resolution: 1920x1080
Name: 东方卫视, URL: http://bp-resource-dfl.bestv.cn/148/3/video.m3u8, From: subscribe, IPv_Type: ipv4, Location: 美国, ISP: 阿里云, Date: None, Delay: 124 ms, Speed: 21.06 M/s, Resolution: 1920x1080
Name: 东方卫视, URL: http://38.75.136.137:98/gslb/dsdqpub/dfwshd.m3u8?auth=testpub, From: subscribe, IPv_Type: ipv4, Location: 美国-哥伦比亚特区-哥伦比亚特区, ISP: Cogent, Date: None, Delay: 2644 ms, Speed: 1.82 M/s, Resolution: 1920x1080
Name: 浙江卫视, URL: http://n1.gzbody.com:85/rtp/239.77.0.89:5146, From: subscribe, IPv_Type: ipv6, Location: 中国, ISP: 中国电信, Date: None, Delay: -1 ms, Speed: 0.00 M/s, Resolution: None
Name: 浙江卫视, URL: http://[2409:8087:1a15:10d1::36]/ottrrs.hl.chinamobile.com/PLTV/88888888/224/3221225612/index.m3u8, From: subscribe, IPv_Type: ipv6, Location: 中国, ISP: 中国移动, Date: None, Delay: -1 ms, Speed: 0.00 M/s, Resolution: None
Name: 浙江卫视, URL: https://mursor.ottiptv.cc/mcp/zhejiang.m3u8?sign=826e6dd580d9bb6b4e0211b465e6032e&tm=1757443317, From: subscribe, IPv_Type: ipv6, Location: 美国-新泽西州-巴赛克, ISP: DigitalOcean, Date: None, Delay: -1 ms, Speed: 0.00 M/s, Resolution: None
Name: 浙江卫视, URL: http://iptv.huuc.edu.cn/hls/zjhd.m3u8, From: subscribe, IPv_Type: ipv6, Location: 中国, ISP: 教育网, Date: None, Delay: -1 ms, Speed: 0.00 M/s, Resolution: None
Name: 浙江卫视, URL: http://ali-vl.cztv.com/channels/lantian/channel001/360p.m3u8, From: subscribe, IPv_Type: ipv6, Location: 中国, ISP: 中国电信, Date: None, Delay: -1 ms, Speed: 0.00 M/s, Resolution: None
Name: 浙江卫视, URL: http://[2409:8087:8:21::18]:6610/otttv.bj.chinamobile.com/PLTV/88888888/224/3221226899/1.m3u8?GuardEncType=2&accountinfo=%7E%7EV2.0%7ETYfTgTra_pUx2cPrgZ_BDw%7EtP4-l0lmSfjwLWEfK_el1vH_mv-s1zo4AQJwdedaVwG9xkuFTDg8J26cwOrNJzn20BErrHdLhuZ9EzLUCD3PMW-OMx4MGteHV2vLeW6BqoY%2CEND, From: subscribe, IPv_Type: ipv6, Location: 中国, ISP: 中国移动, Date: None, Delay: -1 ms, Speed: 0.00 M/s, Resolution: None
Name: 浙江卫视, URL: http://[2409:8087:1a01:df::4043]:80/TVOD/88888888/224/3221225959/main.m3u8, From: subscribe, IPv_Type: ipv6, Location: 中国, ISP: 中国移动, Date: None, Delay: -1 ms, Speed: 0.00 M/s, Resolution: None
Name: 浙江卫视, URL: http://b.xiongnas.top:8888/rtp/239.3.1.137:8036, From: subscribe, IPv_Type: ipv6, Location: 中国, ISP: 中国联通, Date: None, Delay: -1 ms, Speed: 0.00 M/s, Resolution: None
Name: 浙江卫视, URL: https://migu.188766.xyz/?migutoken=754bb07c57383fc11a0257f77bf54149&id=%E6%B5%99%E6%B1%9F%E5%8D%AB%E8%A7%86&pp=1, From: subscribe, IPv_Type: ipv6, Location: 美国, ISP: CloudFlare Inc., Date: None, Delay: -1 ms, Speed: 0.00 M/s, Resolution: None
Name: 浙江卫视, URL: https://cc06.tv12.xyz/117.m3u8, From: subscribe, IPv_Type: ipv6, Location: 美国, ISP: CloudFlare Inc., Date: None, Delay: -1 ms, Speed: 0.00 M/s, Resolution: None
Name: 浙江卫视, URL: http://jk55269942.myqnapcloud.com:4022/rtp/239.49.8.20:9618, From: subscribe, IPv_Type: ipv6, Location: 中国, ISP: 中国联通, Date: None, Delay: -1 ms, Speed: 0.00 M/s, Resolution: None
Name: 浙江卫视, URL: http://zcb.myds.me:10001/rtp/239.49.8.20:9618, From: subscribe, IPv_Type: ipv6, Location: 中国, ISP: 中国电信, Date: None, Delay: -1 ms, Speed: 0.00 M/s, Resolution: None
Name: 浙江卫视, URL: https://stream1.freetv.fun/2e3a01b886780ceca10b44bb6cdb57413757275a6fdcb083800db996bc2f81e3.m3u8, From: subscribe, IPv_Type: ipv6, Location: 美国, ISP: CloudFlare Inc., Date: None, Delay: -1 ms, Speed: 0.00 M/s, Resolution: None
Name: 浙江卫视, URL: https://iptv.catvod.com/live.php?id=%E6%B5%99%E6%B1%9F%E5%8D%AB%E8%A7%86, From: subscribe, IPv_Type: ipv6, Location: 美国, ISP: CloudFlare Inc., Date: None, Delay: -1 ms, Speed: 0.00 M/s, Resolution: None
Name: 浙江卫视, URL: http://hwltc.tv.cdn.zj.chinamobile.com/PLTV/88888888/224/3221236171/index.m3u8, From: subscribe, IPv_Type: ipv6, Location: 中国, ISP: 中国移动, Date: None, Delay: -1 ms, Speed: 0.00 M/s, Resolution: None
Name: 浙江卫视, URL: http://rrs01.hw.gmcc.net:8088/PLTV/81/224/3221226690/1.m3u8, From: subscribe, IPv_Type: ipv6, Location: 中国, ISP: 中国移动, Date: None, Delay: -1 ms, Speed: 0.00 M/s, Resolution: None
Name: 浙江卫视, URL: http://hwottcdn.ln.chinamobile.com/PLTV/11/224/3221226854/index.m3u8, From: subscribe, IPv_Type: ipv6, Location: 中国, ISP: 中国移动, Date: None, Delay: -1 ms, Speed: 0.00 M/s, Resolution: None
Name: 浙江卫视, URL: http://iptvrr.sh.chinamobile.com:6060/cms001/ch00000090990000001023/index.m3u8, From: subscribe, IPv_Type: ipv6, Location: 中国, ISP: 中国移动, Date: None, Delay: -1 ms, Speed: 0.00 M/s, Resolution: None
Name: 浙江卫视, URL: http://ott.mobaibox.com/PLTV/3/224/3221227491/index.m3u8, From: subscribe, IPv_Type: ipv6, Location: 中国, ISP: 中国移动, Date: None, Delay: -1 ms, Speed: 0.00 M/s, Resolution: None
Name: 浙江卫视, URL: http://tvgslb.hn.chinamobile.com:8089/180000001002/00000001000000000007000000001250/main.m3u8?stbid=, From: subscribe, IPv_Type: ipv6, Location: 中国, ISP: 中国移动, Date: None, Delay: -1 ms, Speed: 0.00 M/s, Resolution: None
Name: 浙江卫视, URL: http://k.061899.xyz/k.php?id=zjws, From: subscribe, IPv_Type: ipv6, Location: 新加坡, ISP: Aceville Pte.Ltd., Date: None, Delay: -1 ms, Speed: 0.00 M/s, Resolution: None
Name: 湖南卫视, URL: http://n1.gzbody.com:85/rtp/239.77.0.88:5146, From: subscribe, IPv_Type: ipv6, Location: 中国, ISP: 中国电信, Date: None, Delay: -1 ms, Speed: 0.00 M/s, Resolution: None
Name: 湖南卫视, URL: http://[2409:8087:1a15:10d1::35]/ottrrs.hl.chinamobile.com/PLTV/88888888/224/3221225610/index.m3u8, From: subscribe, IPv_Type: ipv6, Location: 中国, ISP: 中国移动, Date: None, Delay: -1 ms, Speed: 0.00 M/s, Resolution: None
Name: 湖南卫视, URL: https://mursor.ottiptv.cc/mcp/hunan.m3u8?sign=1f068bf5658d47f83018ef8707d057f7&tm=1757443317, From: subscribe, IPv_Type: ipv6, Location: 美国-新泽西州-巴赛克, ISP: DigitalOcean, Date: None, Delay: -1 ms, Speed: 0.00 M/s, Resolution: None
Name: 湖南卫视, URL: https://migu.188766.xyz/?migutoken=f1ca61bad66a1f1fb5cc88b33304deeb&id=hunws&type=sz, From: subscribe, IPv_Type: ipv6, Location: 美国, ISP: CloudFlare Inc., Date: None, Delay: -1 ms, Speed: 0.00 M/s, Resolution: None
Name: 湖南卫视, URL: http://dsj.motem.top:8880/bptv/10000100000000050000000003873458.m3u8, From: subscribe, IPv_Type: ipv6, Location: 美国, ISP: CloudFlare Inc., Date: None, Delay: -1 ms, Speed: 0.00 M/s, Resolution: None
Name: 湖南卫视, URL: http://iptv.huuc.edu.cn/hls/hunanhd.m3u8, From: subscribe, IPv_Type: ipv6, Location: 中国, ISP: 教育网, Date: None, Delay: -1 ms, Speed: 0.00 M/s, Resolution: None
Name: 湖南卫视, URL: http://[2409:8087:8:21::18]:6610/otttv.bj.chinamobile.com/PLTV/88888888/224/3221226509/1.m3u8?zoneoffset=480&servicetype=1&icpid=&limitflux=-1&limitdur=-1&tenantId=8601&accountinfo=%7E%7EV2.0%7EIGb_ib7rnBX9_sANRKq9sg%7EpK8OKM5JoJWWbLRyLfPcUMkwWZ90MzSI9S9PDltJsYzd0ZGcS3Tkh7syciNKJa-w60mDOdwtDyoNwCx9aRgzHNH9AUREV_qvNJtXHRPzYw0%7EExtInfo9bj61dxzlMXrsixrqcFYPg%3D%3D%3A20221022013542%2C915973%2C119.123.71.209%2C20221022013542%2C10000100000000050000000003873458%2C915973%2C-1%2C0%2C1%2C%2C%2C2%2C%2C%2C%2C2%2C%2C10000100000000060000000007253514_0%2CEND&GuardEncType=2, From: subscribe, IPv_Type: ipv6, Location: 中国, ISP: 中国移动, Date: None, Delay: -1 ms, Speed: 0.00 M/s, Resolution: None
Name: 湖南卫视, URL: http://b.xiongnas.top:8888/rtp/239.3.1.132:8012, From: subscribe, IPv_Type: ipv6, Location: 中国, ISP: 中国联通, Date: None, Delay: -1 ms, Speed: 0.00 M/s, Resolution: None
Name: 湖南卫视, URL: https://cc06.tv12.xyz/57.m3u8, From: subscribe, IPv_Type: ipv6, Location: 美国, ISP: CloudFlare Inc., Date: None, Delay: -1 ms, Speed: 0.00 M/s, Resolution: None
Name: 湖南卫视, URL: https://jzb.wwkejishe.top/?id=609, From: subscribe, IPv_Type: ipv6, Location: 美国, ISP: CloudFlare Inc., Date: None, Delay: -1 ms, Speed: 0.00 M/s, Resolution: None
Name: 湖南卫视, URL: http://jk55269942.myqnapcloud.com:4022/rtp/239.49.8.12:9418, From: subscribe, IPv_Type: ipv6, Location: 中国, ISP: 中国联通, Date: None, Delay: -1 ms, Speed: 0.00 M/s, Resolution: None
Name: 湖南卫视, URL: http://zcb.myds.me:10001/rtp/239.49.8.12:9418, From: subscribe, IPv_Type: ipv6, Location: 中国, ISP: 中国电信, Date: None, Delay: -1 ms, Speed: 0.00 M/s, Resolution: None
Name: 湖南卫视, URL: https://iptv.catvod.com/live.php?id=%E6%B9%96%E5%8D%97%E5%8D%AB%E8%A7%86, From: subscribe, IPv_Type: ipv6, Location: 美国, ISP: CloudFlare Inc., Date: None, Delay: -1 ms, Speed: 0.00 M/s, Resolution: None
Name: 湖南卫视, URL: https://shyd.695847.xyz/cms001/ch00000090990000001026/index.m3u8?IASHttpSessionId=RR4967720251014100028031761&ispcode=12, From: subscribe, IPv_Type: ipv6, Location: 美国, ISP: CloudFlare Inc., Date: None, Delay: -1 ms, Speed: 0.00 M/s, Resolution: None
Name: 湖南卫视, URL: http://k.061899.xyz/k.php?id=hunws, From: subscribe, IPv_Type: ipv6, Location: 新加坡, ISP: Aceville Pte.Ltd., Date: None, Delay: -1 ms, Speed: 0.00 M/s, Resolution: None
Name: 湖南卫视, URL: http://hwltc.tv.cdn.zj.chinamobile.com/PLTV/88888888/224/3221236225/index.m3u8, From: subscribe, IPv_Type: ipv6, Location: 中国, ISP: 中国移动, Date: None, Delay: -1 ms, Speed: 0.00 M/s, Resolution: None
Name: 湖南卫视, URL: http://hwottcdn.ln.chinamobile.com/PLTV/11/224/3221226144/index.m3u8, From: subscribe, IPv_Type: ipv6, Location: 中国, ISP: 中国移动, Date: None, Delay: -1 ms, Speed: 0.00 M/s, Resolution: None
Name: 湖南卫视, URL: http://iptvrr.sh.chinamobile.com:6060/cms001/ch00000090990000001026/index.m3u8, From: subscribe, IPv_Type: ipv6, Location: 中国, ISP: 中国移动, Date: None, Delay: -1 ms, Speed: 0.00 M/s, Resolution: None
Name: 湖南卫视, URL: http://ott.mobaibox.com/PLTV/3/224/3221227482/index.m3u8, From: subscribe, IPv_Type: ipv6, Location: 中国, ISP: 中国移动, Date: None, Delay: -1 ms, Speed: 0.00 M/s, Resolution: None
Name: 湖南卫视, URL: http://tvgslb.hn.chinamobile.com:8089/180000001002/00000001000000000099000000193885/main.m3u8?stbid=, From: subscribe, IPv_Type: ipv6, Location: 中国, ISP: 中国移动, Date: None, Delay: -1 ms, Speed: 0.00 M/s, Resolution: None
Name: 湖南卫视, URL: http://rrs01.hw.gmcc.net:8088/PLTV/81/224/3221226698/1.m3u8, From: subscribe, IPv_Type: ipv6, Location: 中国, ISP: 中国移动, Date: None, Delay: -1 ms, Speed: 0.00 M/s, Resolution: None
Name: 湖南卫视, URL: https://t.freetv.fun/live/hu-nan-wei-shi-13.m3u8, From: subscribe, IPv_Type: ipv6, Location: 美国, ISP: CloudFlare Inc., Date: None, Delay: -1 ms, Speed: 0.00 M/s, Resolution: None
Name: 湖南卫视, URL: https://hlsbkmgsplive.miguvideo.com/wd-hunanhd-2500/01.m3u8?&HlsSubType=&encrypt=, From: subscribe, IPv_Type: ipv6, Location: 中国, ISP: 中国移动, Date: None, Delay: -1 ms, Speed: 0.00 M/s, Resolution: None
Name: 湖南卫视, URL: http://satellitepull.cnr.cn/live/wx32hunws/playlist.m3u8, From: subscribe, IPv_Type: ipv4, Location: 美国-伊利诺伊州-库克, ISP: 网宿CDN节点, Date: None, Delay: 6 ms, Speed: 16.84 M/s, Resolution: None
Name: 湖南卫视, URL: http://207.56.13.146:81/cdnlive/hnws.m3u8, From: subscribe, IPv_Type: ipv4, Location: 美国-科罗拉多州, ISP: NTT(美国)通信公司, Date: None, Delay: 827 ms, Speed: 4.65 M/s, Resolution: 1920x1080
Name: 湖南卫视, URL: http://vpn.famcloud.top:9878/rtp/239.3.1.132:8012, From: subscribe, IPv_Type: ipv4, Location: 中国-北京-北京, ISP: 联通, Date: None, Delay: 514 ms, Speed: 0.32 M/s, Resolution: 0x0
Name: 江苏卫视, URL: http://gslbmgsplive.miguvideo.com/wd_r2/cctv/jiangsuhd/600/index.m3u8?msisdn=20250907150031b582e4c60d564e6a89654162d5a152c8&mdspid=&spid=699067&netType=0&sid=5500199408&pid=2028597139&timestamp=20250907150031&Channel_ID=0116_2600037000-99000-200300220100002&ProgramID=623899368&ParentNodeID=-99&assertID=5500199408&client_ip=106.13.250.89&SecurityKey=20250907150031&promotionId=&mvid=5100156802&mcid=500020&playurlVersion=WX-A1-8.8.1-RELEASE&userid=&jmhm=&videocodec=h264&bean=mgspad&tid=android&conFee=0&puData=b0d1418fe0db3bde520df34b208478bd&ddCalcu=dbb0v8da71b44a81082fbe403dfbd30b2d5e&sv=10004&ct=android, From: subscribe, IPv_Type: ipv6, Location: 中国, ISP: 中国移动, Date: None, Delay: -1 ms, Speed: 0.00 M/s, Resolution: None
Name: 江苏卫视, URL: http://n1.gzbody.com:85/rtp/239.77.0.90:5146, From: subscribe, IPv_Type: ipv6, Location: 中国, ISP: 中国电信, Date: None, Delay: -1 ms, Speed: 0.00 M/s, Resolution: None
Name: 江苏卫视, URL: http://bailudz.top:1236/111/hahahaha.php, From: subscribe, IPv_Type: ipv6, Location: 中国, ISP: 中国电信, Date: None, Delay: -1 ms, Speed: 0.00 M/s, Resolution: None
Name: 江苏卫视, URL: http://[2409:8087:1a15:10d1::33]/ottrrs.hl.chinamobile.com/PLTV/88888888/224/3221226310/index.m3u8, From: subscribe, IPv_Type: ipv6, Location: 中国, ISP: 中国移动, Date: None, Delay: -1 ms, Speed: 0.00 M/s, Resolution: None
Name: 江苏卫视, URL: https://mursor.ottiptv.cc/mcp/jiangsu.m3u8?sign=ec371aca4742d9ef9d9134cadd15676e&tm=1757443317, From: subscribe, IPv_Type: ipv6, Location: 美国-新泽西州-巴赛克, ISP: DigitalOcean, Date: None, Delay: -1 ms, Speed: 0.00 M/s, Resolution: None
Name: 江苏卫视, URL: https://migu.188766.xyz/?migutoken=fcbaf08a2e7bf352ddb0bb551b49c24f&id=%E6%B1%9F%E8%8B%8F%E5%8D%AB%E8%A7%86&type=yy, From: subscribe, IPv_Type: ipv6, Location: 美国, ISP: CloudFlare Inc., Date: None, Delay: -1 ms, Speed: 0.00 M/s, Resolution: None
Name: 江苏卫视, URL: http://dsj.motem.top:8880/bptv/10000100000000050000000003873461.m3u8, From: subscribe, IPv_Type: ipv6, Location: 美国, ISP: CloudFlare Inc., Date: None, Delay: -1 ms, Speed: 0.00 M/s, Resolution: None
Name: 江苏卫视, URL: http://iptv.huuc.edu.cn/hls/jshd.m3u8, From: subscribe, IPv_Type: ipv6, Location: 中国, ISP: 教育网, Date: None, Delay: -1 ms, Speed: 0.00 M/s, Resolution: None
Name: 江苏卫视, URL: http://[2409:8087:8:21::18]:6610/otttv.bj.chinamobile.com/PLTV/88888888/224/3221226897/1.m3u8?GuardEncType=2&accountinfo=%7E%7EV2.0%7E0BmO6uHF7WFoTed__Xr3NQ%7EtP4-l0lmSfjwLWEfK_el1vH_mv-s1zo4AQJwdedaVwG9xkuFTDg8J26cwOrNJzn20BErrHdLhuZ9EzLUCD3PMW-OMx4MGteHV2vLeW6BqoY%2CEND, From: subscribe, IPv_Type: ipv6, Location: 中国, ISP: 中国移动, Date: None, Delay: -1 ms, Speed: 0.00 M/s, Resolution: None
Name: 江苏卫视, URL: http://[2409:8087:1a01:df::4077]/ottrrs.hl.chinamobile.com/PLTV/88888888/8/3221226310/index.m3u8, From: subscribe, IPv_Type: ipv6, Location: 中国, ISP: 中国移动, Date: None, Delay: -1 ms, Speed: 0.00 M/s, Resolution: None
Name: 江苏卫视, URL: https://www.freetv.top/migu/623899368.m3u8?migutoken=89adf8885d4f1f9dee34a4e8d60f187e5b071ac9b79001260a0b66da9027070e0b861510da93cb5190da002ca87645e63e57bada2c65f959e8ef81f693c239f194d683ba2083252bbb0caeab96, From: subscribe, IPv_Type: ipv6, Location: 美国, ISP: Oracle Corporation, Date: None, Delay: -1 ms, Speed: 0.00 M/s, Resolution: None
Name: 江苏卫视, URL: http://b.xiongnas.top:8888/rtp/239.3.1.135:8028, From: subscribe, IPv_Type: ipv6, Location: 中国, ISP: 中国联通, Date: None, Delay: -1 ms, Speed: 0.00 M/s, Resolution: None
Name: 江苏卫视, URL: http://iptv.cdn.ha.chinamobile.com/PLTV/88888888/224/3221227228/index.m3u8, From: subscribe, IPv_Type: ipv6, Location: 中国, ISP: 中国移动, Date: None, Delay: -1 ms, Speed: 0.00 M/s, Resolution: None
Name: 江苏卫视, URL: https://cc06.tv12.xyz/61.m3u8, From: subscribe, IPv_Type: ipv6, Location: 美国, ISP: CloudFlare Inc., Date: None, Delay: -1 ms, Speed: 0.00 M/s, Resolution: None
Name: 江苏卫视, URL: http://jk55269942.myqnapcloud.com:4022/rtp/239.49.8.16:9602, From: subscribe, IPv_Type: ipv6, Location: 中国, ISP: 中国联通, Date: None, Delay: -1 ms, Speed: 0.00 M/s, Resolution: None
Name: 江苏卫视, URL: http://zcb.myds.me:10001/rtp/239.49.8.16:9602, From: subscribe, IPv_Type: ipv6, Location: 中国, ISP: 中国电信, Date: None, Delay: -1 ms, Speed: 0.00 M/s, Resolution: None
Name: 江苏卫视, URL: https://iptv.catvod.com/live.php?id=%E6%B1%9F%E8%8B%8F%E5%8D%AB%E8%A7%86, From: subscribe, IPv_Type: ipv6, Location: 美国, ISP: CloudFlare Inc., Date: None, Delay: -1 ms, Speed: 0.00 M/s, Resolution: None
Name: 江苏卫视, URL: https://shyd.695847.xyz/cms001/ch00000090990000001033/index.m3u8?IASHttpSessionId=RR4967720251014100028031761&ispcode=12, From: subscribe, IPv_Type: ipv6, Location: 美国, ISP: CloudFlare Inc., Date: None, Delay: -1 ms, Speed: 0.00 M/s, Resolution: None
Name: 江苏卫视, URL: https://live.chinacert.cftest5.cn/mg/?id=623899368, From: subscribe, IPv_Type: ipv6, Location: 中国, ISP: 中国电信, Date: None, Delay: -1 ms, Speed: 0.00 M/s, Resolution: None
Name: 江苏卫视, URL: http://hwottcdn.ln.chinamobile.com/PLTV/11/224/3221226781/index.m3u8, From: subscribe, IPv_Type: ipv6, Location: 中国, ISP: 中国移动, Date: None, Delay: -1 ms, Speed: 0.00 M/s, Resolution: None
Name: 江苏卫视, URL: http://iptvrr.sh.chinamobile.com:6060/cms001/ch00000090990000001033/index.m3u8, From: subscribe, IPv_Type: ipv6, Location: 中国, ISP: 中国移动, Date: None, Delay: -1 ms, Speed: 0.00 M/s, Resolution: None
Name: 江苏卫视, URL: http://k.061899.xyz/k.php?id=jsws, From: subscribe, IPv_Type: ipv6, Location: 新加坡, ISP: Aceville Pte.Ltd., Date: None, Delay: -1 ms, Speed: 0.00 M/s, Resolution: None
Name: 江苏卫视, URL: http://tvgslb.hn.chinamobile.com:8089/180000001002/00000001000000000099000000197694/main.m3u8?stbid=, From: subscribe, IPv_Type: ipv6, Location: 中国, ISP: 中国移动, Date: None, Delay: -1 ms, Speed: 0.00 M/s, Resolution: None
Name: 江苏卫视, URL: http://hwltc.tv.cdn.zj.chinamobile.com/PLTV/88888888/224/3221236221/index.m3u8, From: subscribe, IPv_Type: ipv6, Location: 中国, ISP: 中国移动, Date: None, Delay: -1 ms, Speed: 0.00 M/s, Resolution: None
Name: 江苏卫视, URL: http://rrs01.hw.gmcc.net:8088/PLTV/81/224/3221226692/1.m3u8, From: subscribe, IPv_Type: ipv6, Location: 中国, ISP: 中国移动, Date: None, Delay: -1 ms, Speed: 0.00 M/s, Resolution: None
Name: 江苏卫视, URL: http://ott.mobaibox.com/PLTV/3/224/3221228097/index.m3u8, From: subscribe, IPv_Type: ipv6, Location: 中国, ISP: 中国移动, Date: None, Delay: -1 ms, Speed: 0.00 M/s, Resolution: None
Name: 江苏卫视, URL: https://t.freetv.fun/live/jiang-su-wei-shi-5.m3u8, From: subscribe, IPv_Type: ipv6, Location: 美国, ISP: CloudFlare Inc., Date: None, Delay: -1 ms, Speed: 0.00 M/s, Resolution: None
Name: 江苏卫视, URL: https://hlsbkmgsplive.miguvideo.com/migu/kailu/jswshd265/55/20200407/01.m3u8?&HlsSubType=&encrypt=, From: subscribe, IPv_Type: ipv6, Location: 中国, ISP: 中国移动, Date: None, Delay: -1 ms, Speed: 0.00 M/s, Resolution: None
Name: 江苏卫视, URL: http://mgsp-yx2.live.miguvideo.com:8088/migu/kailu/jswshd265/54/20200407/index.m3u8?msisdn=e55e9ee71b42d2d7008a152c069625e3&mdspid=&spid=699067&netType=0&sid=5500199408&pid=2028597139&timestamp=20260215080207&Channel_ID=0116_2600034600-99000-201600010010028&ProgramID=623899368&ParentNodeID=-99&assertID=5500199408&client_ip=218.28.233.106&SecurityKey=20260215080207&promotionId=&mvid=5100156802&mcid=500020&playurlVersion=WX-A1-9.2.1-RELEASE&userid=&jmhm=&videocodec=h265&appCode=miguvideo_android&bean=mgspad&tid=android&conFee=0&encrypt=25b5a515354ff2dcda7e666736454a92&sv=10004&ct=android, From: subscribe, IPv_Type: ipv6, Location: 中国, ISP: 中国电信, Date: None, Delay: -1 ms, Speed: 0.00 M/s, Resolution: None
Name: 江苏卫视, URL: http://mgsp-zy2.live.miguvideo.com:8088/migu/kailu/jswshd265/54/20200407/index.m3u8?msisdn=e55e9ee71b42d2d7008a152c069625e3&mdspid=&spid=699067&netType=0&sid=5500199408&pid=2028597139&timestamp=20260216080224&Channel_ID=0116_2600034600-99000-201600010010028&ProgramID=623899368&ParentNodeID=-99&assertID=5500199408&client_ip=218.28.233.106&SecurityKey=20260216080224&promotionId=&mvid=5100156802&mcid=500020&playurlVersion=WX-A1-9.2.1-RELEASE&userid=&jmhm=&videocodec=h265&appCode=miguvideo_android&bean=mgspad&tid=android&conFee=0&encrypt=8bdb8c3109b69bec9c0280410159e920&sv=10004&ct=android, From: subscribe, IPv_Type: ipv6, Location: 中国, ISP: 中国电信, Date: None, Delay: -1 ms, Speed: 0.00 M/s, Resolution: None
Name: 江苏卫视, URL: http://mgsp-hs2.live.miguvideo.com:8088/migu/kailu/jswshd265/54/20200407/index.m3u8?msisdn=e55e9ee71b42d2d7008a152c069625e3&mdspid=&spid=699067&netType=0&sid=5500199408&pid=2028597139&timestamp=20260217084017&Channel_ID=0116_2600034600-99000-201600010010028&ProgramID=623899368&ParentNodeID=-99&assertID=5500199408&client_ip=218.28.233.106&SecurityKey=20260217084017&promotionId=&mvid=5100156802&mcid=500020&playurlVersion=WX-A1-9.2.1-RELEASE&userid=&jmhm=&videocodec=h265&appCode=miguvideo_android&bean=mgspad&tid=android&conFee=0&encrypt=abf62ea7a978fe8a837941ab02463510&sv=10004&ct=android, From: subscribe, IPv_Type: ipv6, Location: 中国, ISP: 中国联通, Date: None, Delay: -1 ms, Speed: 0.00 M/s, Resolution: None
Name: 江苏卫视, URL: https://live.264788.xyz/channel/jiangsuweishi?streamid=1f708c4111f88ab499c8ef73b9f30902&livekey=01WgOR41rriMmMkzNsd0UoaxJRwetZdxIvtVk, From: subscribe, IPv_Type: ipv4, Location: 美国, ISP: CloudFlare节点, Date: None, Delay: 74 ms, Speed: 56.07 M/s, Resolution: 720x576
Name: 广东卫视, URL: http://gslbmgsplive.miguvideo.com/ws_w/2018/gdws/gdws711/1000/index.m3u8?msisdn=2025090715003150c9d6e0bda84e7786a5ad10e1be15c2&mdspid=&spid=699054&netType=0&sid=2202428795&pid=2028597139&timestamp=20250907150031&Channel_ID=0116_2600037000-99000-200300220100002&ProgramID=608831231&ParentNodeID=-99&assertID=2202428795&client_ip=106.13.250.89&SecurityKey=20250907150031&promotionId=&mvid=2202428795&mcid=500020&playurlVersion=WX-A1-8.8.1-RELEASE&userid=&jmhm=&videocodec=h264&bean=mgspad&tid=android&conFee=0&puData=373b3436fe0a28f2dc2c51ebe52a6181&ddCalcu=1387v13a6baa3a2453e6bfee105ac228cfd2&sv=10004&ct=android, From: subscribe, IPv_Type: ipv6, Location: 中国, ISP: 中国移动, Date: None, Delay: -1 ms, Speed: 0.00 M/s, Resolution: None
Name: 广东卫视, URL: http://n1.gzbody.com:85/rtp/239.77.0.166:5146, From: subscribe, IPv_Type: ipv6, Location: 中国, ISP: 中国电信, Date: None, Delay: -1 ms, Speed: 0.00 M/s, Resolution: None
Name: 广东卫视, URL: http://bailudz.top:1236/111/hahahaha.php, From: subscribe, IPv_Type: ipv6, Location: 中国, ISP: 中国电信, Date: None, Delay: -1 ms, Speed: 0.00 M/s, Resolution: None
Name: 广东卫视, URL: http://[2409:8087:1a15:10d1::37]/ottrrs.hl.chinamobile.com/PLTV/88888888/224/3221226248/index.m3u8, From: subscribe, IPv_Type: ipv6, Location: 中国, ISP: 中国移动, Date: None, Delay: -1 ms, Speed: 0.00 M/s, Resolution: None
Name: 广东卫视, URL: http://php.jdshipin.com:8880/TVOD/gsyd.php?id=9900000520, From: subscribe, IPv_Type: ipv6, Location: 美国, ISP: CloudFlare Inc., Date: None, Delay: -1 ms, Speed: 0.00 M/s, Resolution: None
Name: 广东卫视, URL: http://goo.bkpcp.top/mg/gdws, From: subscribe, IPv_Type: ipv6, Location: 美国, ISP: CloudFlare Inc., Date: None, Delay: -1 ms, Speed: 0.00 M/s, Resolution: None
Name: 广东卫视, URL: http://iptv.huuc.edu.cn/hls/gdhd.m3u8, From: subscribe, IPv_Type: ipv6, Location: 中国, ISP: 教育网, Date: None, Delay: -1 ms, Speed: 0.00 M/s, Resolution: None
Name: 广东卫视, URL: http://dsj.motem.top:8880/bptv/10000100000000050000000003873459.m3u8, From: subscribe, IPv_Type: ipv6, Location: 美国, ISP: CloudFlare Inc., Date: None, Delay: -1 ms, Speed: 0.00 M/s, Resolution: None
Name: 广东卫视, URL: http://[2409:8087:1a0a:df::404b]/ottrrs.hl.chinamobile.com/TVOD/88888888/224/3221226248/index.m3u8, From: subscribe, IPv_Type: ipv6, Location: 中国, ISP: 中国移动, Date: None, Delay: -1 ms, Speed: 0.00 M/s, Resolution: None
Name: 广东卫视, URL: http://[2409:8087:1a01:df::4077]/ottrrs.hl.chinamobile.com/PLTV/88888888/8/3221226248/index.m3u8, From: subscribe, IPv_Type: ipv6, Location: 中国, ISP: 中国移动, Date: None, Delay: -1 ms, Speed: 0.00 M/s, Resolution: None
Name: 广东卫视, URL: http://iptv.cdn.ha.chinamobile.com/PLTV/88888888/224/3221227201/index.m3u8, From: subscribe, IPv_Type: ipv6, Location: 中国, ISP: 中国移动, Date: None, Delay: -1 ms, Speed: 0.00 M/s, Resolution: None
Name: 广东卫视, URL: http://[2409:8087:2001:20:2800:0:df6e:eb03]:80/ott.mobaibox.com/PLTV/4/224/3221227476/index.m3u8, From: subscribe, IPv_Type: ipv6, Location: 中国, ISP: 中国移动, Date: None, Delay: -1 ms, Speed: 0.00 M/s, Resolution: None
Name: 广东卫视, URL: https://mursor.ottiptv.cc/mcp/guangdong.m3u8?sign=5e7e19254bc03ea0dfa0093dede2d008&tm=1757443317, From: subscribe, IPv_Type: ipv6, Location: 美国-新泽西州-巴赛克, ISP: DigitalOcean, Date: None, Delay: -1 ms, Speed: 0.00 M/s, Resolution: None
Name: 广东卫视, URL: https://migu.188766.xyz/?migutoken=164cb2e6e78c49c291ee6eacacdfb125&id=%E5%B9%BF%E4%B8%9C%E5%8D%AB%E8%A7%86&type=yy, From: subscribe, IPv_Type: ipv6, Location: 美国, ISP: CloudFlare Inc., Date: None, Delay: -1 ms, Speed: 0.00 M/s, Resolution: None
Name: 广东卫视, URL: http://[2409:8087:8:21::18]:6610/otttv.bj.chinamobile.com/PLTV/88888888/224/3221226961/1.m3u8?GuardEncType=2&accountinfo=%7E%7EV2.0%7E2MGyx659D_aaDPP0qt3NgA%7EtP4-l0lmSfjwLWEfK_el1vH_mv-s1zo4AQJwdedaVwG9xkuFTDg8J26cwOrNJzn20BErrHdLhuZ9EzLUCD3PMW-OMx4MGteHV2vLeW6BqoY%2CEND, From: subscribe, IPv_Type: ipv6, Location: 中国, ISP: 中国移动, Date: None, Delay: -1 ms, Speed: 0.00 M/s, Resolution: None
Name: 广东卫视, URL: http://b.xiongnas.top:8888/rtp/239.3.1.142:8048, From: subscribe, IPv_Type: ipv6, Location: 中国, ISP: 中国联通, Date: None, Delay: -1 ms, Speed: 0.00 M/s, Resolution: None
Name: 广东卫视, URL: https://cc06.tv12.xyz/43.m3u8, From: subscribe, IPv_Type: ipv6, Location: 美国, ISP: CloudFlare Inc., Date: None, Delay: -1 ms, Speed: 0.00 M/s, Resolution: None
Name: 广东卫视, URL: https://jzb.wwkejishe.top/?id=598, From: subscribe, IPv_Type: ipv6, Location: 美国, ISP: CloudFlare Inc., Date: None, Delay: -1 ms, Speed: 0.00 M/s, Resolution: None
Name: 广东卫视, URL: http://jk55269942.myqnapcloud.com:4022/rtp/239.49.8.13:9422, From: subscribe, IPv_Type: ipv6, Location: 中国, ISP: 中国联通, Date: None, Delay: -1 ms, Speed: 0.00 M/s, Resolution: None
Name: 广东卫视, URL: http://zcb.myds.me:10001/rtp/239.49.8.13:9422, From: subscribe, IPv_Type: ipv6, Location: 中国, ISP: 中国电信, Date: None, Delay: -1 ms, Speed: 0.00 M/s, Resolution: None
Name: 广东卫视, URL: https://iptv.catvod.com/live.php?id=%E5%B9%BF%E4%B8%9C%E5%8D%AB%E8%A7%86, From: subscribe, IPv_Type: ipv6, Location: 美国, ISP: CloudFlare Inc., Date: None, Delay: -1 ms, Speed: 0.00 M/s, Resolution: None
Name: 广东卫视, URL: https://shyd.695847.xyz/cms001/ch00000090990000001032/index.m3u8?IASHttpSessionId=RR4967720251014100028031761&ispcode=12, From: subscribe, IPv_Type: ipv6, Location: 美国, ISP: CloudFlare Inc., Date: None, Delay: -1 ms, Speed: 0.00 M/s, Resolution: None
Name: 广东卫视, URL: https://live.chinacert.cftest5.cn/mg/?id=608831231, From: subscribe, IPv_Type: ipv6, Location: 中国, ISP: 中国电信, Date: None, Delay: -1 ms, Speed: 0.00 M/s, Resolution: None
Name: 广东卫视, URL: https://www.freetv.top/migu/608831231.m3u8?migutoken=78af5371d66a723fc72d7a69c8a18ade502c19d2cf715aa502730a2b197148f3ac859ba4dfc8177df928c7b17e4f7e50e73fa17782751d96ca1224dc27c62d3025503e7b80de41b09560f78ee1, From: subscribe, IPv_Type: ipv6, Location: 美国, ISP: Oracle Corporation, Date: None, Delay: -1 ms, Speed: 0.00 M/s, Resolution: None
Name: 广东卫视, URL: http://tvgslb.hn.chinamobile.com:8089/180000001002/00000001000000000010000000040391/main.m3u8?stbid=, From: subscribe, IPv_Type: ipv6, Location: 中国, ISP: 中国移动, Date: None, Delay: -1 ms, Speed: 0.00 M/s, Resolution: None
Name: 广东卫视, URL: http://hwltc.tv.cdn.zj.chinamobile.com/PLTV/88888888/224/3221236262/index.m3u8, From: subscribe, IPv_Type: ipv6, Location: 中国, ISP: 中国移动, Date: None, Delay: -1 ms, Speed: 0.00 M/s, Resolution: None
Name: 广东卫视, URL: http://hwottcdn.ln.chinamobile.com/PLTV/11/224/3221226878/index.m3u8, From: subscribe, IPv_Type: ipv6, Location: 中国, ISP: 中国移动, Date: None, Delay: -1 ms, Speed: 0.00 M/s, Resolution: None
Name: 广东卫视, URL: http://k.061899.xyz/k.php?id=gdws, From: subscribe, IPv_Type: ipv6, Location: 新加坡, ISP: Aceville Pte.Ltd., Date: None, Delay: -1 ms, Speed: 0.00 M/s, Resolution: None
Name: 广东卫视, URL: http://iptvrr.sh.chinamobile.com:6060/cms001/ch00000090990000001032/index.m3u8, From: subscribe, IPv_Type: ipv6, Location: 中国, ISP: 中国移动, Date: None, Delay: -1 ms, Speed: 0.00 M/s, Resolution: None
Name: 广东卫视, URL: http://ott.mobaibox.com/PLTV/1/224/3221227476/index.m3u8, From: subscribe, IPv_Type: ipv6, Location: 中国, ISP: 中国移动, Date: None, Delay: -1 ms, Speed: 0.00 M/s, Resolution: None
Name: 广东卫视, URL: https://t.freetv.fun/live/yan-dong-wei-shi-19.m3u8, From: subscribe, IPv_Type: ipv6, Location: 美国, ISP: CloudFlare Inc., Date: None, Delay: -1 ms, Speed: 0.00 M/s, Resolution: None
Name: 广东卫视, URL: http://mgsp-zy2.live.miguvideo.com:8088/migu/kailu/gdwshd265/54/20200407/index.m3u8?msisdn=e55e9ee71b42d2d7008a152c069625e3&mdspid=&spid=699054&netType=0&sid=2202428795&pid=2028597139&timestamp=20260215080207&Channel_ID=0116_2600034600-99000-201600010010028&ProgramID=608831231&ParentNodeID=-99&assertID=2202428795&client_ip=218.28.233.106&SecurityKey=20260215080207&promotionId=&mvid=2202428795&mcid=500020&playurlVersion=WX-A1-9.2.1-RELEASE&userid=&jmhm=&videocodec=h265&appCode=miguvideo_android&bean=mgspad&tid=android&conFee=0&encrypt=083073f5df8c9b4a660f970962677862&sv=10004&ct=android, From: subscribe, IPv_Type: ipv6, Location: 中国, ISP: 中国电信, Date: None, Delay: -1 ms, Speed: 0.00 M/s, Resolution: None
Name: 广东卫视, URL: http://mgsp-hs2.live.miguvideo.com:8088/migu/kailu/gdwshd265/54/20200407/index.m3u8?msisdn=2be6b2ec9fcf10d2c2457e2c710e172c&mdspid=&spid=699054&netType=0&sid=2202428795&pid=2028597139&timestamp=20260225060203&Channel_ID=0116_2600034600-99000-201600010010028&ProgramID=608831231&ParentNodeID=-99&assertID=2202428795&client_ip=218.28.233.106&SecurityKey=20260225060203&promotionId=&mvid=2202428795&mcid=500020&playurlVersion=WX-A1-9.2.1-RELEASE&userid=&jmhm=&videocodec=h265&appCode=miguvideo_android&bean=mgspad&tid=android&conFee=0&encrypt=849e725ba55b35342ff2cb9e3a9bef6c&sv=10004&ct=android, From: subscribe, IPv_Type: ipv6, Location: 中国, ISP: 中国联通, Date: None, Delay: -1 ms, Speed: 0.00 M/s, Resolution: None
Name: 广东卫视, URL: http://mgsp-yx2.live.miguvideo.com:8088/migu/kailu/gdwshd265/54/20200407/index.m3u8?msisdn=2be6b2ec9fcf10d2c2457e2c710e172c&mdspid=&spid=699054&netType=0&sid=2202428795&pid=2028597139&timestamp=20260228060219&Channel_ID=0116_2600034600-99000-201600010010028&ProgramID=608831231&ParentNodeID=-99&assertID=2202428795&client_ip=218.28.233.106&SecurityKey=20260228060219&promotionId=&mvid=2202428795&mcid=500020&playurlVersion=WX-A1-9.2.1-RELEASE&userid=&jmhm=&videocodec=h265&appCode=miguvideo_android&bean=mgspad&tid=android&conFee=0&encrypt=fb6131f22b10d40744acb637f5444417&sv=10004&ct=android, From: subscribe, IPv_Type: ipv6, Location: 中国, ISP: 中国电信, Date: None, Delay: -1 ms, Speed: 0.00 M/s, Resolution: None
Name: 广东卫视, URL: http://mgsp-ws2.live.miguvideo.com:8088/migu/kailu/gdwshd265/54/20200407/index.m3u8?msisdn=2be6b2ec9fcf10d2c2457e2c710e172c&mdspid=&spid=699054&netType=0&sid=2202428795&pid=2028597139&timestamp=20260303060204&Channel_ID=0116_2600034600-99000-201600010010028&ProgramID=608831231&ParentNodeID=-99&assertID=2202428795&client_ip=218.28.233.106&SecurityKey=20260303060204&promotionId=&mvid=2202428795&mcid=500020&playurlVersion=WX-A1-9.2.2-RELEASE&userid=&jmhm=&videocodec=h265&appCode=miguvideo_android&bean=mgspad&tid=android&conFee=0&encrypt=870a3b6befc079219bce5c86cf662dde&sv=10004&ct=android, From: subscribe, IPv_Type: ipv6, Location: 加拿大, ISP: , Date: None, Delay: -1 ms, Speed: 0.00 M/s, Resolution: None
Name: 广东卫视, URL: http://lu.wqwqwq.sbs/itv/1000000005000265034.m3u8?cdn=ystenlive, From: subscribe, IPv_Type: ipv6, Location: 美国, ISP: CloudFlare Inc., Date: None, Delay: -1 ms, Speed: 0.00 M/s, Resolution: None
Name: 深圳卫视, URL: http://n1.gzbody.com:85/rtp/239.77.0.130:5146, From: subscribe, IPv_Type: ipv6, Location: 中国, ISP: 中国电信, Date: None, Delay: -1 ms, Speed: 0.00 M/s, Resolution: None
Name: 深圳卫视, URL: http://[2409:8087:1a15:10d1::33]/ottrrs.hl.chinamobile.com/PLTV/88888888/224/3221226313/index.m3u8, From: subscribe, IPv_Type: ipv6, Location: 中国, ISP: 中国移动, Date: None, Delay: -1 ms, Speed: 0.00 M/s, Resolution: None
Name: 深圳卫视, URL: http://php.jdshipin.com/TVOD/hnyd.php?id=200000001898/460000089800010068, From: subscribe, IPv_Type: ipv6, Location: 美国, ISP: CloudFlare Inc., Date: None, Delay: -1 ms, Speed: 0.00 M/s, Resolution: None
Name: 深圳卫视, URL: http://iptv.huuc.edu.cn/hls/szhd.m3u8, From: subscribe, IPv_Type: ipv6, Location: 中国, ISP: 教育网, Date: None, Delay: -1 ms, Speed: 0.00 M/s, Resolution: None
Name: 深圳卫视, URL: https://smart.pendy.dpdns.org/Smart.php?id=shenzhen, From: subscribe, IPv_Type: ipv6, Location: 美国, ISP: CloudFlare Inc., Date: None, Delay: -1 ms, Speed: 0.00 M/s, Resolution: None
Name: 深圳卫视, URL: http://dsj.motem.top:8880/bptv/10000100000000050000000003873474.m3u8, From: subscribe, IPv_Type: ipv6, Location: 美国, ISP: CloudFlare Inc., Date: None, Delay: -1 ms, Speed: 0.00 M/s, Resolution: None
Name: 深圳卫视, URL: http://z.b.bkpcp.top/m.php?id=szws, From: subscribe, IPv_Type: ipv6, Location: 美国, ISP: CloudFlare Inc., Date: None, Delay: -1 ms, Speed: 0.00 M/s, Resolution: None
Name: 深圳卫视, URL: http://[2409:8087:1a0a:df::404b]/ottrrs.hl.chinamobile.com/TVOD/88888888/224/3221226313/index.m3u8, From: subscribe, IPv_Type: ipv6, Location: 中国, ISP: 中国移动, Date: None, Delay: -1 ms, Speed: 0.00 M/s, Resolution: None
Name: 深圳卫视, URL: http://[2409:8087:1a01:df::4077]/ottrrs.hl.chinamobile.com/PLTV/88888888/224/3221226313/index.m3u8, From: subscribe, IPv_Type: ipv6, Location: 中国, ISP: 中国移动, Date: None, Delay: -1 ms, Speed: 0.00 M/s, Resolution: None
Name: 深圳卫视, URL: http://[2409:8087:8:21::18]:6610/otttv.bj.chinamobile.com/PLTV/88888888/224/3221226959/1.m3u8?GuardEncType=2&accountinfo=%7E%7EV2.0%7EGrVNEZREjuNVKiTJo2mtwg%7EtP4-l0lmSfjwLWEfK_el1vH_mv-s1zo4AQJwdedaVwG9xkuFTDg8J26cwOrNJzn20BErrHdLhuZ9EzLUCD3PMW-OMx4MGteHV2vLeW6BqoY%2CEND, From: subscribe, IPv_Type: ipv6, Location: 中国, ISP: 中国移动, Date: None, Delay: -1 ms, Speed: 0.00 M/s, Resolution: None
Name: 深圳卫视, URL: http://[2409:8087:2001:20:2800:0:df6e:eb11]:80/ott.mobaibox.com/PLTV/4/224/3221227555/index.m3u8, From: subscribe, IPv_Type: ipv6, Location: 中国, ISP: 中国移动, Date: None, Delay: -1 ms, Speed: 0.00 M/s, Resolution: None
Name: 深圳卫视, URL: http://yc.myds.me:35455/itv/5000000004000007410.m3u8?cdn=bestzb, From: subscribe, IPv_Type: ipv6, Location: 中国, ISP: 中国电信, Date: None, Delay: -1 ms, Speed: 0.00 M/s, Resolution: None
Name: 深圳卫视, URL: https://mursor.ottiptv.cc/mcp/shenzheng.m3u8?sign=88b7b7d81123a1316352d1774be79be5&tm=1757443317, From: subscribe, IPv_Type: ipv6, Location: 美国-新泽西州-巴赛克, ISP: DigitalOcean, Date: None, Delay: -1 ms, Speed: 0.00 M/s, Resolution: None
Name: 深圳卫视, URL: https://migu.188766.xyz/?migutoken=784b52a434d98b429ab512ff75916360&id=szws&type=sz, From: subscribe, IPv_Type: ipv6, Location: 美国, ISP: CloudFlare Inc., Date: None, Delay: -1 ms, Speed: 0.00 M/s, Resolution: None
Name: 深圳卫视, URL: http://b.xiongnas.top:8888/rtp/239.3.1.134:8020, From: subscribe, IPv_Type: ipv6, Location: 中国, ISP: 中国联通, Date: None, Delay: -1 ms, Speed: 0.00 M/s, Resolution: None
Name: 深圳卫视, URL: http://nas.suntao.online:35455/itv/5000000004000007410.m3u8?cdn=bestzb, From: subscribe, IPv_Type: ipv6, Location: 中国, ISP: 中国联通, Date: None, Delay: -1 ms, Speed: 0.00 M/s, Resolution: None
Name: 深圳卫视, URL: https://cc06.tv12.xyz/108.m3u8, From: subscribe, IPv_Type: ipv6, Location: 美国, ISP: CloudFlare Inc., Date: None, Delay: -1 ms, Speed: 0.00 M/s, Resolution: None
Name: 深圳卫视, URL: https://jzb.wwkejishe.top/?id=606, From: subscribe, IPv_Type: ipv6, Location: 美国, ISP: CloudFlare Inc., Date: None, Delay: -1 ms, Speed: 0.00 M/s, Resolution: None
Name: 深圳卫视, URL: http://jk55269942.myqnapcloud.com:4022/rtp/239.49.8.15:9430, From: subscribe, IPv_Type: ipv6, Location: 中国, ISP: 中国联通, Date: None, Delay: -1 ms, Speed: 0.00 M/s, Resolution: None
Name: 深圳卫视, URL: http://zcb.myds.me:10001/rtp/239.49.8.15:9430, From: subscribe, IPv_Type: ipv6, Location: 中国, ISP: 中国电信, Date: None, Delay: -1 ms, Speed: 0.00 M/s, Resolution: None
Name: 深圳卫视, URL: https://shyd.695847.xyz/cms001/ch00000090990000001030/index.m3u8?IASHttpSessionId=RR4967720251014100028031761&ispcode=12, From: subscribe, IPv_Type: ipv6, Location: 美国, ISP: CloudFlare Inc., Date: None, Delay: -1 ms, Speed: 0.00 M/s, Resolution: None
Name: 深圳卫视, URL: https://iptv.catvod.com/live.php?id=%E6%B7%B1%E5%9C%B3%E5%8D%AB%E8%A7%86%E5%8F%B0, From: subscribe, IPv_Type: ipv6, Location: 美国, ISP: CloudFlare Inc., Date: None, Delay: -1 ms, Speed: 0.00 M/s, Resolution: None
Name: 深圳卫视, URL: https://stream1.freetv.fun/b6f191d152cd68e82619bf81baa62725dd590bca499c810e11b4babbe75cf8d5.m3u8, From: subscribe, IPv_Type: ipv6, Location: 美国, ISP: CloudFlare Inc., Date: None, Delay: -1 ms, Speed: 0.00 M/s, Resolution: None
Name: 深圳卫视, URL: http://hwottcdn.ln.chinamobile.com/PLTV/11/224/3221227239/index.m3u8, From: subscribe, IPv_Type: ipv6, Location: 中国, ISP: 中国移动, Date: None, Delay: -1 ms, Speed: 0.00 M/s, Resolution: None
Name: 深圳卫视, URL: http://hwltc.tv.cdn.zj.chinamobile.com/PLTV/88888888/224/3221236251/index.m3u8, From: subscribe, IPv_Type: ipv6, Location: 中国, ISP: 中国移动, Date: None, Delay: -1 ms, Speed: 0.00 M/s, Resolution: None
Name: 深圳卫视, URL: http://k.061899.xyz/k.php?id=szws, From: subscribe, IPv_Type: ipv6, Location: 新加坡, ISP: Aceville Pte.Ltd., Date: None, Delay: -1 ms, Speed: 0.00 M/s, Resolution: None
Name: 深圳卫视, URL: http://tvgslb.hn.chinamobile.com:8089/180000001002/00000000000000020000000000182565/main.m3u8?stbid=, From: subscribe, IPv_Type: ipv6, Location: 中国, ISP: 中国移动, Date: None, Delay: -1 ms, Speed: 0.00 M/s, Resolution: None
Name: 深圳卫视, URL: http://iptvrr.sh.chinamobile.com:6060/cms001/ch00000090990000001030/index.m3u8, From: subscribe, IPv_Type: ipv6, Location: 中国, ISP: 中国移动, Date: None, Delay: -1 ms, Speed: 0.00 M/s, Resolution: None
Name: 深圳卫视, URL: http://ott.mobaibox.com/PLTV/3/224/3221227555/index.m3u8, From: subscribe, IPv_Type: ipv6, Location: 中国, ISP: 中国移动, Date: None, Delay: -1 ms, Speed: 0.00 M/s, Resolution: None
Name: 深圳卫视, URL: http://rrs01.hw.gmcc.net:8088/PLTV/81/224/3221226688/1.m3u8, From: subscribe, IPv_Type: ipv6, Location: 中国, ISP: 中国移动, Date: None, Delay: -1 ms, Speed: 0.00 M/s, Resolution: None
Name: 深圳卫视, URL: https://t.freetv.fun/live/shen-zhen-wei-shi-3.m3u8, From: subscribe, IPv_Type: ipv6, Location: 美国, ISP: CloudFlare Inc., Date: None, Delay: -1 ms, Speed: 0.00 M/s, Resolution: None
Name: 深圳卫视, URL: https://gd202.tv1288.xyz/tsfile/live/1042_1.m3u8, From: subscribe, IPv_Type: ipv6, Location: 美国, ISP: CloudFlare Inc., Date: None, Delay: -1 ms, Speed: 0.00 M/s, Resolution: None
Name: 香港卫视, URL: http://cctvtxyh5c.liveplay.myqcloud.com/cstv/xianggangweishi_2/index.m3u8, From: subscribe, IPv_Type: ipv6, Location: 中国, ISP: 中国联通, Date: None, Delay: -1 ms, Speed: 0.00 M/s, Resolution: None
Name: 香港卫视, URL: https://stream1.freetv.fun/5335c88a9a7d8b74173b491f480d4f94e8d3bd596af54478106aa2399e6c7917.m3u8, From: subscribe, IPv_Type: ipv6, Location: 美国, ISP: CloudFlare Inc., Date: None, Delay: -1 ms, Speed: 0.00 M/s, Resolution: None
Name: 香港卫视, URL: https://yvxymm.tv12.xyz/175.m3u8, From: subscribe, IPv_Type: ipv6, Location: 美国, ISP: CloudFlare Inc., Date: None, Delay: -1 ms, Speed: 0.00 M/s, Resolution: None
Name: 香港卫视, URL: https://migu.188766.xyz/?migutoken=6804cde09f4133e69f2aaf5406a2bcc5&id=%E9%A6%99%E6%B8%AF%E5%8D%AB%E8%A7%86&type=yy, From: subscribe, IPv_Type: ipv6, Location: 美国, ISP: CloudFlare Inc., Date: None, Delay: -1 ms, Speed: 0.00 M/s, Resolution: None
Name: 香港卫视, URL: http://webcast.hkstv.tv/livestream/mutfysrq/playlist.m3u8, From: subscribe, IPv_Type: ipv6, Location: 美国, ISP: , Date: None, Delay: -1 ms, Speed: 0.00 M/s, Resolution: None
Name: 北京卫视, URL: http://n1.gzbody.com:85/rtp/239.77.1.151:5146, From: subscribe, IPv_Type: ipv6, Location: 中国, ISP: 中国电信, Date: None, Delay: -1 ms, Speed: 0.00 M/s, Resolution: None
Name: 北京卫视, URL: http://[2409:8087:1a15:10d1::38]/ottrrs.hl.chinamobile.com/PLTV/88888888/224/3221225728/index.m3u8, From: subscribe, IPv_Type: ipv6, Location: 中国, ISP: 中国移动, Date: None, Delay: -1 ms, Speed: 0.00 M/s, Resolution: None
Name: 北京卫视, URL: https://mursor.ottiptv.cc/mcp/beijing.m3u8?sign=549b39112cac577e70b52c8b86cacca2&tm=1757443317, From: subscribe, IPv_Type: ipv6, Location: 美国-新泽西州-巴赛克, ISP: DigitalOcean, Date: None, Delay: -1 ms, Speed: 0.00 M/s, Resolution: None
Name: 北京卫视, URL: https://migu.188766.xyz/?migutoken=836545772ae09b5bc9b2df5108d56b4a&id=%E5%8C%97%E4%BA%AC%E5%8D%AB%E8%A7%86&type=yy, From: subscribe, IPv_Type: ipv6, Location: 美国, ISP: CloudFlare Inc., Date: None, Delay: -1 ms, Speed: 0.00 M/s, Resolution: None
Name: 北京卫视, URL: http://dsj.motem.top:8880/bptv/10000100000000050000000003870776.m3u8, From: subscribe, IPv_Type: ipv6, Location: 美国, ISP: CloudFlare Inc., Date: None, Delay: -1 ms, Speed: 0.00 M/s, Resolution: None
Name: 北京卫视, URL: http://iptv.huuc.edu.cn/hls/btv1hd.m3u8, From: subscribe, IPv_Type: ipv6, Location: 中国, ISP: 教育网, Date: None, Delay: -1 ms, Speed: 0.00 M/s, Resolution: None
Name: 北京卫视, URL: http://[2409:8087:8:21::18]:6610/otttv.bj.chinamobile.com/PLTV/88888888/224/3221226900/1.m3u8?GuardEncType=2&accountinfo=%7E%7EV2.0%7EcYPi33WFyhvd6SjmqUKhJg%7EtP4-l0lmSfjwLWEfK_el1vH_mv-s1zo4AQJwdedaVwG9xkuFTDg8J26cwOrNJzn20BErrHdLhuZ9EzLUCD3PMW-OMx4MGteHV2vLeW6BqoY%2CEND, From: subscribe, IPv_Type: ipv6, Location: 中国, ISP: 中国移动, Date: None, Delay: -1 ms, Speed: 0.00 M/s, Resolution: None
Name: 北京卫视, URL: http://[2409:8087:1a01:df::4077]/ottrrs.hl.chinamobile.com/PLTV/88888888/224/3221226450/index.m3u8, From: subscribe, IPv_Type: ipv6, Location: 中国, ISP: 中国移动, Date: None, Delay: -1 ms, Speed: 0.00 M/s, Resolution: None
Name: 北京卫视, URL: http://b.xiongnas.top:8888/rtp/239.3.1.241:8000, From: subscribe, IPv_Type: ipv6, Location: 中国, ISP: 中国联通, Date: None, Delay: -1 ms, Speed: 0.00 M/s, Resolution: None
Name: 北京卫视, URL: http://iptv.cdn.ha.chinamobile.com/PLTV/88888888/224/3221227179/index.m3u8, From: subscribe, IPv_Type: ipv6, Location: 中国, ISP: 中国移动, Date: None, Delay: -1 ms, Speed: 0.00 M/s, Resolution: None
Name: 北京卫视, URL: http://cc02.tv12.xyz/1.m3u8, From: subscribe, IPv_Type: ipv6, Location: 美国, ISP: CloudFlare Inc., Date: None, Delay: -1 ms, Speed: 0.00 M/s, Resolution: None
Name: 北京卫视, URL: https://smart.pendy.dpdns.org/Smart.php?id=beijing, From: subscribe, IPv_Type: ipv6, Location: 美国, ISP: CloudFlare Inc., Date: None, Delay: -1 ms, Speed: 0.00 M/s, Resolution: None
Name: 北京卫视, URL: https://cc06.tv12.xyz/27.m3u8, From: subscribe, IPv_Type: ipv6, Location: 美国, ISP: CloudFlare Inc., Date: None, Delay: -1 ms, Speed: 0.00 M/s, Resolution: None
Name: 北京卫视, URL: https://jzb.wwkejishe.top/?id=608, From: subscribe, IPv_Type: ipv6, Location: 美国, ISP: CloudFlare Inc., Date: None, Delay: -1 ms, Speed: 0.00 M/s, Resolution: None
Name: 北京卫视, URL: http://jk55269942.myqnapcloud.com:4022/rtp/239.49.8.11:9414, From: subscribe, IPv_Type: ipv6, Location: 中国, ISP: 中国联通, Date: None, Delay: -1 ms, Speed: 0.00 M/s, Resolution: None
Name: 北京卫视, URL: http://zcb.myds.me:10001/rtp/239.49.8.11:9414, From: subscribe, IPv_Type: ipv6, Location: 中国, ISP: 中国电信, Date: None, Delay: -1 ms, Speed: 0.00 M/s, Resolution: None
Name: 北京卫视, URL: https://shyd.695847.xyz/cms001/ch00000090990000001029/index.m3u8?IASHttpSessionId=RR4967720251014100028031761&ispcode=12, From: subscribe, IPv_Type: ipv6, Location: 美国, ISP: CloudFlare Inc., Date: None, Delay: -1 ms, Speed: 0.00 M/s, Resolution: None
Name: 北京卫视, URL: https://iptv.catvod.com/live.php?id=%E5%8C%97%E4%BA%AC%E5%8D%AB%E8%A7%86, From: subscribe, IPv_Type: ipv6, Location: 美国, ISP: CloudFlare Inc., Date: None, Delay: -1 ms, Speed: 0.00 M/s, Resolution: None
Name: 北京卫视, URL: https://stream1.freetv.fun/786bf920787f92216b3f39c74879c122dbb5dfe0f0d4082b5f43fdf3c8a75474.m3u8, From: subscribe, IPv_Type: ipv6, Location: 美国, ISP: CloudFlare Inc., Date: None, Delay: -1 ms, Speed: 0.00 M/s, Resolution: None
Name: 北京卫视, URL: http://gslbmgsplive.miguvideo.com/migu/kailu/bjws/50/20251127/index.m3u8?msisdn=20251210080245610b6fe4710e4447b30c11ed1fd0be88&mdspid=&spid=600697&netType=0&sid=5910022306&pid=2028597139&timestamp=20251210080245&Channel_ID=0116_2600037000-99000-200300220100002&ProgramID=630287636&ParentNodeID=-99&assertID=5910022306&client_ip=218.28.233.106&SecurityKey=20251210080245&promotionId=&mvid=5101042960&mcid=500020&playurlVersion=WX-A1-8.11.2-RELEASE&userid=&jmhm=&videocodec=h264&appCode=miguvideo_android&bean=mgspad&tid=android&conFee=0&puData=9dc08d0baae3844c18e558567846201a&ddCalcu=a91dv0ca20w68a4d807b6a5a8e5358e4841c&sv=10004&ct=android, From: subscribe, IPv_Type: ipv6, Location: 中国, ISP: 中国移动, Date: None, Delay: -1 ms, Speed: 0.00 M/s, Resolution: None
Name: 北京卫视, URL: https://tv.iill.top/migu/bjws&token=cc939526aed05a9c3f42c88c61fb8cb76c2acee2ebd65691e243451029eb7b84, From: subscribe, IPv_Type: ipv6, Location: 美国, ISP: CloudFlare Inc., Date: None, Delay: -1 ms, Speed: 0.00 M/s, Resolution: None
Name: 北京卫视, URL: http://ott.mobaibox.com/PLTV/4/224/3221227896/index.m3u8, From: subscribe, IPv_Type: ipv6, Location: 中国, ISP: 中国移动, Date: None, Delay: -1 ms, Speed: 0.00 M/s, Resolution: None
Name: 北京卫视, URL: http://tvgslb.hn.chinamobile.com:8089/180000001002/00000000000000020000000000182564/main.m3u8?stbid=, From: subscribe, IPv_Type: ipv6, Location: 中国, ISP: 中国移动, Date: None, Delay: -1 ms, Speed: 0.00 M/s, Resolution: None
Name: 北京卫视, URL: http://hwltc.tv.cdn.zj.chinamobile.com/PLTV/88888888/224/3221236241/index.m3u8, From: subscribe, IPv_Type: ipv6, Location: 中国, ISP: 中国移动, Date: None, Delay: -1 ms, Speed: 0.00 M/s, Resolution: None
Name: 北京卫视, URL: http://hwottcdn.ln.chinamobile.com/PLTV/11/224/3221226185/index.m3u8, From: subscribe, IPv_Type: ipv6, Location: 中国, ISP: 中国移动, Date: None, Delay: -1 ms, Speed: 0.00 M/s, Resolution: None
Name: 北京卫视, URL: http://iptvrr.sh.chinamobile.com:6060/cms001/ch00000090990000001029/index.m3u8, From: subscribe, IPv_Type: ipv6, Location: 中国, ISP: 中国移动, Date: None, Delay: -1 ms, Speed: 0.00 M/s, Resolution: None
Name: 北京卫视, URL: http://k.061899.xyz/k.php?id=bjws, From: subscribe, IPv_Type: ipv6, Location: 新加坡, ISP: Aceville Pte.Ltd., Date: None, Delay: -1 ms, Speed: 0.00 M/s, Resolution: None
Name: 北京卫视, URL: http://rrs01.hw.gmcc.net:8088/PLTV/81/224/3221226719/1.m3u8, From: subscribe, IPv_Type: ipv6, Location: 中国, ISP: 中国移动, Date: None, Delay: -1 ms, Speed: 0.00 M/s, Resolution: None
Name: 北京卫视, URL: http://mgsp-hs2.live.miguvideo.com:8088/migu/kailu/bjws/51/20251127/index.m3u8?msisdn=e55e9ee71b42d2d7008a152c069625e3&mdspid=&spid=600697&netType=0&sid=5910022306&pid=2028597139&timestamp=20260216080224&Channel_ID=0116_2600034600-99000-201600010010028&ProgramID=630287636&ParentNodeID=-99&assertID=5910022306&client_ip=218.28.233.106&SecurityKey=20260216080224&promotionId=&mvid=5101042960&mcid=500020&playurlVersion=WX-A1-9.2.1-RELEASE&userid=&jmhm=&videocodec=h264&appCode=miguvideo_android&bean=mgspad&tid=android&conFee=0&encrypt=54014c9d2b4025227521328430948420&sv=10004&ct=android, From: subscribe, IPv_Type: ipv6, Location: 中国, ISP: 中国移动, Date: None, Delay: -1 ms, Speed: 0.00 M/s, Resolution: None
Name: 北京卫视, URL: http://mgsp-yx2.live.miguvideo.com:8088/migu/kailu/bjws/51/20251127/index.m3u8?msisdn=e55e9ee71b42d2d7008a152c069625e3&mdspid=&spid=600697&netType=0&sid=5910022306&pid=2028597139&timestamp=20260217084018&Channel_ID=0116_2600034600-99000-201600010010028&ProgramID=630287636&ParentNodeID=-99&assertID=5910022306&client_ip=218.28.233.106&SecurityKey=20260217084018&promotionId=&mvid=5101042960&mcid=500020&playurlVersion=WX-A1-9.2.1-RELEASE&userid=&jmhm=&videocodec=h264&appCode=miguvideo_android&bean=mgspad&tid=android&conFee=0&encrypt=aba8873a356778f7d835b802b59bc90c&sv=10004&ct=android, From: subscribe, IPv_Type: ipv6, Location: 中国, ISP: 中国电信, Date: None, Delay: -1 ms, Speed: 0.00 M/s, Resolution: None
Name: 北京卫视, URL: http://mgsp-zy2.live.miguvideo.com:8088/migu/kailu/bjws/51/20251127/index.m3u8?msisdn=2be6b2ec9fcf10d2c2457e2c710e172c&mdspid=&spid=600697&netType=0&sid=5910022306&pid=2028597139&timestamp=20260226080224&Channel_ID=0116_2600034600-99000-201600010010028&ProgramID=630287636&ParentNodeID=-99&assertID=5910022306&client_ip=218.28.233.106&SecurityKey=20260226080224&promotionId=&mvid=5101042960&mcid=500020&playurlVersion=WX-A1-9.2.1-RELEASE&userid=&jmhm=&videocodec=h264&appCode=miguvideo_android&bean=mgspad&tid=android&conFee=0&encrypt=344ee0d23ce5e75106484906bdf9806a&sv=10004&ct=android, From: subscribe, IPv_Type: ipv6, Location: 中国, ISP: 中国电信, Date: None, Delay: -1 ms, Speed: 0.00 M/s, Resolution: None
Name: 北京卫视, URL: https://t.freetv.fun/live/bei-jing-wei-shi-8.php, From: subscribe, IPv_Type: ipv6, Location: 美国, ISP: CloudFlare Inc., Date: None, Delay: -1 ms, Speed: 0.00 M/s, Resolution: None
Name: 北京卫视, URL: https://v.iill.top/api/bjws/index.m3u8, From: subscribe, IPv_Type: ipv6, Location: 美国, ISP: CloudFlare Inc., Date: None, Delay: -1 ms, Speed: 0.00 M/s, Resolution: None
Name: 北京卫视, URL: http://satellitepull.cnr.cn/live/wxbtv/playlist.m3u8, From: subscribe, IPv_Type: ipv4, Location: 美国-伊利诺伊州-库克, ISP: 网宿CDN节点, Date: None, Delay: 6 ms, Speed: 16.19 M/s, Resolution: None
Name: 北京卫视, URL: http://101.66.198.83:9901/tsfile/live/0016_1.m3u8, From: subscribe, IPv_Type: ipv4, Location: 中国-浙江-金华, ISP: 联通, Date: None, Delay: 10432 ms, Speed: 0.01 M/s, Resolution: None
Name: 湖北卫视, URL: http://gslbmgsplive.miguvideo.com/wd_r2/2018/ocn/hubeiwshd/1000/index.m3u8?msisdn=202509071500316444e77c5db34e6295a57ea057829141&mdspid=&spid=600633&netType=0&sid=5910022163&pid=2028597139&timestamp=20250907150031&Channel_ID=0116_2600037000-99000-200300220100002&ProgramID=947472496&ParentNodeID=-99&assertID=5910022163&client_ip=106.13.250.89&SecurityKey=20250907150031&promotionId=&mvid=5900004355&mcid=500020&playurlVersion=WX-A1-8.8.1-RELEASE&userid=&jmhm=&videocodec=h264&bean=mgspad&tid=android&conFee=0&puData=dcc283af22902e716ecd78145c0f1f38&ddCalcu=8d3cvfca12yf8a03ca5f42128970d2cee761&sv=10004&ct=android, From: subscribe, IPv_Type: ipv6, Location: 中国, ISP: 中国移动, Date: None, Delay: -1 ms, Speed: 0.00 M/s, Resolution: None
Name: 湖北卫视, URL: http://n1.gzbody.com:85/rtp/239.77.0.128:5146, From: subscribe, IPv_Type: ipv6, Location: 中国, ISP: 中国电信, Date: None, Delay: -1 ms, Speed: 0.00 M/s, Resolution: None
Name: 湖北卫视, URL: http://bailudz.top:1236/111/hahahaha.php, From: subscribe, IPv_Type: ipv6, Location: 中国, ISP: 中国电信, Date: None, Delay: -1 ms, Speed: 0.00 M/s, Resolution: None
Name: 湖北卫视, URL: http://[2409:8087:1a15:10d1::36]/ottrrs.hl.chinamobile.com/PLTV/88888888/224/3221225627/index.m3u8, From: subscribe, IPv_Type: ipv6, Location: 中国, ISP: 中国移动, Date: None, Delay: -1 ms, Speed: 0.00 M/s, Resolution: None
Name: 湖北卫视, URL: https://mursor.ottiptv.cc/mcp/hubei.m3u8?sign=fadbcc2ec4e60f00087e057b676e6da4&tm=1757443317, From: subscribe, IPv_Type: ipv6, Location: 美国-新泽西州-巴赛克, ISP: DigitalOcean, Date: None, Delay: -1 ms, Speed: 0.00 M/s, Resolution: None
Name: 湖北卫视, URL: https://migu.188766.xyz/?migutoken=bddb21c0ce6131e70c7d77ebfad6d079&id=%E6%B9%96%E5%8C%97%E5%8D%AB%E8%A7%86&type=yy, From: subscribe, IPv_Type: ipv6, Location: 美国, ISP: CloudFlare Inc., Date: None, Delay: -1 ms, Speed: 0.00 M/s, Resolution: None
Name: 湖北卫视, URL: http://dsj.motem.top:8880/bptv/10000100000000050000000003873465.m3u8, From: subscribe, IPv_Type: ipv6, Location: 美国, ISP: CloudFlare Inc., Date: None, Delay: -1 ms, Speed: 0.00 M/s, Resolution: None
Name: 湖北卫视, URL: http://iptv.huuc.edu.cn/hls/hbhd.m3u8, From: subscribe, IPv_Type: ipv6, Location: 中国, ISP: 教育网, Date: None, Delay: -1 ms, Speed: 0.00 M/s, Resolution: None
Name: 湖北卫视, URL: http://[2409:8087:8:21::18]:6610/otttv.bj.chinamobile.com/PLTV/88888888/224/3221226952/1.m3u8?GuardEncType=2&accountinfo=%7E%7EV2.0%7EREB40lnZnCEwjRy7LZuhIQ%7EtP4-l0lmSfjwLWEfK_el1vH_mv-s1zo4AQJwdedaVwG9xkuFTDg8J26cwOrNJzn20BErrHdLhuZ9EzLUCD3PMW-OMx4MGteHV2vLeW6BqoY%2CEND, From: subscribe, IPv_Type: ipv6, Location: 中国, ISP: 中国移动, Date: None, Delay: -1 ms, Speed: 0.00 M/s, Resolution: None
Name: 湖北卫视, URL: http://[2409:8087:1a01:df::4077]/ottrrs.hl.chinamobile.com/PLTV/88888888/8/3221226501/index.m3u8, From: subscribe, IPv_Type: ipv6, Location: 中国, ISP: 中国移动, Date: None, Delay: -1 ms, Speed: 0.00 M/s, Resolution: None
Name: 湖北卫视, URL: http://b.xiongnas.top:8888/rtp/239.3.1.138:8044, From: subscribe, IPv_Type: ipv6, Location: 中国, ISP: 中国联通, Date: None, Delay: -1 ms, Speed: 0.00 M/s, Resolution: None
Name: 湖北卫视, URL: https://smart.pendy.dpdns.org/Smart.php?id=hubei, From: subscribe, IPv_Type: ipv6, Location: 美国, ISP: CloudFlare Inc., Date: None, Delay: -1 ms, Speed: 0.00 M/s, Resolution: None
Name: 湖北卫视, URL: https://cc06.tv12.xyz/50.m3u8, From: subscribe, IPv_Type: ipv6, Location: 美国, ISP: CloudFlare Inc., Date: None, Delay: -1 ms, Speed: 0.00 M/s, Resolution: None
Name: 湖北卫视, URL: https://www.freetv.top/migu/947472496.m3u8?migutoken=9bd305703117b6f1a9c2173244447e842908f2aec928c6d2a88e48e161877e502a2098f1870813f7673be0b35489dee17429bc5f241b1b21992b87b9e55379238e1a0cfe388465efacb4a6f6af, From: subscribe, IPv_Type: ipv6, Location: 美国-新泽西州-巴赛克, ISP: DigitalOcean, Date: None, Delay: -1 ms, Speed: 0.00 M/s, Resolution: None
Name: 湖北卫视, URL: https://jzb.wwkejishe.top/?id=604, From: subscribe, IPv_Type: ipv6, Location: 美国, ISP: CloudFlare Inc., Date: None, Delay: -1 ms, Speed: 0.00 M/s, Resolution: None
Name: 湖北卫视, URL: http://jk55269942.myqnapcloud.com:4022/rtp/239.49.8.8:9632, From: subscribe, IPv_Type: ipv6, Location: 中国, ISP: 中国联通, Date: None, Delay: -1 ms, Speed: 0.00 M/s, Resolution: None
Name: 湖北卫视, URL: http://zcb.myds.me:10001/rtp/239.49.8.8:9632, From: subscribe, IPv_Type: ipv6, Location: 中国, ISP: 中国电信, Date: None, Delay: -1 ms, Speed: 0.00 M/s, Resolution: None
Name: 湖北卫视, URL: https://iptv.catvod.com/live.php?id=%E6%B9%96%E5%8C%97%E5%8D%AB%E8%A7%86, From: subscribe, IPv_Type: ipv6, Location: 美国, ISP: CloudFlare Inc., Date: None, Delay: -1 ms, Speed: 0.00 M/s, Resolution: None
Name: 湖北卫视, URL: https://shyd.695847.xyz/cms001/ch00000090990000001027/index.m3u8?IASHttpSessionId=RR4967720251014100028031761&ispcode=12, From: subscribe, IPv_Type: ipv6, Location: 美国, ISP: CloudFlare Inc., Date: None, Delay: -1 ms, Speed: 0.00 M/s, Resolution: None
Name: 湖北卫视, URL: https://live.chinacert.cftest5.cn/mg/?id=947472496, From: subscribe, IPv_Type: ipv6, Location: 中国, ISP: 中国电信, Date: None, Delay: -1 ms, Speed: 0.00 M/s, Resolution: None
Name: 湖北卫视, URL: http://hwottcdn.ln.chinamobile.com/PLTV/11/224/3221227230/index.m3u8, From: subscribe, IPv_Type: ipv6, Location: 中国, ISP: 中国移动, Date: None, Delay: -1 ms, Speed: 0.00 M/s, Resolution: None
Name: 湖北卫视, URL: http://hwltc.tv.cdn.zj.chinamobile.com/PLTV/88888888/224/3221236271/index.m3u8, From: subscribe, IPv_Type: ipv6, Location: 中国, ISP: 中国移动, Date: None, Delay: -1 ms, Speed: 0.00 M/s, Resolution: None
Name: 湖北卫视, URL: http://k.061899.xyz/k.php?id=hubws, From: subscribe, IPv_Type: ipv6, Location: 新加坡, ISP: Aceville Pte.Ltd., Date: None, Delay: -1 ms, Speed: 0.00 M/s, Resolution: None
Name: 湖北卫视, URL: http://iptvrr.sh.chinamobile.com:6060/cms001/ch00000090990000001027/index.m3u8, From: subscribe, IPv_Type: ipv6, Location: 中国, ISP: 中国移动, Date: None, Delay: -1 ms, Speed: 0.00 M/s, Resolution: None
Name: 湖北卫视, URL: http://tvgslb.hn.chinamobile.com:8089/180000001002/00000000000000020000000000182285/main.m3u8?stbid=, From: subscribe, IPv_Type: ipv6, Location: 中国, ISP: 中国移动, Date: None, Delay: -1 ms, Speed: 0.00 M/s, Resolution: None
Name: 湖北卫视, URL: http://ott.mobaibox.com/PLTV/3/224/3221227479/index.m3u8, From: subscribe, IPv_Type: ipv6, Location: 中国, ISP: 中国移动, Date: None, Delay: -1 ms, Speed: 0.00 M/s, Resolution: None
Name: 湖北卫视, URL: http://rrs01.hw.gmcc.net:8088/PLTV/81/224/3221226713/1.m3u8, From: subscribe, IPv_Type: ipv6, Location: 中国, ISP: 中国移动, Date: None, Delay: -1 ms, Speed: 0.00 M/s, Resolution: None
Name: 湖北卫视, URL: http://mgsp-ws2.live.miguvideo.com:8088/migu/kailu/hbwshd265/54/20200407/index.m3u8?msisdn=e55e9ee71b42d2d7008a152c069625e3&mdspid=&spid=600633&netType=0&sid=5910022163&pid=2028597139&timestamp=20260216080225&Channel_ID=0116_2600034600-99000-201600010010028&ProgramID=947472496&ParentNodeID=-99&assertID=5910022163&client_ip=218.28.233.106&SecurityKey=20260216080225&promotionId=&mvid=5900004355&mcid=500020&playurlVersion=WX-A1-9.2.1-RELEASE&userid=&jmhm=&videocodec=h265&appCode=miguvideo_android&bean=mgspad&tid=android&conFee=0&encrypt=a2fc4ccbb5944ace885492c162392001&sv=10004&ct=android, From: subscribe, IPv_Type: ipv6, Location: 加拿大, ISP: , Date: None, Delay: -1 ms, Speed: 0.00 M/s, Resolution: None
Name: 湖北卫视, URL: http://mgsp-zy2.live.miguvideo.com:8088/migu/kailu/hbwshd265/54/20200407/index.m3u8?msisdn=e55e9ee71b42d2d7008a152c069625e3&mdspid=&spid=600633&netType=0&sid=5910022163&pid=2028597139&timestamp=20260217084018&Channel_ID=0116_2600034600-99000-201600010010028&ProgramID=947472496&ParentNodeID=-99&assertID=5910022163&client_ip=218.28.233.106&SecurityKey=20260217084018&promotionId=&mvid=5900004355&mcid=500020&playurlVersion=WX-A1-9.2.1-RELEASE&userid=&jmhm=&videocodec=h265&appCode=miguvideo_android&bean=mgspad&tid=android&conFee=0&encrypt=947434e8ab5581f97c856078b1abaab3&sv=10004&ct=android, From: subscribe, IPv_Type: ipv6, Location: 中国, ISP: 中国电信, Date: None, Delay: -1 ms, Speed: 0.00 M/s, Resolution: None
Name: 湖北卫视, URL: http://mgsp-hs2.live.miguvideo.com:8088/migu/kailu/hbwshd265/54/20200407/index.m3u8?msisdn=2be6b2ec9fcf10d2c2457e2c710e172c&mdspid=&spid=600633&netType=0&sid=5910022163&pid=2028597139&timestamp=20260301080207&Channel_ID=0116_2600034600-99000-201600010010028&ProgramID=947472496&ParentNodeID=-99&assertID=5910022163&client_ip=218.28.233.106&SecurityKey=20260301080207&promotionId=&mvid=5900004355&mcid=500020&playurlVersion=WX-A1-9.2.1-RELEASE&userid=&jmhm=&videocodec=h265&appCode=miguvideo_android&bean=mgspad&tid=android&conFee=0&encrypt=aa932d67270b3afa91ba0a5c18b114ef&sv=10004&ct=android, From: subscribe, IPv_Type: ipv6, Location: 中国, ISP: 中国移动, Date: None, Delay: -1 ms, Speed: 0.00 M/s, Resolution: None
Name: 湖北卫视, URL: https://t.freetv.fun/live/hu-bei-wei-shi-1.php, From: subscribe, IPv_Type: ipv6, Location: 美国, ISP: CloudFlare Inc., Date: None, Delay: -1 ms, Speed: 0.00 M/s, Resolution: None
Name: 湖北卫视, URL: https://gd202.tv1288.xyz/tsfile/live/1019_1.m3u8, From: subscribe, IPv_Type: ipv6, Location: 美国, ISP: CloudFlare Inc., Date: None, Delay: -1 ms, Speed: 0.00 M/s, Resolution: None
Name: 湖北卫视, URL: https://live.264788.xyz/channel/hubeiweishi?streamid=9f338bbd089234cd572b33266680e0f0&livekey=01WgOR41rriMmMkzNsd0UoaxJRwetZdxIvtVk, From: subscribe, IPv_Type: ipv4, Location: 美国, ISP: CloudFlare节点, Date: None, Delay: 153 ms, Speed: 105.02 M/s, Resolution: 1920x1080
Name: 湖北卫视, URL: http://198.204.228.26/live/hbwshd.m3u8, From: subscribe, IPv_Type: ipv4, Location: 美国, ISP: , Date: None, Delay: 924 ms, Speed: 5.68 M/s, Resolution: 1920x1080
Name: 黑龙江卫视, URL: http://n1.gzbody.com:85/rtp/239.77.0.124:5146, From: subscribe, IPv_Type: ipv6, Location: 中国, ISP: 中国电信, Date: None, Delay: -1 ms, Speed: 0.00 M/s, Resolution: None
Name: 黑龙江卫视, URL: https://idclive.hljtv.com:4430/live/hljws_own.m3u8, From: subscribe, IPv_Type: ipv6, Location: 中国, ISP: 中国移动, Date: None, Delay: -1 ms, Speed: 0.00 M/s, Resolution: None
Name: 黑龙江卫视, URL: http://[2409:8087:1a15:10d1::33]/ottrrs.hl.chinamobile.com/PLTV/88888888/224/3221226327/index.m3u8, From: subscribe, IPv_Type: ipv6, Location: 中国, ISP: 中国移动, Date: None, Delay: -1 ms, Speed: 0.00 M/s, Resolution: None
Name: 黑龙江卫视, URL: https://mursor.ottiptv.cc/mcp/heilongjiang.m3u8?sign=005e6b758ad5b3b2fdc5bbc8dd8097ca&tm=1757443317, From: subscribe, IPv_Type: ipv6, Location: 美国-新泽西州-巴赛克, ISP: DigitalOcean, Date: None, Delay: -1 ms, Speed: 0.00 M/s, Resolution: None
Name: 黑龙江卫视, URL: https://migu.188766.xyz/?migutoken=2ae2bfcfa77bfbd130792a36ddcf281a&id=hljws&type=sz, From: subscribe, IPv_Type: ipv6, Location: 美国, ISP: CloudFlare Inc., Date: None, Delay: -1 ms, Speed: 0.00 M/s, Resolution: None
Name: 黑龙江卫视, URL: https://hls-gateway.vpstv.net/streams/708854.m3u8, From: subscribe, IPv_Type: ipv6, Location: 美国, ISP: CloudFlare Inc., Date: None, Delay: -1 ms, Speed: 0.00 M/s, Resolution: None
Name: 黑龙江卫视, URL: http://dsj.motem.top:8880/bptv/10000100000000050000000003873470.m3u8, From: subscribe, IPv_Type: ipv6, Location: 美国, ISP: CloudFlare Inc., Date: None, Delay: -1 ms, Speed: 0.00 M/s, Resolution: None
Name: 黑龙江卫视, URL: http://iptv.huuc.edu.cn/hls/hljhd.m3u8, From: subscribe, IPv_Type: ipv6, Location: 中国, ISP: 教育网, Date: None, Delay: -1 ms, Speed: 0.00 M/s, Resolution: None
Name: 黑龙江卫视, URL: http://[2409:8087:8:21::18]:6610/otttv.bj.chinamobile.com/PLTV/88888888/224/3221226965/1.m3u8?GuardEncType=2&accountinfo=%7E%7EV2.0%7E7UiKL56-L86ihmTWaZ6csw%7EtP4-l0lmSfjwLWEfK_el1vH_mv-s1zo4AQJwdedaVwG9xkuFTDg8J26cwOrNJzn20BErrHdLhuZ9EzLUCD3PMW-OMx4MGteHV2vLeW6BqoY%2CEND, From: subscribe, IPv_Type: ipv6, Location: 中国, ISP: 中国移动, Date: None, Delay: -1 ms, Speed: 0.00 M/s, Resolution: None
Name: 黑龙江卫视, URL: http://[2409:8087:1a01:df::4001]/ottrrs.hl.chinamobile.com/PLTV/88888888/224/3221226327/1.m3u8, From: subscribe, IPv_Type: ipv6, Location: 中国, ISP: 中国移动, Date: None, Delay: -1 ms, Speed: 0.00 M/s, Resolution: None
Name: 黑龙江卫视, URL: https://epg.pw/stream/c6c1262d0b35e59eac22bf513395f00f8b60cc5eab41f598412cdf8269312f32.m3u8, From: subscribe, IPv_Type: ipv6, Location: 美国, ISP: CloudFlare Inc., Date: None, Delay: -1 ms, Speed: 0.00 M/s, Resolution: None
Name: 黑龙江卫视, URL: http://b.xiongnas.top:8888/rtp/239.3.1.133:8016, From: subscribe, IPv_Type: ipv6, Location: 中国, ISP: 中国联通, Date: None, Delay: -1 ms, Speed: 0.00 M/s, Resolution: None
Name: 黑龙江卫视, URL: http://iptv.cdn.ha.chinamobile.com/PLTV/88888888/224/3221227207/index.m3u8, From: subscribe, IPv_Type: ipv6, Location: 中国, ISP: 中国移动, Date: None, Delay: -1 ms, Speed: 0.00 M/s, Resolution: None
Name: 黑龙江卫视, URL: http://[2409:8087:1a01:df::4077]/ottrrs.hl.chinamobile.com/PLTV/88888888/8/3221226327/index.m3u8, From: subscribe, IPv_Type: ipv6, Location: 中国, ISP: 中国移动, Date: None, Delay: -1 ms, Speed: 0.00 M/s, Resolution: None
Name: 黑龙江卫视, URL: https://cc06.tv12.xyz/53.m3u8, From: subscribe, IPv_Type: ipv6, Location: 美国, ISP: CloudFlare Inc., Date: None, Delay: -1 ms, Speed: 0.00 M/s, Resolution: None
Name: 黑龙江卫视, URL: http://jk55269942.myqnapcloud.com:4022/rtp/239.49.8.14:9426, From: subscribe, IPv_Type: ipv6, Location: 中国, ISP: 中国联通, Date: None, Delay: -1 ms, Speed: 0.00 M/s, Resolution: None
Name: 黑龙江卫视, URL: http://zcb.myds.me:10001/rtp/239.49.8.14:9426, From: subscribe, IPv_Type: ipv6, Location: 中国, ISP: 中国电信, Date: None, Delay: -1 ms, Speed: 0.00 M/s, Resolution: None
Name: 黑龙江卫视, URL: https://shyd.695847.xyz/cms001/ch00000090990000001031/index.m3u8?IASHttpSessionId=RR4967720251014100028031761&ispcode=12, From: subscribe, IPv_Type: ipv6, Location: 美国, ISP: CloudFlare Inc., Date: None, Delay: -1 ms, Speed: 0.00 M/s, Resolution: None
Name: 黑龙江卫视, URL: https://iptv.catvod.com/live.php?id=%E9%BB%91%E9%BE%99%E6%B1%9F%E5%8D%AB%E8%A7%86, From: subscribe, IPv_Type: ipv6, Location: 美国, ISP: CloudFlare Inc., Date: None, Delay: -1 ms, Speed: 0.00 M/s, Resolution: None
Name: 黑龙江卫视, URL: http://k.061899.xyz/k.php?id=hljws, From: subscribe, IPv_Type: ipv6, Location: 新加坡, ISP: Aceville Pte.Ltd., Date: None, Delay: -1 ms, Speed: 0.00 M/s, Resolution: None
Name: 黑龙江卫视, URL: http://tvgslb.hn.chinamobile.com:8089/180000001002/00000001000000000008000000047449/main.m3u8?stbid=, From: subscribe, IPv_Type: ipv6, Location: 中国, ISP: 中国移动, Date: None, Delay: -1 ms, Speed: 0.00 M/s, Resolution: None
Name: 黑龙江卫视, URL: http://iptvrr.sh.chinamobile.com:6060/cms001/ch00000090990000001031/index.m3u8, From: subscribe, IPv_Type: ipv6, Location: 中国, ISP: 中国移动, Date: None, Delay: -1 ms, Speed: 0.00 M/s, Resolution: None
Name: 黑龙江卫视, URL: http://hwottcdn.ln.chinamobile.com/PLTV/11/224/3221226749/index.m3u8, From: subscribe, IPv_Type: ipv6, Location: 中国, ISP: 中国移动, Date: None, Delay: -1 ms, Speed: 0.00 M/s, Resolution: None
Name: 黑龙江卫视, URL: http://rrs01.hw.gmcc.net:8088/PLTV/81/224/3221226716/1.m3u8, From: subscribe, IPv_Type: ipv6, Location: 中国, ISP: 中国移动, Date: None, Delay: -1 ms, Speed: 0.00 M/s, Resolution: None
Name: 黑龙江卫视, URL: http://ott.mobaibox.com/PLTV/3/224/3221227514/index.m3u8, From: subscribe, IPv_Type: ipv6, Location: 中国, ISP: 中国移动, Date: None, Delay: -1 ms, Speed: 0.00 M/s, Resolution: None
Name: 黑龙江卫视, URL: http://hwltc.tv.cdn.zj.chinamobile.com/PLTV/88888888/224/3221236226/index.m3u8, From: subscribe, IPv_Type: ipv6, Location: 中国, ISP: 中国移动, Date: None, Delay: -1 ms, Speed: 0.00 M/s, Resolution: None
Name: 黑龙江卫视, URL: https://t.freetv.fun/live/hei-long-jiang-wei-shi-6.m3u8, From: subscribe, IPv_Type: ipv6, Location: 美国, ISP: CloudFlare Inc., Date: None, Delay: -1 ms, Speed: 0.00 M/s, Resolution: None
Name: 黑龙江卫视, URL: https://live.264788.xyz/channel/heilongjiangweishi?streamid=af948f073fa99b226abb4c2ea63410da&livekey=01WgOR41rriMmMkzNsd0UoaxJRwetZdxIvtVk, From: subscribe, IPv_Type: ipv4, Location: 美国, ISP: CloudFlare节点, Date: None, Delay: 95 ms, Speed: 133.14 M/s, Resolution: None
Name: 安徽卫视, URL: http://n1.gzbody.com:85/rtp/239.77.0.183:5146, From: subscribe, IPv_Type: ipv6, Location: 中国, ISP: 中国电信, Date: None, Delay: -1 ms, Speed: 0.00 M/s, Resolution: None
Name: 安徽卫视, URL: http://[2409:8087:1a15:10d1::39]/ottrrs.hl.chinamobile.com/PLTV/88888888/224/3221226391/index.m3u8, From: subscribe, IPv_Type: ipv6, Location: 中国, ISP: 中国移动, Date: None, Delay: -1 ms, Speed: 0.00 M/s, Resolution: None
Name: 安徽卫视, URL: https://mursor.ottiptv.cc/mcp/anhui.m3u8?sign=0f041635a43f2db9f4850d0d8a4fb34b&tm=1757443317, From: subscribe, IPv_Type: ipv6, Location: 美国-新泽西州-巴赛克, ISP: DigitalOcean, Date: None, Delay: -1 ms, Speed: 0.00 M/s, Resolution: None
Name: 安徽卫视, URL: https://migu.188766.xyz/?migutoken=5b3405d3c4bfc76c7b5f57725d16e1b4&id=ahws&type=sz, From: subscribe, IPv_Type: ipv6, Location: 美国, ISP: CloudFlare Inc., Date: None, Delay: -1 ms, Speed: 0.00 M/s, Resolution: None
Name: 安徽卫视, URL: http://dsj.motem.top:8880/bptv/10000100000000050000000003873469.m3u8, From: subscribe, IPv_Type: ipv6, Location: 美国, ISP: CloudFlare Inc., Date: None, Delay: -1 ms, Speed: 0.00 M/s, Resolution: None
Name: 安徽卫视, URL: http://iptv.huuc.edu.cn/hls/ahhd.m3u8, From: subscribe, IPv_Type: ipv6, Location: 中国, ISP: 教育网, Date: None, Delay: -1 ms, Speed: 0.00 M/s, Resolution: None
Name: 安徽卫视, URL: http://[2409:8087:8:21::18]:6610/otttv.bj.chinamobile.com/PLTV/88888888/224/3221226943/1.m3u8?GuardEncType=2&accountinfo=%7E%7EV2.0%7E0QmKQ_slRCwvVVUUfxPVbw%7EtP4-l0lmSfjwLWEfK_el1vH_mv-s1zo4AQJwdedaVwG9xkuFTDg8J26cwOrNJzn20BErrHdLhuZ9EzLUCD3PMW-OMx4MGteHV2vLeW6BqoY%2CEND, From: subscribe, IPv_Type: ipv6, Location: 中国, ISP: 中国移动, Date: None, Delay: -1 ms, Speed: 0.00 M/s, Resolution: None
Name: 安徽卫视, URL: http://[2409:8087:1a01:df::4077]/ottrrs.hl.chinamobile.com/PLTV/88888888/8/3221226498/index.m3u8, From: subscribe, IPv_Type: ipv6, Location: 中国, ISP: 中国移动, Date: None, Delay: -1 ms, Speed: 0.00 M/s, Resolution: None
Name: 安徽卫视, URL: http://b.xiongnas.top:8888/rtp/239.3.1.211:8064, From: subscribe, IPv_Type: ipv6, Location: 中国, ISP: 中国联通, Date: None, Delay: -1 ms, Speed: 0.00 M/s, Resolution: None
Name: 安徽卫视, URL: https://cc06.tv12.xyz/26.m3u8, From: subscribe, IPv_Type: ipv6, Location: 美国, ISP: CloudFlare Inc., Date: None, Delay: -1 ms, Speed: 0.00 M/s, Resolution: None
Name: 安徽卫视, URL: https://jzb.wwkejishe.top/?id=612, From: subscribe, IPv_Type: ipv6, Location: 美国, ISP: CloudFlare Inc., Date: None, Delay: -1 ms, Speed: 0.00 M/s, Resolution: None
Name: 安徽卫视, URL: http://jk55269942.myqnapcloud.com:4022/rtp/239.49.8.80:8000, From: subscribe, IPv_Type: ipv6, Location: 中国, ISP: 中国联通, Date: None, Delay: -1 ms, Speed: 0.00 M/s, Resolution: None
Name: 安徽卫视, URL: http://zcb.myds.me:10001/rtp/239.49.8.80:8000, From: subscribe, IPv_Type: ipv6, Location: 中国, ISP: 中国电信, Date: None, Delay: -1 ms, Speed: 0.00 M/s, Resolution: None
Name: 安徽卫视, URL: https://shyd.695847.xyz/cms001/ch00000090990000001037/index.m3u8?IASHttpSessionId=RR4967720251014100028031761&ispcode=12, From: subscribe, IPv_Type: ipv6, Location: 美国, ISP: CloudFlare Inc., Date: None, Delay: -1 ms, Speed: 0.00 M/s, Resolution: None
Name: 安徽卫视, URL: https://iptv.catvod.com/live.php?id=%E5%AE%89%E5%BE%BD%E5%8D%AB%E8%A7%86, From: subscribe, IPv_Type: ipv6, Location: 美国, ISP: CloudFlare Inc., Date: None, Delay: -1 ms, Speed: 0.00 M/s, Resolution: None
Name: 安徽卫视, URL: http://rrs01.hw.gmcc.net:8088/PLTV/81/224/3221226664/1.m3u8, From: subscribe, IPv_Type: ipv6, Location: 中国, ISP: 中国移动, Date: None, Delay: -1 ms, Speed: 0.00 M/s, Resolution: None
Name: 安徽卫视, URL: http://tvgslb.hn.chinamobile.com:8089/180000001002/00000001000000000016000000007224/main.m3u8?stbid=, From: subscribe, IPv_Type: ipv6, Location: 中国, ISP: 中国移动, Date: None, Delay: -1 ms, Speed: 0.00 M/s, Resolution: None
Name: 安徽卫视, URL: http://hwottcdn.ln.chinamobile.com/PLTV/11/224/3221226746/index.m3u8, From: subscribe, IPv_Type: ipv6, Location: 中国, ISP: 中国移动, Date: None, Delay: -1 ms, Speed: 0.00 M/s, Resolution: None
Name: 安徽卫视, URL: http://ott.mobaibox.com/PLTV/3/224/3221227558/index.m3u8, From: subscribe, IPv_Type: ipv6, Location: 中国, ISP: 中国移动, Date: None, Delay: -1 ms, Speed: 0.00 M/s, Resolution: None
Name: 安徽卫视, URL: http://iptvrr.sh.chinamobile.com:6060/cms001/ch00000090990000001037/index.m3u8, From: subscribe, IPv_Type: ipv6, Location: 中国, ISP: 中国移动, Date: None, Delay: -1 ms, Speed: 0.00 M/s, Resolution: None
Name: 安徽卫视, URL: http://k.061899.xyz/k.php?id=ahws, From: subscribe, IPv_Type: ipv6, Location: 新加坡, ISP: Aceville Pte.Ltd., Date: None, Delay: -1 ms, Speed: 0.00 M/s, Resolution: None
Name: 安徽卫视, URL: http://hwltc.tv.cdn.zj.chinamobile.com/PLTV/88888888/224/3221236177/index.m3u8, From: subscribe, IPv_Type: ipv6, Location: 中国, ISP: 中国移动, Date: None, Delay: -1 ms, Speed: 0.00 M/s, Resolution: None
Name: 安徽卫视, URL: https://t.freetv.fun/live/an-hui-wei-shi.m3u8, From: subscribe, IPv_Type: ipv6, Location: 美国, ISP: CloudFlare Inc., Date: None, Delay: -1 ms, Speed: 0.00 M/s, Resolution: None
Name: 安徽卫视, URL: http://192.151.150.154/live/ahwshd.m3u8, From: subscribe, IPv_Type: ipv4, Location: 美国-密苏里州-杰克逊县, ISP: Datashack公司, Date: None, Delay: 734 ms, Speed: 6.41 M/s, Resolution: 1920x1080
Name: 安徽卫视, URL: http://101.66.198.83:9901/tsfile/live/0130_1.m3u8, From: subscribe, IPv_Type: ipv4, Location: 中国-浙江-金华, ISP: 联通, Date: None, Delay: 10479 ms, Speed: 0.01 M/s, Resolution: None
Name: 重庆卫视, URL: http://n1.gzbody.com:85/rtp/239.77.0.182:5146, From: subscribe, IPv_Type: ipv6, Location: 中国, ISP: 中国电信, Date: None, Delay: -1 ms, Speed: 0.00 M/s, Resolution: None
Name: 重庆卫视, URL: http://[2409:8087:1a15:10d1::36]/ottrrs.hl.chinamobile.com/PLTV/88888888/224/3221226409/index.m3u8, From: subscribe, IPv_Type: ipv6, Location: 中国, ISP: 中国移动, Date: None, Delay: -1 ms, Speed: 0.00 M/s, Resolution: None
Name: 重庆卫视, URL: https://mursor.ottiptv.cc/mcp/chongqing.m3u8?sign=be0f202a412049ab8637077e5beeb22c&tm=1757443317, From: subscribe, IPv_Type: ipv6, Location: 美国-新泽西州-巴赛克, ISP: DigitalOcean, Date: None, Delay: -1 ms, Speed: 0.00 M/s, Resolution: None
Name: 重庆卫视, URL: https://migu.188766.xyz/?migutoken=742c9c7b9fe7e7ab390f4e6371d55092&id=cqws&type=sz, From: subscribe, IPv_Type: ipv6, Location: 美国, ISP: CloudFlare Inc., Date: None, Delay: -1 ms, Speed: 0.00 M/s, Resolution: None
Name: 重庆卫视, URL: http://iptv.huuc.edu.cn/hls/cqhd.m3u8, From: subscribe, IPv_Type: ipv6, Location: 中国, ISP: 教育网, Date: None, Delay: -1 ms, Speed: 0.00 M/s, Resolution: None
Name: 重庆卫视, URL: http://dsj.motem.top:8880/bptv/10000100000000050000000004796458.m3u8, From: subscribe, IPv_Type: ipv6, Location: 美国, ISP: CloudFlare Inc., Date: None, Delay: -1 ms, Speed: 0.00 M/s, Resolution: None
Name: 重庆卫视, URL: http://[2409:8087:8:21::18]:6610/otttv.bj.chinamobile.com/PLTV/88888888/224/3221226963/1.m3u8?GuardEncType=2&accountinfo=%7E%7EV2.0%7EjTXsJprEx2nE38tdvu5lhA%7EtP4-l0lmSfjwLWEfK_el1vH_mv-s1zo4AQJwdedaVwG9xkuFTDg8J26cwOrNJzn20BErrHdLhuZ9EzLUCD3PMW-OMx4MGteHV2vLeW6BqoY%2CEND, From: subscribe, IPv_Type: ipv6, Location: 中国, ISP: 中国移动, Date: None, Delay: -1 ms, Speed: 0.00 M/s, Resolution: None
Name: 重庆卫视, URL: http://b.xiongnas.top:8888/rtp/239.3.1.122:8160, From: subscribe, IPv_Type: ipv6, Location: 中国, ISP: 中国联通, Date: None, Delay: -1 ms, Speed: 0.00 M/s, Resolution: None
Name: 重庆卫视, URL: http://[2409:8087:1a01:df::4077]/ottrrs.hl.chinamobile.com/PLTV/88888888/8/3221226409/index.m3u8, From: subscribe, IPv_Type: ipv6, Location: 中国, ISP: 中国移动, Date: None, Delay: -1 ms, Speed: 0.00 M/s, Resolution: None
Name: 重庆卫视, URL: https://cc06.tv12.xyz/34.m3u8, From: subscribe, IPv_Type: ipv6, Location: 美国, ISP: CloudFlare Inc., Date: None, Delay: -1 ms, Speed: 0.00 M/s, Resolution: None
Name: 重庆卫视, URL: https://jzb.wwkejishe.top/?id=607, From: subscribe, IPv_Type: ipv6, Location: 美国, ISP: CloudFlare Inc., Date: None, Delay: -1 ms, Speed: 0.00 M/s, Resolution: None
Name: 重庆卫视, URL: http://jk55269942.myqnapcloud.com:4022/rtp/239.49.8.57:9830, From: subscribe, IPv_Type: ipv6, Location: 中国, ISP: 中国联通, Date: None, Delay: -1 ms, Speed: 0.00 M/s, Resolution: None
Name: 重庆卫视, URL: http://zcb.myds.me:10001/rtp/239.49.8.57:9830, From: subscribe, IPv_Type: ipv6, Location: 中国, ISP: 中国电信, Date: None, Delay: -1 ms, Speed: 0.00 M/s, Resolution: None
Name: 重庆卫视, URL: https://shyd.695847.xyz/cms001/ch00000090990000001129/index.m3u8?IASHttpSessionId=RR4967720251014100028031761&ispcode=12, From: subscribe, IPv_Type: ipv6, Location: 美国, ISP: CloudFlare Inc., Date: None, Delay: -1 ms, Speed: 0.00 M/s, Resolution: None
Name: 重庆卫视, URL: https://iptv.catvod.com/live.php?id=%E9%87%8D%E5%BA%86%E5%8D%AB%E8%A7%86%E5%8F%B0, From: subscribe, IPv_Type: ipv6, Location: 美国, ISP: CloudFlare Inc., Date: None, Delay: -1 ms, Speed: 0.00 M/s, Resolution: None
Name: 重庆卫视, URL: http://gslbmgsplive.miguvideo.com/envivo_x/2018/SD/chongqing/1000/index.m3u8?msisdn=202512080802597a08d06eac4a45549ad09db5d96a6c0e&mdspid=&spid=600697&netType=0&sid=5910022305&pid=2028597139&timestamp=20251208080259&Channel_ID=0116_2600037000-99000-200300220100002&ProgramID=738910914&ParentNodeID=-99&assertID=5910022305&client_ip=218.28.233.106&SecurityKey=20251208080259&promotionId=&mvid=5900004329&mcid=500020&playurlVersion=WX-A1-8.11.2-RELEASE&userid=&jmhm=&videocodec=h264&appCode=miguvideo_android&bean=mgspad&tid=android&conFee=0&puData=9f60021d18c1d0cf85bf7d6faa1f05f2&ddCalcu=29ffv56a00lf0a12a1adf168dc71fdb05c8f&sv=10004&ct=android, From: subscribe, IPv_Type: ipv6, Location: 中国, ISP: 中国移动, Date: None, Delay: -1 ms, Speed: 0.00 M/s, Resolution: None
Name: 重庆卫视, URL: http://tvgslb.hn.chinamobile.com:8089/180000001002/00000001000000000064000000308825/main.m3u8?stbid=, From: subscribe, IPv_Type: ipv6, Location: 中国, ISP: 中国移动, Date: None, Delay: -1 ms, Speed: 0.00 M/s, Resolution: None
Name: 重庆卫视, URL: http://rrs01.hw.gmcc.net:8088/PLTV/81/224/3221226680/1.m3u8, From: subscribe, IPv_Type: ipv6, Location: 中国, ISP: 中国移动, Date: None, Delay: -1 ms, Speed: 0.00 M/s, Resolution: None
Name: 重庆卫视, URL: http://iptvrr.sh.chinamobile.com:6060/cms001/ch00000090990000001129/index.m3u8, From: subscribe, IPv_Type: ipv6, Location: 中国, ISP: 中国移动, Date: None, Delay: -1 ms, Speed: 0.00 M/s, Resolution: None
Name: 重庆卫视, URL: http://hwltc.tv.cdn.zj.chinamobile.com/PLTV/88888888/224/3221236292/index.m3u8, From: subscribe, IPv_Type: ipv6, Location: 中国, ISP: 中国移动, Date: None, Delay: -1 ms, Speed: 0.00 M/s, Resolution: None
Name: 重庆卫视, URL: http://hwottcdn.ln.chinamobile.com/PLTV/11/224/3221226169/index.m3u8, From: subscribe, IPv_Type: ipv6, Location: 中国, ISP: 中国移动, Date: None, Delay: -1 ms, Speed: 0.00 M/s, Resolution: None
Name: 重庆卫视, URL: http://k.061899.xyz/k.php?id=cqws, From: subscribe, IPv_Type: ipv6, Location: 新加坡, ISP: Aceville Pte.Ltd., Date: None, Delay: -1 ms, Speed: 0.00 M/s, Resolution: None
Name: 重庆卫视, URL: http://ott.mobaibox.com/PLTV/3/224/3221228133/index.m3u8, From: subscribe, IPv_Type: ipv6, Location: 中国, ISP: 中国移动, Date: None, Delay: -1 ms, Speed: 0.00 M/s, Resolution: None
Name: 重庆卫视, URL: https://hlsbkmgsplive.miguvideo.com/envivo_x/2018/SD/chongqing/1000/01.m3u8?&HlsSubType=&encrypt=, From: subscribe, IPv_Type: ipv6, Location: 中国, ISP: 中国移动, Date: None, Delay: -1 ms, Speed: 0.00 M/s, Resolution: None
Name: 重庆卫视, URL: http://mgsp-zy2.live.miguvideo.com:8088/envivo_x/2018/SD/chongqing/1000/index.m3u8?msisdn=e55e9ee71b42d2d7008a152c069625e3&mdspid=&spid=600697&netType=0&sid=5910022305&pid=2028597139&timestamp=20260215080209&Channel_ID=0116_2600034600-99000-201600010010028&ProgramID=738910914&ParentNodeID=-99&assertID=5910022305&client_ip=218.28.233.106&SecurityKey=20260215080209&promotionId=&mvid=5900004329&mcid=500020&playurlVersion=WX-A1-9.2.1-RELEASE&userid=&jmhm=&videocodec=h264&appCode=miguvideo_android&bean=mgspad&tid=android&conFee=0&encrypt=abcb9a2ebb25ac5bf5b8e36ac904b5e4&sv=10004&ct=android, From: subscribe, IPv_Type: ipv6, Location: 中国, ISP: 中国电信, Date: None, Delay: -1 ms, Speed: 0.00 M/s, Resolution: None
Name: 重庆卫视, URL: http://mgsp-tx2.live.miguvideo.com:8088/envivo_x/2018/SD/chongqing/1000/index.m3u8?msisdn=e55e9ee71b42d2d7008a152c069625e3&mdspid=&spid=600697&netType=0&sid=5910022305&pid=2028597139&timestamp=20260216060219&Channel_ID=0116_2600034600-99000-201600010010028&ProgramID=738910914&ParentNodeID=-99&assertID=5910022305&client_ip=218.28.233.106&SecurityKey=20260216060219&promotionId=&mvid=5900004329&mcid=500020&playurlVersion=WX-A1-9.2.1-RELEASE&userid=&jmhm=&videocodec=h264&appCode=miguvideo_android&bean=mgspad&tid=android&conFee=0&encrypt=adc3464f37362dd62206e7804662e56d&sv=10004&ct=android, From: subscribe, IPv_Type: ipv6, Location: 中国, ISP: 中国联通, Date: None, Delay: -1 ms, Speed: 0.00 M/s, Resolution: None
Name: 重庆卫视, URL: http://mgsp-hs2.live.miguvideo.com:8088/envivo_x/2018/SD/chongqing/1000/index.m3u8?msisdn=e55e9ee71b42d2d7008a152c069625e3&mdspid=&spid=600697&netType=0&sid=5910022305&pid=2028597139&timestamp=20260217084019&Channel_ID=0116_2600034600-99000-201600010010028&ProgramID=738910914&ParentNodeID=-99&assertID=5910022305&client_ip=218.28.233.106&SecurityKey=20260217084019&promotionId=&mvid=5900004329&mcid=500020&playurlVersion=WX-A1-9.2.1-RELEASE&userid=&jmhm=&videocodec=h264&appCode=miguvideo_android&bean=mgspad&tid=android&conFee=0&encrypt=5d392487b65c1f9cf59ca5f3d289d78d&sv=10004&ct=android, From: subscribe, IPv_Type: ipv6, Location: 中国, ISP: 中国联通, Date: None, Delay: -1 ms, Speed: 0.00 M/s, Resolution: None
Name: 重庆卫视, URL: http://mgsp-yx2.live.miguvideo.com:8088/envivo_x/2018/SD/chongqing/1000/index.m3u8?msisdn=2be6b2ec9fcf10d2c2457e2c710e172c&mdspid=&spid=600697&netType=0&sid=5910022305&pid=2028597139&timestamp=20260226080226&Channel_ID=0116_2600034600-99000-201600010010028&ProgramID=738910914&ParentNodeID=-99&assertID=5910022305&client_ip=218.28.233.106&SecurityKey=20260226080226&promotionId=&mvid=5900004329&mcid=500020&playurlVersion=WX-A1-9.2.1-RELEASE&userid=&jmhm=&videocodec=h264&appCode=miguvideo_android&bean=mgspad&tid=android&conFee=0&encrypt=97dc7107902348359b303b05fc1e9d54&sv=10004&ct=android, From: subscribe, IPv_Type: ipv6, Location: 中国, ISP: 中国电信, Date: None, Delay: -1 ms, Speed: 0.00 M/s, Resolution: None
Name: 重庆卫视, URL: http://mgsp-ws2.live.miguvideo.com:8088/envivo_x/2018/SD/chongqing/1000/index.m3u8?msisdn=2be6b2ec9fcf10d2c2457e2c710e172c&mdspid=&spid=600697&netType=0&sid=5910022305&pid=2028597139&timestamp=20260302080226&Channel_ID=0116_2600034600-99000-201600010010028&ProgramID=738910914&ParentNodeID=-99&assertID=5910022305&client_ip=218.28.233.106&SecurityKey=20260302080226&promotionId=&mvid=5900004329&mcid=500020&playurlVersion=WX-A1-9.2.1-RELEASE&userid=&jmhm=&videocodec=h264&appCode=miguvideo_android&bean=mgspad&tid=android&conFee=0&encrypt=465ea28d9daf1ead09c9e09597d55d0c&sv=10004&ct=android, From: subscribe, IPv_Type: ipv6, Location: 加拿大, ISP: , Date: None, Delay: -1 ms, Speed: 0.00 M/s, Resolution: None
Name: 重庆卫视, URL: http://198.204.228.26/live/cqwshd.m3u8, From: subscribe, IPv_Type: ipv4, Location: 美国, ISP: , Date: None, Delay: 619 ms, Speed: 7.35 M/s, Resolution: 1920x1080
Name: 重庆卫视, URL: http://101.66.198.83:9901/tsfile/live/0142_1.m3u8, From: subscribe, IPv_Type: ipv4, Location: 中国-浙江-金华, ISP: 联通, Date: None, Delay: 10529 ms, Speed: 0.03 M/s, Resolution: None
Name: 东南卫视, URL: http://n1.gzbody.com:85/rtp/239.77.0.146:5146, From: subscribe, IPv_Type: ipv6, Location: 中国, ISP: 中国电信, Date: None, Delay: -1 ms, Speed: 0.00 M/s, Resolution: None
Name: 东南卫视, URL: http://bailudz.top:1236/111/hahahaha.php, From: subscribe, IPv_Type: ipv6, Location: 中国, ISP: 中国电信, Date: None, Delay: -1 ms, Speed: 0.00 M/s, Resolution: None
Name: 东南卫视, URL: http://[2409:8087:1a15:10d1::39]/ottrrs.hl.chinamobile.com/PLTV/88888888/224/3221226341/index.m3u8, From: subscribe, IPv_Type: ipv6, Location: 中国, ISP: 中国移动, Date: None, Delay: -1 ms, Speed: 0.00 M/s, Resolution: None
Name: 东南卫视, URL: https://mursor.ottiptv.cc/mcp/dongnan.m3u8?sign=d6ab86336619194e24c292cfad560b20&tm=1757443317, From: subscribe, IPv_Type: ipv6, Location: 美国-新泽西州-巴赛克, ISP: DigitalOcean, Date: None, Delay: -1 ms, Speed: 0.00 M/s, Resolution: None
Name: 东南卫视, URL: http://dsj.motem.top:8880/bptv/10000100000000050000000003873473.m3u8, From: subscribe, IPv_Type: ipv6, Location: 美国, ISP: CloudFlare Inc., Date: None, Delay: -1 ms, Speed: 0.00 M/s, Resolution: None
Name: 东南卫视, URL: http://iptv.huuc.edu.cn/hls/dnhd.m3u8, From: subscribe, IPv_Type: ipv6, Location: 中国, ISP: 教育网, Date: None, Delay: -1 ms, Speed: 0.00 M/s, Resolution: None
Name: 东南卫视, URL: http://[2409:8087:8:21::18]:6610/otttv.bj.chinamobile.com/PLTV/88888888/224/3221226991/1.m3u8?GuardEncType=2&accountinfo=%7E%7EV2.0%7EQ6F5Mjgs0tJyEArWFL3vQA%7EtP4-l0lmSfjwLWEfK_el1vH_mv-s1zo4AQJwdedaVwG9xkuFTDg8J26cwOrNJzn20BErrHdLhuZ9EzLUCD3PMW-OMx4MGteHV2vLeW6BqoY%2CEND, From: subscribe, IPv_Type: ipv6, Location: 中国, ISP: 中国移动, Date: None, Delay: -1 ms, Speed: 0.00 M/s, Resolution: None
Name: 东南卫视, URL: http://[2409:8087:1a01:df::4035]:80/TVOD/88888888/224/3221225950/main.m3u8, From: subscribe, IPv_Type: ipv6, Location: 中国, ISP: 中国移动, Date: None, Delay: -1 ms, Speed: 0.00 M/s, Resolution: None
Name: 东南卫视, URL: http://[2409:8087:1a01:df::4077]/ottrrs.hl.chinamobile.com/PLTV/88888888/8/3221226341/index.m3u8, From: subscribe, IPv_Type: ipv6, Location: 中国, ISP: 中国移动, Date: None, Delay: -1 ms, Speed: 0.00 M/s, Resolution: None
Name: 东南卫视, URL: http://live.zohi.tv/video/s10001-fztv-3/index.m3u8, From: subscribe, IPv_Type: ipv6, Location: 中国, ISP: 中国电信, Date: None, Delay: -1 ms, Speed: 0.00 M/s, Resolution: None
Name: 东南卫视, URL: http://b.xiongnas.top:8888/rtp/239.3.1.156:8148, From: subscribe, IPv_Type: ipv6, Location: 中国, ISP: 中国联通, Date: None, Delay: -1 ms, Speed: 0.00 M/s, Resolution: None
Name: 东南卫视, URL: https://migu.188766.xyz/?migutoken=6203c5090e46a900c2d98d90fea1af50&id=dnws_hd&type=sz, From: subscribe, IPv_Type: ipv6, Location: 美国, ISP: CloudFlare Inc., Date: None, Delay: -1 ms, Speed: 0.00 M/s, Resolution: None
Name: 东南卫视, URL: http://gslbmgsplive.miguvideo.com/migu/kailu/dongnanws/51/20230724/index.m3u8?msisdn=20250923080119d8f1308965ae4012bc57610a2431279e&mdspid=&spid=600717&netType=0&sid=5910022182&pid=2028597139&timestamp=20250923080119&Channel_ID=0116_2600000900-99000-201600010010027&ProgramID=849116810&ParentNodeID=-99&assertID=5910022182&client_ip=106.13.250.83&SecurityKey=20250923080119&promotionId=&mvid=5900006229&mcid=500020&playurlVersion=WX-A1-8.9.1-RELEASE&userid=&jmhm=&videocodec=h264&bean=mgspad&tid=android&conFee=0&puData=af7fcfe6794f487b10180bf7c14d8ae0&ddCalcu=0aefea728f9dc04f1ec677f9b40f8418071b, From: subscribe, IPv_Type: ipv6, Location: 中国, ISP: 中国移动, Date: None, Delay: -1 ms, Speed: 0.00 M/s, Resolution: None
Name: 东南卫视, URL: https://smart.pendy.dpdns.org/Smart.php?id=fujian, From: subscribe, IPv_Type: ipv6, Location: 美国, ISP: CloudFlare Inc., Date: None, Delay: -1 ms, Speed: 0.00 M/s, Resolution: None
Name: 东南卫视, URL: https://cc06.tv12.xyz/38.m3u8, From: subscribe, IPv_Type: ipv6, Location: 美国, ISP: CloudFlare Inc., Date: None, Delay: -1 ms, Speed: 0.00 M/s, Resolution: None
Name: 东南卫视, URL: https://www.freetv.top/migu/849116810.m3u8?migutoken=57b23005d895a6cd3e15ca214fe62e9cf83a69badc0ce3b833b22fe7eefbfc38e185d5f9539eca0a9cfebc7fd19dbe2b49cc2146019b049ffb948722d504a126278700ecc8a776cc6e8d23507a, From: subscribe, IPv_Type: ipv6, Location: 美国-新泽西州-巴赛克, ISP: DigitalOcean, Date: None, Delay: -1 ms, Speed: 0.00 M/s, Resolution: None
Name: 东南卫视, URL: http://jk55269942.myqnapcloud.com:4022/rtp/239.49.8.112:8000, From: subscribe, IPv_Type: ipv6, Location: 中国, ISP: 中国联通, Date: None, Delay: -1 ms, Speed: 0.00 M/s, Resolution: None
Name: 东南卫视, URL: http://zcb.myds.me:10001/rtp/239.49.8.112:8000, From: subscribe, IPv_Type: ipv6, Location: 中国, ISP: 中国电信, Date: None, Delay: -1 ms, Speed: 0.00 M/s, Resolution: None
Name: 东南卫视, URL: https://shyd.695847.xyz/cms001/ch00000090990000001201/index.m3u8?IASHttpSessionId=RR4967720251014100028031761&ispcode=12, From: subscribe, IPv_Type: ipv6, Location: 美国, ISP: CloudFlare Inc., Date: None, Delay: -1 ms, Speed: 0.00 M/s, Resolution: None
Name: 东南卫视, URL: https://live.chinacert.cftest5.cn/mg/?id=849116810, From: subscribe, IPv_Type: ipv6, Location: 中国, ISP: 中国电信, Date: None, Delay: -1 ms, Speed: 0.00 M/s, Resolution: None
Name: 东南卫视, URL: https://iptv.catvod.com/live.php?id=%E4%B8%9C%E5%8D%97%E5%8D%AB%E8%A7%86, From: subscribe, IPv_Type: ipv6, Location: 美国, ISP: CloudFlare Inc., Date: None, Delay: -1 ms, Speed: 0.00 M/s, Resolution: None
Name: 东南卫视, URL: https://stream1.freetv.fun/aec96cccdb2b6747a2847037fe2551e76bf9cade4e7147da751a523a332bb390.m3u8, From: subscribe, IPv_Type: ipv6, Location: 美国, ISP: CloudFlare Inc., Date: None, Delay: -1 ms, Speed: 0.00 M/s, Resolution: None
Name: 东南卫视, URL: http://hwottcdn.ln.chinamobile.com/PLTV/11/224/3221227472/index.m3u8, From: subscribe, IPv_Type: ipv6, Location: 中国, ISP: 中国移动, Date: None, Delay: -1 ms, Speed: 0.00 M/s, Resolution: None
Name: 东南卫视, URL: http://rrs01.hw.gmcc.net:8088/PLTV/81/224/3221226675/1.m3u8, From: subscribe, IPv_Type: ipv6, Location: 中国, ISP: 中国移动, Date: None, Delay: -1 ms, Speed: 0.00 M/s, Resolution: None
Name: 东南卫视, URL: http://iptvrr.sh.chinamobile.com:6060/cms001/ch00000090990000001201/index.m3u8, From: subscribe, IPv_Type: ipv6, Location: 中国, ISP: 中国移动, Date: None, Delay: -1 ms, Speed: 0.00 M/s, Resolution: None
Name: 东南卫视, URL: http://hwltc.tv.cdn.zj.chinamobile.com/PLTV/88888888/224/3221236151/index.m3u8, From: subscribe, IPv_Type: ipv6, Location: 中国, ISP: 中国移动, Date: None, Delay: -1 ms, Speed: 0.00 M/s, Resolution: None
Name: 东南卫视, URL: http://k.061899.xyz/k.php?id=dnws, From: subscribe, IPv_Type: ipv6, Location: 新加坡, ISP: Aceville Pte.Ltd., Date: None, Delay: -1 ms, Speed: 0.00 M/s, Resolution: None
Name: 东南卫视, URL: http://tvgslb.hn.chinamobile.com:8089/180000001002/00000001000000000010000000040459/main.m3u8?stbid=, From: subscribe, IPv_Type: ipv6, Location: 中国, ISP: 中国移动, Date: None, Delay: -1 ms, Speed: 0.00 M/s, Resolution: None
Name: 东南卫视, URL: http://ott.mobaibox.com/PLTV/3/224/3221227670/index.m3u8, From: subscribe, IPv_Type: ipv6, Location: 中国, ISP: 中国移动, Date: None, Delay: -1 ms, Speed: 0.00 M/s, Resolution: None
Name: 东南卫视, URL: https://hlsbkmgsplive.miguvideo.com/migu/kailu/dongnanws/51/20230724/01.m3u8?&HlsSubType=&encrypt=, From: subscribe, IPv_Type: ipv6, Location: 中国, ISP: 中国移动, Date: None, Delay: -1 ms, Speed: 0.00 M/s, Resolution: None
Name: 东南卫视, URL: https://t.freetv.fun/live/dong-nan-wei-shi-1.php, From: subscribe, IPv_Type: ipv6, Location: 美国, ISP: CloudFlare Inc., Date: None, Delay: -1 ms, Speed: 0.00 M/s, Resolution: None
Name: 东南卫视, URL: http://mgsp-hs2.live.miguvideo.com:8088/migu/kailu/dongnanws/51/20230724/index.m3u8?msisdn=e55e9ee71b42d2d7008a152c069625e3&mdspid=&spid=600717&netType=0&sid=5910022182&pid=2028597139&timestamp=20260215080208&Channel_ID=0116_2600034600-99000-201600010010028&ProgramID=849116810&ParentNodeID=-99&assertID=5910022182&client_ip=218.28.233.106&SecurityKey=20260215080208&promotionId=&mvid=5900006229&mcid=500020&playurlVersion=WX-A1-9.2.1-RELEASE&userid=&jmhm=&videocodec=h264&appCode=miguvideo_android&bean=mgspad&tid=android&conFee=0&encrypt=be589ab04f4528143cd6017ef45f6e82&sv=10004&ct=android, From: subscribe, IPv_Type: ipv6, Location: 中国, ISP: 中国移动, Date: None, Delay: -1 ms, Speed: 0.00 M/s, Resolution: None
Name: 东南卫视, URL: http://mgsp-zy2.live.miguvideo.com:8088/migu/kailu/dongnanws/51/20230724/index.m3u8?msisdn=e55e9ee71b42d2d7008a152c069625e3&mdspid=&spid=600717&netType=0&sid=5910022182&pid=2028597139&timestamp=20260216080226&Channel_ID=0116_2600034600-99000-201600010010028&ProgramID=849116810&ParentNodeID=-99&assertID=5910022182&client_ip=218.28.233.106&SecurityKey=20260216080226&promotionId=&mvid=5900006229&mcid=500020&playurlVersion=WX-A1-9.2.1-RELEASE&userid=&jmhm=&videocodec=h264&appCode=miguvideo_android&bean=mgspad&tid=android&conFee=0&encrypt=3874f80e210c081938c948f65ea18ec5&sv=10004&ct=android, From: subscribe, IPv_Type: ipv6, Location: 中国, ISP: 中国电信, Date: None, Delay: -1 ms, Speed: 0.00 M/s, Resolution: None
Name: 东南卫视, URL: https://live.264788.xyz/channel/dongnanweishi?streamid=edd28764848639e732d8b016f237f1c6&livekey=01WgOR41rriMmMkzNsd0UoaxJRwetZdxIvtVk, From: subscribe, IPv_Type: ipv4, Location: 美国, ISP: CloudFlare节点, Date: None, Delay: 761 ms, Speed: 16.43 M/s, Resolution: 720x576
Name: 甘肃卫视, URL: http://n1.gzbody.com:85/rtp/239.77.0.189:5146, From: subscribe, IPv_Type: ipv6, Location: 中国, ISP: 中国电信, Date: None, Delay: -1 ms, Speed: 0.00 M/s, Resolution: None
Name: 甘肃卫视, URL: http://[2409:8087:1a15:10d1::31]/ottrrs.hl.chinamobile.com/PLTV/88888888/224/3221225633/index.m3u8, From: subscribe, IPv_Type: ipv6, Location: 中国, ISP: 中国移动, Date: None, Delay: -1 ms, Speed: 0.00 M/s, Resolution: None
Name: 甘肃卫视, URL: http://live.zohi.tv/video/s10001-fztv-3/index.m3u8, From: subscribe, IPv_Type: ipv6, Location: 中国, ISP: 中国电信, Date: None, Delay: -1 ms, Speed: 0.00 M/s, Resolution: None
Name: 甘肃卫视, URL: https://mursor.ottiptv.cc/mcp/gansu.m3u8?sign=e7aacbc980d0a25c6623233e1c9c4464&tm=1757443317, From: subscribe, IPv_Type: ipv6, Location: 美国-新泽西州-巴赛克, ISP: DigitalOcean, Date: None, Delay: -1 ms, Speed: 0.00 M/s, Resolution: None
Name: 甘肃卫视, URL: https://migu.188766.xyz/?migutoken=8f7cae08dda18de121b154a4ad15641c&id=gsws&type=sz, From: subscribe, IPv_Type: ipv6, Location: 美国, ISP: CloudFlare Inc., Date: None, Delay: -1 ms, Speed: 0.00 M/s, Resolution: None
Name: 甘肃卫视, URL: http://dsj.motem.top:8880/bptv/10000100000000050000000003887450.m3u8, From: subscribe, IPv_Type: ipv6, Location: 美国, ISP: CloudFlare Inc., Date: None, Delay: -1 ms, Speed: 0.00 M/s, Resolution: None
Name: 甘肃卫视, URL: http://[2409:8087:8:21::18]:6610/otttv.bj.chinamobile.com/PLTV/88888888/224/3221227020/1.m3u8?GuardEncType=2&accountinfo=%7E%7EV2.0%7Err-CLugPnTcUinEM8JeySg%7EtP4-l0lmSfjwLWEfK_el1vH_mv-s1zo4AQJwdedaVwG9xkuFTDg8J26cwOrNJzn20BErrHdLhuZ9EzLUCD3PMW-OMx4MGteHV2vLeW6BqoY%2CEND, From: subscribe, IPv_Type: ipv6, Location: 中国, ISP: 中国移动, Date: None, Delay: -1 ms, Speed: 0.00 M/s, Resolution: None
Name: 甘肃卫视, URL: https://cc06.tv12.xyz/44.m3u8, From: subscribe, IPv_Type: ipv6, Location: 美国, ISP: CloudFlare Inc., Date: None, Delay: -1 ms, Speed: 0.00 M/s, Resolution: None
Name: 甘肃卫视, URL: http://j.x.bkpcp.top/jx/GSWS, From: subscribe, IPv_Type: ipv6, Location: 美国, ISP: CloudFlare Inc., Date: None, Delay: -1 ms, Speed: 0.00 M/s, Resolution: None
Name: 甘肃卫视, URL: https://jzb.wwkejishe.top/?id=622, From: subscribe, IPv_Type: ipv6, Location: 美国, ISP: CloudFlare Inc., Date: None, Delay: -1 ms, Speed: 0.00 M/s, Resolution: None
Name: 甘肃卫视, URL: https://shyd.695847.xyz/cms001/ch00000090990000001298/index.m3u8?IASHttpSessionId=RR4967720251014100028031761&ispcode=12, From: subscribe, IPv_Type: ipv6, Location: 美国, ISP: CloudFlare Inc., Date: None, Delay: -1 ms, Speed: 0.00 M/s, Resolution: None
Name: 甘肃卫视, URL: https://iptv.catvod.com/live.php?id=%E7%94%98%E8%82%83%E5%8D%AB%E8%A7%86%E5%8F%B0, From: subscribe, IPv_Type: ipv6, Location: 美国, ISP: CloudFlare Inc., Date: None, Delay: -1 ms, Speed: 0.00 M/s, Resolution: None
Name: 甘肃卫视, URL: http://iptvrr.sh.chinamobile.com:6060/cms001/ch00000090990000001298/index.m3u8, From: subscribe, IPv_Type: ipv6, Location: 中国, ISP: 中国移动, Date: None, Delay: -1 ms, Speed: 0.00 M/s, Resolution: None
Name: 甘肃卫视, URL: http://tvgslb.hn.chinamobile.com:8089/180000001002/00000000000000020000000000182276/main.m3u8?stbid=, From: subscribe, IPv_Type: ipv6, Location: 中国, ISP: 中国移动, Date: None, Delay: -1 ms, Speed: 0.00 M/s, Resolution: None
Name: 甘肃卫视, URL: http://rrs01.hw.gmcc.net:8088/PLTV/81/224/3221226662/1.m3u8, From: subscribe, IPv_Type: ipv6, Location: 中国, ISP: 中国移动, Date: None, Delay: -1 ms, Speed: 0.00 M/s, Resolution: None
Name: 甘肃卫视, URL: http://k.061899.xyz/k.php?id=gsws, From: subscribe, IPv_Type: ipv6, Location: 新加坡, ISP: Aceville Pte.Ltd., Date: None, Delay: -1 ms, Speed: 0.00 M/s, Resolution: None
Name: 甘肃卫视, URL: http://hwottcdn.ln.chinamobile.com/PLTV/11/224/3221226875/index.m3u8, From: subscribe, IPv_Type: ipv6, Location: 中国, ISP: 中国移动, Date: None, Delay: -1 ms, Speed: 0.00 M/s, Resolution: None
Name: 甘肃卫视, URL: http://ott.mobaibox.com/PLTV/3/224/3221227568/index.m3u8, From: subscribe, IPv_Type: ipv6, Location: 中国, ISP: 中国移动, Date: None, Delay: -1 ms, Speed: 0.00 M/s, Resolution: None
Name: 甘肃卫视, URL: http://hwltc.tv.cdn.zj.chinamobile.com/PLTV/88888888/224/3221236201/index.m3u8, From: subscribe, IPv_Type: ipv6, Location: 中国, ISP: 中国移动, Date: None, Delay: -1 ms, Speed: 0.00 M/s, Resolution: None
Name: 甘肃卫视, URL: https://t.freetv.fun/live/gan-su-wei-shi-3.m3u8, From: subscribe, IPv_Type: ipv6, Location: 美国, ISP: CloudFlare Inc., Date: None, Delay: -1 ms, Speed: 0.00 M/s, Resolution: None
Name: 甘肃卫视, URL: http://63.141.230.178:82/gslb/zbdq5.m3u8?id=gswshd, From: subscribe, IPv_Type: ipv4, Location: 美国, ISP: , Date: None, Delay: 1249 ms, Speed: 2.56 M/s, Resolution: 1920x1080
Name: 广西卫视, URL: http://n1.gzbody.com:85/rtp/239.253.43.36:5146, From: subscribe, IPv_Type: ipv6, Location: 中国, ISP: 中国电信, Date: None, Delay: -1 ms, Speed: 0.00 M/s, Resolution: None
Name: 广西卫视, URL: https://mursor.ottiptv.cc/mcp/guangxi.m3u8?sign=af48aded91fe4145a4d064cc60d94bc5&tm=1757443317, From: subscribe, IPv_Type: ipv6, Location: 美国-新泽西州-巴赛克, ISP: DigitalOcean, Date: None, Delay: -1 ms, Speed: 0.00 M/s, Resolution: None
Name: 广西卫视, URL: https://migu.188766.xyz/?migutoken=c21182f55bd387d89ef6f64cf26a4366&id=gxws&type=sz, From: subscribe, IPv_Type: ipv6, Location: 美国, ISP: CloudFlare Inc., Date: None, Delay: -1 ms, Speed: 0.00 M/s, Resolution: None
Name: 广西卫视, URL: http://dsj.motem.top:8880/bptv/10000100000000050000000003887394.m3u8, From: subscribe, IPv_Type: ipv6, Location: 美国, ISP: CloudFlare Inc., Date: None, Delay: -1 ms, Speed: 0.00 M/s, Resolution: None
Name: 广西卫视, URL: https://hlscdn.liangtv.cn/live/de0f97348eb84f62aa6b7d8cf0430770/dd505d87880c478f901f38560ca4d4e6.m3u8, From: subscribe, IPv_Type: ipv6, Location: 加拿大, ISP: , Date: None, Delay: -1 ms, Speed: 0.00 M/s, Resolution: None
Name: 广西卫视, URL: http://[2409:8087:8:21::18]:6610/otttv.bj.chinamobile.com/PLTV/88888888/224/3221227010/1.m3u8?GuardEncType=2&accountinfo=%7E%7EV2.0%7EkAhb-89sxdm9fz6-heXCuw%7EtP4-l0lmSfjwLWEfK_el1vH_mv-s1zo4AQJwdedaVwG9xkuFTDg8J26cwOrNJzn20BErrHdLhuZ9EzLUCD3PMW-OMx4MGteHV2vLeW6BqoY%2CEND, From: subscribe, IPv_Type: ipv6, Location: 中国, ISP: 中国移动, Date: None, Delay: -1 ms, Speed: 0.00 M/s, Resolution: None
Name: 广西卫视, URL: http://[2409:8087:1a01:df::4047]:80/TVOD/88888888/224/3221226091/main.m3u8, From: subscribe, IPv_Type: ipv6, Location: 中国, ISP: 中国移动, Date: None, Delay: -1 ms, Speed: 0.00 M/s, Resolution: None
Name: 广西卫视, URL: https://mobilelive.gxtv.cn/live/gx_live1004/playlist.m3u8, From: subscribe, IPv_Type: ipv6, Location: 加拿大, ISP: , Date: None, Delay: -1 ms, Speed: 0.00 M/s, Resolution: None
Name: 广西卫视, URL: https://smart.pendy.dpdns.org/Smart.php?id=guangxi, From: subscribe, IPv_Type: ipv6, Location: 美国, ISP: CloudFlare Inc., Date: None, Delay: -1 ms, Speed: 0.00 M/s, Resolution: None
Name: 广西卫视, URL: https://cc06.tv12.xyz/46.m3u8, From: subscribe, IPv_Type: ipv6, Location: 美国, ISP: CloudFlare Inc., Date: None, Delay: -1 ms, Speed: 0.00 M/s, Resolution: None
Name: 广西卫视, URL: https://iptv.catvod.com/live.php?id=%E5%B9%BF%E8%A5%BF%E5%8D%AB%E8%A7%86, From: subscribe, IPv_Type: ipv6, Location: 美国, ISP: CloudFlare Inc., Date: None, Delay: -1 ms, Speed: 0.00 M/s, Resolution: None
Name: 广西卫视, URL: https://shyd.695847.xyz/cms001/ch00000090990000001224/index.m3u8?IASHttpSessionId=RR4967720251014100028031761&ispcode=12, From: subscribe, IPv_Type: ipv6, Location: 美国, ISP: CloudFlare Inc., Date: None, Delay: -1 ms, Speed: 0.00 M/s, Resolution: None
Name: 广西卫视, URL: http://tvgslb.hn.chinamobile.com:8089/180000001002/00000001000000000090000000215605/main.m3u8?stbid=, From: subscribe, IPv_Type: ipv6, Location: 中国, ISP: 中国移动, Date: None, Delay: -1 ms, Speed: 0.00 M/s, Resolution: None
Name: 广西卫视, URL: http://iptvrr.sh.chinamobile.com:6060/cms001/ch00000090990000001224/index.m3u8, From: subscribe, IPv_Type: ipv6, Location: 中国, ISP: 中国移动, Date: None, Delay: -1 ms, Speed: 0.00 M/s, Resolution: None
Name: 广西卫视, URL: http://rrs01.hw.gmcc.net:8088/PLTV/81/224/3221226681/1.m3u8, From: subscribe, IPv_Type: ipv6, Location: 中国, ISP: 中国移动, Date: None, Delay: -1 ms, Speed: 0.00 M/s, Resolution: None
Name: 广西卫视, URL: http://k.061899.xyz/k.php?id=gxws, From: subscribe, IPv_Type: ipv6, Location: 新加坡, ISP: Aceville Pte.Ltd., Date: None, Delay: -1 ms, Speed: 0.00 M/s, Resolution: None
Name: 广西卫视, URL: http://hwottcdn.ln.chinamobile.com/PLTV/11/224/3221226150/index.m3u8, From: subscribe, IPv_Type: ipv6, Location: 中国, ISP: 中国移动, Date: None, Delay: -1 ms, Speed: 0.00 M/s, Resolution: None
Name: 广西卫视, URL: http://hwltc.tv.cdn.zj.chinamobile.com/PLTV/88888888/224/3221236263/index.m3u8, From: subscribe, IPv_Type: ipv6, Location: 中国, ISP: 中国移动, Date: None, Delay: -1 ms, Speed: 0.00 M/s, Resolution: None
Name: 广西卫视, URL: http://ott.mobaibox.com/PLTV/3/224/3221228183/index.m3u8, From: subscribe, IPv_Type: ipv6, Location: 中国, ISP: 中国移动, Date: None, Delay: -1 ms, Speed: 0.00 M/s, Resolution: None
Name: 广西卫视, URL: http://pull-hls-f11.douyincdn.com/media/stream-695314078702240428.m3u8?arch_hrchy=w1&exp_hrchy=w1&expire=1771760950&major_anchor_level=common&sign=d9c21ca1151fa649e68dc18c13ac2e23&t_id=037-2026021519491078C5C8D15B8DDFD19426-OM31JH, From: subscribe, IPv_Type: ipv6, Location: 中国, ISP: 中国联通, Date: None, Delay: -1 ms, Speed: 0.00 M/s, Resolution: None
Name: 广西卫视, URL: https://gd202.tv1288.xyz/tsfile/live/1028_1.m3u8, From: subscribe, IPv_Type: ipv6, Location: 美国, ISP: CloudFlare Inc., Date: None, Delay: -1 ms, Speed: 0.00 M/s, Resolution: None
Name: 广西卫视, URL: https://t.freetv.fun/live/yan-xi-wei-shi-5.m3u8, From: subscribe, IPv_Type: ipv6, Location: 美国, ISP: CloudFlare Inc., Date: None, Delay: -1 ms, Speed: 0.00 M/s, Resolution: None
Name: 广西卫视, URL: https://live.264788.xyz/channel/guangxiweishi?streamid=038a343487c52ef4d7c8f202064b4b24&livekey=01WgOR41rriMmMkzNsd0UoaxJRwetZdxIvtVk, From: subscribe, IPv_Type: ipv4, Location: 美国, ISP: CloudFlare节点, Date: None, Delay: 55 ms, Speed: 64.83 M/s, Resolution: None
Name: 广西卫视, URL: http://198.204.228.26/live/gxwshd.m3u8, From: subscribe, IPv_Type: ipv4, Location: 美国, ISP: , Date: None, Delay: 3398 ms, Speed: 1.27 M/s, Resolution: 1920x1080
Name: 贵州卫视, URL: http://n1.gzbody.com:85/rtp/239.77.0.230:5146, From: subscribe, IPv_Type: ipv6, Location: 中国, ISP: 中国电信, Date: None, Delay: -1 ms, Speed: 0.00 M/s, Resolution: None
Name: 贵州卫视, URL: http://[2409:8087:1a15:10d1::34]/ottrrs.hl.chinamobile.com/PLTV/88888888/224/3221226474/index.m3u8, From: subscribe, IPv_Type: ipv6, Location: 中国, ISP: 中国移动, Date: None, Delay: -1 ms, Speed: 0.00 M/s, Resolution: None
Name: 贵州卫视, URL: https://mursor.ottiptv.cc/mcp/guizhou.m3u8?sign=9622cafca906a39f284fa2f1357e3630&tm=1757443317, From: subscribe, IPv_Type: ipv6, Location: 美国-新泽西州-巴赛克, ISP: DigitalOcean, Date: None, Delay: -1 ms, Speed: 0.00 M/s, Resolution: None
Name: 贵州卫视, URL: https://migu.188766.xyz/?migutoken=73188353f5172edc44798a776775751a&id=gzws&type=sz, From: subscribe, IPv_Type: ipv6, Location: 美国, ISP: CloudFlare Inc., Date: None, Delay: -1 ms, Speed: 0.00 M/s, Resolution: None
Name: 贵州卫视, URL: http://dsj.motem.top:8880/bptv/10000100000000050000000003873471.m3u8, From: subscribe, IPv_Type: ipv6, Location: 美国, ISP: CloudFlare Inc., Date: None, Delay: -1 ms, Speed: 0.00 M/s, Resolution: None
Name: 贵州卫视, URL: http://[2409:8087:8:21::18]:6610/otttv.bj.chinamobile.com/PLTV/88888888/224/3221227012/1.m3u8?GuardEncType=2&accountinfo=%7E%7EV2.0%7EnqBF03rFwPucF8ODtWxLQQ%7EtP4-l0lmSfjwLWEfK_el1vH_mv-s1zo4AQJwdedaVwG9xkuFTDg8J26cwOrNJzn20BErrHdLhuZ9EzLUCD3PMW-OMx4MGteHV2vLeW6BqoY%2CEND, From: subscribe, IPv_Type: ipv6, Location: 中国, ISP: 中国移动, Date: None, Delay: -1 ms, Speed: 0.00 M/s, Resolution: None
Name: 贵州卫视, URL: http://[2409:8087:1a01:df::4030]:80/TVOD/88888888/224/3221225974/main.m3u8, From: subscribe, IPv_Type: ipv6, Location: 中国, ISP: 中国移动, Date: None, Delay: -1 ms, Speed: 0.00 M/s, Resolution: None
Name: 贵州卫视, URL: http://[2409:8087:1a01:df::4077]:80/ottrrs.hl.chinamobile.com/PLTV/88888888/224/3221226474/index.m3u8, From: subscribe, IPv_Type: ipv6, Location: 中国, ISP: 中国移动, Date: None, Delay: -1 ms, Speed: 0.00 M/s, Resolution: None
Name: 贵州卫视, URL: http://b.xiongnas.top:8888/rtp/239.3.1.149:8076, From: subscribe, IPv_Type: ipv6, Location: 中国, ISP: 中国联通, Date: None, Delay: -1 ms, Speed: 0.00 M/s, Resolution: None
Name: 贵州卫视, URL: https://cc06.tv12.xyz/48.m3u8, From: subscribe, IPv_Type: ipv6, Location: 美国, ISP: CloudFlare Inc., Date: None, Delay: -1 ms, Speed: 0.00 M/s, Resolution: None
Name: 贵州卫视, URL: https://jzb.wwkejishe.top/?id=619, From: subscribe, IPv_Type: ipv6, Location: 美国, ISP: CloudFlare Inc., Date: None, Delay: -1 ms, Speed: 0.00 M/s, Resolution: None
Name: 贵州卫视, URL: http://jk55269942.myqnapcloud.com:4022/rtp/239.49.8.49:8000, From: subscribe, IPv_Type: ipv6, Location: 中国, ISP: 中国联通, Date: None, Delay: -1 ms, Speed: 0.00 M/s, Resolution: None
Name: 贵州卫视, URL: http://zcb.myds.me:10001/rtp/239.49.8.49:8000, From: subscribe, IPv_Type: ipv6, Location: 中国, ISP: 中国电信, Date: None, Delay: -1 ms, Speed: 0.00 M/s, Resolution: None
Name: 贵州卫视, URL: https://shyd.695847.xyz/cms001/ch00000090990000001184/index.m3u8?IASHttpSessionId=RR4967720251014100028031761&ispcode=12, From: subscribe, IPv_Type: ipv6, Location: 美国, ISP: CloudFlare Inc., Date: None, Delay: -1 ms, Speed: 0.00 M/s, Resolution: None
Name: 贵州卫视, URL: https://iptv.catvod.com/live.php?id=%E8%B4%B5%E5%B7%9E%E5%8D%AB%E8%A7%86, From: subscribe, IPv_Type: ipv6, Location: 美国, ISP: CloudFlare Inc., Date: None, Delay: -1 ms, Speed: 0.00 M/s, Resolution: None
Name: 贵州卫视, URL: https://stream1.freetv.fun/gui-zhou-wei-shi-gao-qing-3.ctv, From: subscribe, IPv_Type: ipv6, Location: 美国, ISP: CloudFlare Inc., Date: None, Delay: -1 ms, Speed: 0.00 M/s, Resolution: None
Name: 贵州卫视, URL: http://hwltc.tv.cdn.zj.chinamobile.com/PLTV/88888888/224/3221236236/index.m3u8, From: subscribe, IPv_Type: ipv6, Location: 中国, ISP: 中国移动, Date: None, Delay: -1 ms, Speed: 0.00 M/s, Resolution: None
Name: 贵州卫视, URL: http://tvgslb.hn.chinamobile.com:8089/180000001002/00000000000000020000000000182262/main.m3u8?stbid=, From: subscribe, IPv_Type: ipv6, Location: 中国, ISP: 中国移动, Date: None, Delay: -1 ms, Speed: 0.00 M/s, Resolution: None
Name: 贵州卫视, URL: http://rrs01.hw.gmcc.net:8088/PLTV/81/224/3221226676/1.m3u8, From: subscribe, IPv_Type: ipv6, Location: 中国, ISP: 中国移动, Date: None, Delay: -1 ms, Speed: 0.00 M/s, Resolution: None
Name: 贵州卫视, URL: http://hwottcdn.ln.chinamobile.com/PLTV/11/224/3221226164/index.m3u8, From: subscribe, IPv_Type: ipv6, Location: 中国, ISP: 中国移动, Date: None, Delay: -1 ms, Speed: 0.00 M/s, Resolution: None
Name: 贵州卫视, URL: http://ott.mobaibox.com/PLTV/3/224/3221228136/index.m3u8, From: subscribe, IPv_Type: ipv6, Location: 中国, ISP: 中国移动, Date: None, Delay: -1 ms, Speed: 0.00 M/s, Resolution: None
Name: 贵州卫视, URL: http://k.061899.xyz/k.php?id=gzws, From: subscribe, IPv_Type: ipv6, Location: 新加坡, ISP: Aceville Pte.Ltd., Date: None, Delay: -1 ms, Speed: 0.00 M/s, Resolution: None
Name: 贵州卫视, URL: http://iptvrr.sh.chinamobile.com:6060/cms001/ch00000090990000001184/index.m3u8, From: subscribe, IPv_Type: ipv6, Location: 中国, ISP: 中国移动, Date: None, Delay: -1 ms, Speed: 0.00 M/s, Resolution: None
Name: 贵州卫视, URL: https://t.freetv.fun/live/gui-zhou-wei-shi-5.m3u8, From: subscribe, IPv_Type: ipv6, Location: 美国, ISP: CloudFlare Inc., Date: None, Delay: -1 ms, Speed: 0.00 M/s, Resolution: None
Name: 贵州卫视, URL: https://gd202.tv1288.xyz/tsfile/live/1023_1.m3u8, From: subscribe, IPv_Type: ipv6, Location: 美国, ISP: CloudFlare Inc., Date: None, Delay: -1 ms, Speed: 0.00 M/s, Resolution: None
Name: 贵州卫视, URL: https://live.264788.xyz/channel/guizhouweishi?streamid=091bd59ea031989839c23459bb8cc9d4&livekey=01WgOR41rriMmMkzNsd0UoaxJRwetZdxIvtVk, From: subscribe, IPv_Type: ipv4, Location: 美国, ISP: CloudFlare节点, Date: None, Delay: 303 ms, Speed: 0.00 M/s, Resolution: 1920x1080
Name: 海南卫视, URL: http://gslbmgsplive.miguvideo.com/envivo_x/SD/lvyou/711/index.m3u8?msisdn=202509071500319eae6a8987614496b0782f85d9145d3a&mdspid=&spid=600633&netType=0&sid=5910022165&pid=2028597139&timestamp=20250907150031&Channel_ID=0116_2600037000-99000-200300220100002&ProgramID=947472502&ParentNodeID=-99&assertID=5910022165&client_ip=106.13.250.89&SecurityKey=20250907150031&promotionId=&mvid=5900004359&mcid=500020&playurlVersion=WX-A1-8.8.1-RELEASE&userid=&jmhm=&videocodec=h264&bean=mgspad&tid=android&conFee=0&puData=406d730e386eb49c965d8e7496a00c2a&ddCalcu=a420vc6a0dz07aa3609e4378e68edb54699c&sv=10004&ct=android, From: subscribe, IPv_Type: ipv6, Location: 中国, ISP: 中国移动, Date: None, Delay: -1 ms, Speed: 0.00 M/s, Resolution: None
Name: 海南卫视, URL: http://n1.gzbody.com:85/rtp/239.253.43.101:5146, From: subscribe, IPv_Type: ipv6, Location: 中国, ISP: 中国电信, Date: None, Delay: -1 ms, Speed: 0.00 M/s, Resolution: None
Name: 海南卫视, URL: http://bailudz.top:1236/111/hahahaha.php, From: subscribe, IPv_Type: ipv6, Location: 中国, ISP: 中国电信, Date: None, Delay: -1 ms, Speed: 0.00 M/s, Resolution: None
Name: 海南卫视, URL: https://mursor.ottiptv.cc/mcp/hainan.m3u8?sign=13bd53b425615e8f1bd0e7e2a50c9c57&tm=1757443317, From: subscribe, IPv_Type: ipv6, Location: 美国-新泽西州-巴赛克, ISP: DigitalOcean, Date: None, Delay: -1 ms, Speed: 0.00 M/s, Resolution: None
Name: 海南卫视, URL: http://dsj.motem.top:8880/bptv/10000100000000050000000004796877.m3u8, From: subscribe, IPv_Type: ipv6, Location: 美国, ISP: CloudFlare Inc., Date: None, Delay: -1 ms, Speed: 0.00 M/s, Resolution: None
Name: 海南卫视, URL: http://[2409:8087:8:21::18]:6610/otttv.bj.chinamobile.com/PLTV/88888888/224/3221227029/1.m3u8?GuardEncType=2&accountinfo=%7E%7EV2.0%7EEuBMjt2kLMD8fAO7QYER7Q%7EtP4-l0lmSfjwLWEfK_el1vH_mv-s1zo4AQJwdedaVwG9xkuFTDg8J26cwOrNJzn20BErrHdLhuZ9EzLUCD3PMW-OMx4MGteHV2vLeW6BqoY%2CEND, From: subscribe, IPv_Type: ipv6, Location: 中国, ISP: 中国移动, Date: None, Delay: -1 ms, Speed: 0.00 M/s, Resolution: None
Name: 海南卫视, URL: http://[2409:8087:1a01:df::4077]/ottrrs.hl.chinamobile.com/PLTV/88888888/8/3221226465/index.m3u8, From: subscribe, IPv_Type: ipv6, Location: 中国, ISP: 中国移动, Date: None, Delay: -1 ms, Speed: 0.00 M/s, Resolution: None
Name: 海南卫视, URL: https://migu.188766.xyz/?migutoken=a7fb0639ca49b74ff0dab2d634d0478f&id=hinws_hd&type=sz, From: subscribe, IPv_Type: ipv6, Location: 美国, ISP: CloudFlare Inc., Date: None, Delay: -1 ms, Speed: 0.00 M/s, Resolution: None
Name: 海南卫视, URL: https://cc06.tv12.xyz/93.m3u8, From: subscribe, IPv_Type: ipv6, Location: 美国, ISP: CloudFlare Inc., Date: None, Delay: -1 ms, Speed: 0.00 M/s, Resolution: None
Name: 海南卫视, URL: https://jzb.wwkejishe.top/?id=600, From: subscribe, IPv_Type: ipv6, Location: 美国, ISP: CloudFlare Inc., Date: None, Delay: -1 ms, Speed: 0.00 M/s, Resolution: None
Name: 海南卫视, URL: http://jk55269942.myqnapcloud.com:4022/rtp/239.49.8.83:8000, From: subscribe, IPv_Type: ipv6, Location: 中国, ISP: 中国联通, Date: None, Delay: -1 ms, Speed: 0.00 M/s, Resolution: None
Name: 海南卫视, URL: http://zcb.myds.me:10001/rtp/239.49.8.83:8000, From: subscribe, IPv_Type: ipv6, Location: 中国, ISP: 中国电信, Date: None, Delay: -1 ms, Speed: 0.00 M/s, Resolution: None
Name: 海南卫视, URL: https://shyd.695847.xyz/cms001/ch00000090990000001183/index.m3u8?IASHttpSessionId=RR4967720251014100028031761&ispcode=12, From: subscribe, IPv_Type: ipv6, Location: 美国, ISP: CloudFlare Inc., Date: None, Delay: -1 ms, Speed: 0.00 M/s, Resolution: None
Name: 海南卫视, URL: https://iptv.catvod.com/live.php?id=%E6%B5%B7%E5%8D%97%E5%8D%AB%E8%A7%86, From: subscribe, IPv_Type: ipv6, Location: 美国, ISP: CloudFlare Inc., Date: None, Delay: -1 ms, Speed: 0.00 M/s, Resolution: None
Name: 海南卫视, URL: http://lu.wqwqwq.sbs/itv/5000000004000006211.m3u8?cdn=bestzb, From: subscribe, IPv_Type: ipv6, Location: 美国, ISP: CloudFlare Inc., Date: None, Delay: -1 ms, Speed: 0.00 M/s, Resolution: None
Name: 海南卫视, URL: https://live.chinacert.cftest5.cn/mg/?id=947472502, From: subscribe, IPv_Type: ipv6, Location: 中国, ISP: 中国电信, Date: None, Delay: -1 ms, Speed: 0.00 M/s, Resolution: None
Name: 海南卫视, URL: https://www.freetv.top/migu/947472502.m3u8?migutoken=61e4fd9bf58ef5793a154534fc3b69a6905900f2133acd6c3fe723e7b4520ad20ebd351ceb44d42a3a09fa5e7e402be1cec3e5c93b1a07ac90681ef873a367d7cb68040b3be9d7873347efa755, From: subscribe, IPv_Type: ipv6, Location: 美国, ISP: Oracle Corporation, Date: None, Delay: -1 ms, Speed: 0.00 M/s, Resolution: None
Name: 海南卫视, URL: http://live.wqwqwq.sbs/itv/5000000004000006211.m3u8?cdn=bestzb, From: subscribe, IPv_Type: ipv6, Location: 美国, ISP: CloudFlare Inc., Date: None, Delay: -1 ms, Speed: 0.00 M/s, Resolution: None
Name: 海南卫视, URL: http://ott.mobaibox.com/PLTV/3/224/3221228139/index.m3u8, From: subscribe, IPv_Type: ipv6, Location: 中国, ISP: 中国移动, Date: None, Delay: -1 ms, Speed: 0.00 M/s, Resolution: None
Name: 海南卫视, URL: http://hwltc.tv.cdn.zj.chinamobile.com/PLTV/88888888/224/3221236232/index.m3u8, From: subscribe, IPv_Type: ipv6, Location: 中国, ISP: 中国移动, Date: None, Delay: -1 ms, Speed: 0.00 M/s, Resolution: None
Name: 海南卫视, URL: http://rrs01.hw.gmcc.net:8088/PLTV/81/224/3221226683/1.m3u8, From: subscribe, IPv_Type: ipv6, Location: 中国, ISP: 中国移动, Date: None, Delay: -1 ms, Speed: 0.00 M/s, Resolution: None
Name: 海南卫视, URL: http://hwottcdn.ln.chinamobile.com/PLTV/11/224/3221226801/index.m3u8, From: subscribe, IPv_Type: ipv6, Location: 中国, ISP: 中国移动, Date: None, Delay: -1 ms, Speed: 0.00 M/s, Resolution: None
Name: 海南卫视, URL: http://k.061899.xyz/k.php?id=hinws, From: subscribe, IPv_Type: ipv6, Location: 新加坡, ISP: Aceville Pte.Ltd., Date: None, Delay: -1 ms, Speed: 0.00 M/s, Resolution: None
Name: 海南卫视, URL: http://iptvrr.sh.chinamobile.com:6060/cms001/ch00000090990000001183/index.m3u8, From: subscribe, IPv_Type: ipv6, Location: 中国, ISP: 中国移动, Date: None, Delay: -1 ms, Speed: 0.00 M/s, Resolution: None
Name: 海南卫视, URL: http://tvgslb.hn.chinamobile.com:8089/180000001002/00000000000000020000000000181765/main.m3u8?stbid=, From: subscribe, IPv_Type: ipv6, Location: 中国, ISP: 中国移动, Date: None, Delay: -1 ms, Speed: 0.00 M/s, Resolution: None
Name: 海南卫视, URL: http://mgsp-ws2.live.miguvideo.com:8088/envivo_x/SD/lvyou/711/index.m3u8?msisdn=e55e9ee71b42d2d7008a152c069625e3&mdspid=&spid=600633&netType=0&sid=5910022165&pid=2028597139&timestamp=20260216080226&Channel_ID=0116_2600034600-99000-201600010010028&ProgramID=947472502&ParentNodeID=-99&assertID=5910022165&client_ip=218.28.233.106&SecurityKey=20260216080226&promotionId=&mvid=5900004359&mcid=500020&playurlVersion=WX-A1-9.2.1-RELEASE&userid=&jmhm=&videocodec=h264&appCode=miguvideo_android&bean=mgspad&tid=android&conFee=0&encrypt=cf9ef97bce870bd381cebe396eb02ff6&sv=10004&ct=android, From: subscribe, IPv_Type: ipv6, Location: 加拿大, ISP: , Date: None, Delay: -1 ms, Speed: 0.00 M/s, Resolution: None
Name: 海南卫视, URL: http://mgsp-yx2.live.miguvideo.com:8088/envivo_x/SD/lvyou/711/index.m3u8?msisdn=2be6b2ec9fcf10d2c2457e2c710e172c&mdspid=&spid=600633&netType=0&sid=5910022165&pid=2028597139&timestamp=20260227080208&Channel_ID=0116_2600034600-99000-201600010010028&ProgramID=947472502&ParentNodeID=-99&assertID=5910022165&client_ip=218.28.233.106&SecurityKey=20260227080208&promotionId=&mvid=5900004359&mcid=500020&playurlVersion=WX-A1-9.2.1-RELEASE&userid=&jmhm=&videocodec=h264&appCode=miguvideo_android&bean=mgspad&tid=android&conFee=0&encrypt=16edca1f344ce003fd10554d577aef35&sv=10004&ct=android, From: subscribe, IPv_Type: ipv6, Location: 中国, ISP: 中国电信, Date: None, Delay: -1 ms, Speed: 0.00 M/s, Resolution: None
Name: 海南卫视, URL: http://mgsp-hs2.live.miguvideo.com:8088/envivo_x/SD/lvyou/711/index.m3u8?msisdn=2be6b2ec9fcf10d2c2457e2c710e172c&mdspid=&spid=600633&netType=0&sid=5910022165&pid=2028597139&timestamp=20260303080208&Channel_ID=0116_2600034600-99000-201600010010028&ProgramID=947472502&ParentNodeID=-99&assertID=5910022165&client_ip=218.28.233.106&SecurityKey=20260303080208&promotionId=&mvid=5900004359&mcid=500020&playurlVersion=WX-A1-9.2.2-RELEASE&userid=&jmhm=&videocodec=h264&appCode=miguvideo_android&bean=mgspad&tid=android&conFee=0&encrypt=a308dd656b4d22ccafa7946bc0be8e27&sv=10004&ct=android, From: subscribe, IPv_Type: ipv6, Location: 中国, ISP: 中国联通, Date: None, Delay: -1 ms, Speed: 0.00 M/s, Resolution: None
Name: 海南卫视, URL: https://gd202.tv1288.xyz/tsfile/live/1027_1.m3u8, From: subscribe, IPv_Type: ipv6, Location: 美国, ISP: CloudFlare Inc., Date: None, Delay: -1 ms, Speed: 0.00 M/s, Resolution: None
Name: 海南卫视, URL: https://live.264788.xyz/channel/hainanweishi?streamid=c0056307691771cf4adf3fcf3f54a006&livekey=01WgOR41rriMmMkzNsd0UoaxJRwetZdxIvtVk, From: subscribe, IPv_Type: ipv4, Location: 美国, ISP: CloudFlare节点, Date: None, Delay: 1190 ms, Speed: 11.15 M/s, Resolution: None
Name: 河北卫视, URL: http://n1.gzbody.com:85/rtp/239.77.0.148:5146, From: subscribe, IPv_Type: ipv6, Location: 中国, ISP: 中国电信, Date: None, Delay: -1 ms, Speed: 0.00 M/s, Resolution: None
Name: 河北卫视, URL: http://[2409:8087:1a15:10d1::38]/ottrrs.hl.chinamobile.com/PLTV/88888888/224/3221226406/index.m3u8, From: subscribe, IPv_Type: ipv6, Location: 中国, ISP: 中国移动, Date: None, Delay: -1 ms, Speed: 0.00 M/s, Resolution: None
Name: 河北卫视, URL: http://tv.pull.hebtv.com/jishi/weishipindao.m3u8?t=2510710360&k=3d44740039027301acf8341d7361ab59, From: subscribe, IPv_Type: ipv6, Location: 中国, ISP: 中国电信, Date: None, Delay: -1 ms, Speed: 0.00 M/s, Resolution: None
Name: 河北卫视, URL: https://mursor.ottiptv.cc/mcp/hebei.m3u8?sign=f2fffa74c909eca9ca7c8a09a2cb5a29&tm=1757443317, From: subscribe, IPv_Type: ipv6, Location: 美国-新泽西州-巴赛克, ISP: DigitalOcean, Date: None, Delay: -1 ms, Speed: 0.00 M/s, Resolution: None
Name: 河北卫视, URL: http://dsj.motem.top:8880/bptv/10000100000000050000000003873460.m3u8, From: subscribe, IPv_Type: ipv6, Location: 美国, ISP: CloudFlare Inc., Date: None, Delay: -1 ms, Speed: 0.00 M/s, Resolution: None
Name: 河北卫视, URL: https://jwplay.hebyun.com.cn/live/hbwstv/1500k/tzwj_video.m3u8, From: subscribe, IPv_Type: ipv6, Location: 中国, ISP: 中国联通, Date: None, Delay: -1 ms, Speed: 0.00 M/s, Resolution: None
Name: 河北卫视, URL: http://[2409:8087:8:21::18]:6610/otttv.bj.chinamobile.com/PLTV/88888888/224/3221227014/1.m3u8?GuardEncType=2&accountinfo=%7E%7EV2.0%7ErSGjhI3DMaaAASPrbQJYTg%7EtP4-l0lmSfjwLWEfK_el1vH_mv-s1zo4AQJwdedaVwG9xkuFTDg8J26cwOrNJzn20BErrHdLhuZ9EzLUCD3PMW-OMx4MGteHV2vLeW6BqoY%2CEND, From: subscribe, IPv_Type: ipv6, Location: 中国, ISP: 中国移动, Date: None, Delay: -1 ms, Speed: 0.00 M/s, Resolution: None
Name: 河北卫视, URL: http://[2409:8087:1a01:df::4035]:80/TVOD/88888888/224/3221225961/main.m3u8, From: subscribe, IPv_Type: ipv6, Location: 中国, ISP: 中国移动, Date: None, Delay: -1 ms, Speed: 0.00 M/s, Resolution: None
Name: 河北卫视, URL: http://[2409:8087:1a01:df::4077]/ottrrs.hl.chinamobile.com/PLTV/88888888/8/3221226406/index.m3u8, From: subscribe, IPv_Type: ipv6, Location: 中国, ISP: 中国移动, Date: None, Delay: -1 ms, Speed: 0.00 M/s, Resolution: None
Name: 河北卫视, URL: http://b.xiongnas.top:8888/rtp/239.3.1.148:8072, From: subscribe, IPv_Type: ipv6, Location: 中国, ISP: 中国联通, Date: None, Delay: -1 ms, Speed: 0.00 M/s, Resolution: None
Name: 河北卫视, URL: http://iptv.huuc.edu.cn/hls/hebhd.m3u8, From: subscribe, IPv_Type: ipv6, Location: 中国, ISP: 教育网, Date: None, Delay: -1 ms, Speed: 0.00 M/s, Resolution: None
Name: 河北卫视, URL: https://migu.188766.xyz/?migutoken=e7fad312b80132973eaf2630093b9c02&id=hbws_hd&type=yy, From: subscribe, IPv_Type: ipv6, Location: 美国, ISP: CloudFlare Inc., Date: None, Delay: -1 ms, Speed: 0.00 M/s, Resolution: None
Name: 河北卫视, URL: https://cc06.tv12.xyz/51.m3u8, From: subscribe, IPv_Type: ipv6, Location: 美国, ISP: CloudFlare Inc., Date: None, Delay: -1 ms, Speed: 0.00 M/s, Resolution: None
Name: 河北卫视, URL: https://jzb.wwkejishe.top/?id=615, From: subscribe, IPv_Type: ipv6, Location: 美国, ISP: CloudFlare Inc., Date: None, Delay: -1 ms, Speed: 0.00 M/s, Resolution: None
Name: 河北卫视, URL: http://jk55269942.myqnapcloud.com:4022/rtp/239.49.8.114:8000, From: subscribe, IPv_Type: ipv6, Location: 中国, ISP: 中国联通, Date: None, Delay: -1 ms, Speed: 0.00 M/s, Resolution: None
Name: 河北卫视, URL: http://zcb.myds.me:10001/rtp/239.49.8.114:8000, From: subscribe, IPv_Type: ipv6, Location: 中国, ISP: 中国电信, Date: None, Delay: -1 ms, Speed: 0.00 M/s, Resolution: None
Name: 河北卫视, URL: https://shyd.695847.xyz/cms001/ch00000090990000001229/index.m3u8?IASHttpSessionId=RR4967720251014100028031761&ispcode=12, From: subscribe, IPv_Type: ipv6, Location: 美国, ISP: CloudFlare Inc., Date: None, Delay: -1 ms, Speed: 0.00 M/s, Resolution: None
Name: 河北卫视, URL: https://iptv.catvod.com/live.php?id=%E6%B2%B3%E5%8C%97%E5%8D%AB%E8%A7%86, From: subscribe, IPv_Type: ipv6, Location: 美国, ISP: CloudFlare Inc., Date: None, Delay: -1 ms, Speed: 0.00 M/s, Resolution: None
Name: 河北卫视, URL: http://event.pull.hebtv.com/jishi/weishi_tingyun.m3u8, From: subscribe, IPv_Type: ipv6, Location: 中国, ISP: 中国电信, Date: None, Delay: -1 ms, Speed: 0.00 M/s, Resolution: None
Name: 河北卫视, URL: http://tvgslb.hn.chinamobile.com:8089/180000001002/00000001000000000016000000007223/main.m3u8?stbid=, From: subscribe, IPv_Type: ipv6, Location: 中国, ISP: 中国移动, Date: None, Delay: -1 ms, Speed: 0.00 M/s, Resolution: None
Name: 河北卫视, URL: http://hwltc.tv.cdn.zj.chinamobile.com/PLTV/88888888/224/3221236242/index.m3u8, From: subscribe, IPv_Type: ipv6, Location: 中国, ISP: 中国移动, Date: None, Delay: -1 ms, Speed: 0.00 M/s, Resolution: None
Name: 河北卫视, URL: http://ott.mobaibox.com/PLTV/3/224/3221228106/index.m3u8, From: subscribe, IPv_Type: ipv6, Location: 中国, ISP: 中国移动, Date: None, Delay: -1 ms, Speed: 0.00 M/s, Resolution: None
Name: 河北卫视, URL: http://hwottcdn.ln.chinamobile.com/PLTV/11/224/3221226163/index.m3u8, From: subscribe, IPv_Type: ipv6, Location: 中国, ISP: 中国移动, Date: None, Delay: -1 ms, Speed: 0.00 M/s, Resolution: None
Name: 河北卫视, URL: http://rrs01.hw.gmcc.net:8088/PLTV/81/224/3221226684/1.m3u8, From: subscribe, IPv_Type: ipv6, Location: 中国, ISP: 中国移动, Date: None, Delay: -1 ms, Speed: 0.00 M/s, Resolution: None
Name: 河北卫视, URL: http://iptvrr.sh.chinamobile.com:6060/cms001/ch00000090990000001229/index.m3u8, From: subscribe, IPv_Type: ipv6, Location: 中国, ISP: 中国移动, Date: None, Delay: -1 ms, Speed: 0.00 M/s, Resolution: None
Name: 河北卫视, URL: http://k.061899.xyz/k.php?id=hbws, From: subscribe, IPv_Type: ipv6, Location: 新加坡, ISP: Aceville Pte.Ltd., Date: None, Delay: -1 ms, Speed: 0.00 M/s, Resolution: None
Name: 河北卫视, URL: https://t.freetv.fun/live/he-bei-wei-shi-6.m3u8, From: subscribe, IPv_Type: ipv6, Location: 美国, ISP: CloudFlare Inc., Date: None, Delay: -1 ms, Speed: 0.00 M/s, Resolution: None
Name: 河北卫视, URL: http://mgsp-hs2.live.miguvideo.com:8088/migu/kailu/hbws/51/20251225/index.m3u8?msisdn=e55e9ee71b42d2d7008a152c069625e3&mdspid=&spid=600725&netType=0&sid=5910022316&pid=2028597139&timestamp=20260215080207&Channel_ID=0116_2600034600-99000-201600010010028&ProgramID=962042070&ParentNodeID=-99&assertID=5910022316&client_ip=218.28.233.106&SecurityKey=20260215080207&promotionId=&mvid=5900006782&mcid=500020&playurlVersion=WX-A1-9.2.1-RELEASE&userid=&jmhm=&videocodec=h264&appCode=miguvideo_android&bean=mgspad&tid=android&conFee=0&encrypt=f7e4d4496f350bf9ec5c0240f8c6236a&sv=10004&ct=android, From: subscribe, IPv_Type: ipv6, Location: 中国, ISP: 中国移动, Date: None, Delay: -1 ms, Speed: 0.00 M/s, Resolution: None
Name: 河北卫视, URL: http://mgsp-ws2.live.miguvideo.com:8088/migu/kailu/hbws/51/20251225/index.m3u8?msisdn=e55e9ee71b42d2d7008a152c069625e3&mdspid=&spid=600725&netType=0&sid=5910022316&pid=2028597139&timestamp=20260217084018&Channel_ID=0116_2600034600-99000-201600010010028&ProgramID=962042070&ParentNodeID=-99&assertID=5910022316&client_ip=218.28.233.106&SecurityKey=20260217084018&promotionId=&mvid=5900006782&mcid=500020&playurlVersion=WX-A1-9.2.1-RELEASE&userid=&jmhm=&videocodec=h264&appCode=miguvideo_android&bean=mgspad&tid=android&conFee=0&encrypt=7eea5451dd54d76f5bbe299f738f12f9&sv=10004&ct=android, From: subscribe, IPv_Type: ipv6, Location: 加拿大, ISP: , Date: None, Delay: -1 ms, Speed: 0.00 M/s, Resolution: None
Name: 河北卫视, URL: http://mgsp-yx2.live.miguvideo.com:8088/migu/kailu/hbws/51/20251225/index.m3u8?msisdn=2be6b2ec9fcf10d2c2457e2c710e172c&mdspid=&spid=600725&netType=0&sid=5910022316&pid=2028597139&timestamp=20260225060204&Channel_ID=0116_2600034600-99000-201600010010028&ProgramID=962042070&ParentNodeID=-99&assertID=5910022316&client_ip=218.28.233.106&SecurityKey=20260225060204&promotionId=&mvid=5900006782&mcid=500020&playurlVersion=WX-A1-9.2.1-RELEASE&userid=&jmhm=&videocodec=h264&appCode=miguvideo_android&bean=mgspad&tid=android&conFee=0&encrypt=b0c2786428aff893d5e3fa1145fb73e1&sv=10004&ct=android, From: subscribe, IPv_Type: ipv6, Location: 中国, ISP: 中国电信, Date: None, Delay: -1 ms, Speed: 0.00 M/s, Resolution: None
Name: 河北卫视, URL: http://mgsp-zy2.live.miguvideo.com:8088/migu/kailu/hbws/51/20251225/index.m3u8?msisdn=2be6b2ec9fcf10d2c2457e2c710e172c&mdspid=&spid=600725&netType=0&sid=5910022316&pid=2028597139&timestamp=20260226080224&Channel_ID=0116_2600034600-99000-201600010010028&ProgramID=962042070&ParentNodeID=-99&assertID=5910022316&client_ip=218.28.233.106&SecurityKey=20260226080224&promotionId=&mvid=5900006782&mcid=500020&playurlVersion=WX-A1-9.2.1-RELEASE&userid=&jmhm=&videocodec=h264&appCode=miguvideo_android&bean=mgspad&tid=android&conFee=0&encrypt=29ed8508877b0a450cb976954200a5b6&sv=10004&ct=android, From: subscribe, IPv_Type: ipv6, Location: 中国, ISP: 中国电信, Date: None, Delay: -1 ms, Speed: 0.00 M/s, Resolution: None
Name: 河南卫视, URL: http://gslbmgsplive.miguvideo.com/wd-henanwssd-600/index.m3u8?msisdn=20250907150031ec0df8a608944e73b527a92f4212e09c&mdspid=&spid=600633&netType=0&sid=5910021585&pid=2028597139&timestamp=20250907150031&Channel_ID=0116_2600037000-99000-200300220100002&ProgramID=790187291&ParentNodeID=-99&assertID=5910021585&client_ip=106.13.250.89&SecurityKey=20250907150031&promotionId=&mvid=5900005706&mcid=500020&playurlVersion=WX-A1-8.8.1-RELEASE&userid=&jmhm=&videocodec=h264&bean=mgspad&tid=android&conFee=0&puData=a6ec6491816836ff908bc43a18684841&ddCalcu=1a46v8ea4ca86a648911a83146c8b3860f9f&sv=10004&ct=android, From: subscribe, IPv_Type: ipv6, Location: 中国, ISP: 中国移动, Date: None, Delay: -1 ms, Speed: 0.00 M/s, Resolution: None
Name: 河南卫视, URL: http://n1.gzbody.com:85/rtp/239.77.1.229:5146, From: subscribe, IPv_Type: ipv6, Location: 中国, ISP: 中国电信, Date: None, Delay: -1 ms, Speed: 0.00 M/s, Resolution: None
Name: 河南卫视, URL: http://bailudz.top:1236/111/hahahaha.php, From: subscribe, IPv_Type: ipv6, Location: 中国, ISP: 中国电信, Date: None, Delay: -1 ms, Speed: 0.00 M/s, Resolution: None
Name: 河南卫视, URL: http://[2409:8087:1a15:10d1::36]/ottrrs.hl.chinamobile.com/PLTV/88888888/224/3221226480/index.m3u8, From: subscribe, IPv_Type: ipv6, Location: 中国, ISP: 中国移动, Date: None, Delay: -1 ms, Speed: 0.00 M/s, Resolution: None
Name: 河南卫视, URL: https://mursor.ottiptv.cc/mcp/henan.m3u8?sign=944ff426f5a6617fec1c7f7e09e27b5a&tm=1757443317, From: subscribe, IPv_Type: ipv6, Location: 美国-新泽西州-巴赛克, ISP: DigitalOcean, Date: None, Delay: -1 ms, Speed: 0.00 M/s, Resolution: None
Name: 河南卫视, URL: https://migu.188766.xyz/?migutoken=5f5d950dbc091c3834134ecf7d7335ba&id=%E6%B2%B3%E5%8D%97%E5%8D%AB%E8%A7%86&type=yy, From: subscribe, IPv_Type: ipv6, Location: 美国, ISP: CloudFlare Inc., Date: None, Delay: -1 ms, Speed: 0.00 M/s, Resolution: None
Name: 河南卫视, URL: http://dsj.motem.top:8880/bptv/10000100000000050000000003887270.m3u8, From: subscribe, IPv_Type: ipv6, Location: 美国, ISP: CloudFlare Inc., Date: None, Delay: -1 ms, Speed: 0.00 M/s, Resolution: None
Name: 河南卫视, URL: http://tvpull.dxhmt.cn:9081/tv/11425-1.m3u8, From: subscribe, IPv_Type: ipv6, Location: 加拿大, ISP: , Date: None, Delay: -1 ms, Speed: 0.00 M/s, Resolution: None
Name: 河南卫视, URL: http://[2409:8087:1a01:df::4077]/ottrrs.hl.chinamobile.com/PLTV/88888888/8/3221226480/index.m3u8, From: subscribe, IPv_Type: ipv6, Location: 中国, ISP: 中国移动, Date: None, Delay: -1 ms, Speed: 0.00 M/s, Resolution: None
Name: 河南卫视, URL: http://iptv.cdn.ha.chinamobile.com/PLTV/88888888/224/3221227198/index.m3u8, From: subscribe, IPv_Type: ipv6, Location: 中国, ISP: 中国移动, Date: None, Delay: -1 ms, Speed: 0.00 M/s, Resolution: None
Name: 河南卫视, URL: https://cc06.tv12.xyz/49.m3u8, From: subscribe, IPv_Type: ipv6, Location: 美国, ISP: CloudFlare Inc., Date: None, Delay: -1 ms, Speed: 0.00 M/s, Resolution: None
Name: 河南卫视, URL: https://www.freetv.top/migu/790187291.m3u8?migutoken=3fa5112cca2c2ce74028510dfbaacbc2dce25969982adc457060f0def4c56e2d5efdeb3d0e4ef181a2255dd07c1e7723b5bee70da78172e50618743c5eac8808279282803f9488156ec4d7dbac, From: subscribe, IPv_Type: ipv6, Location: 美国-新泽西州-巴赛克, ISP: DigitalOcean, Date: None, Delay: -1 ms, Speed: 0.00 M/s, Resolution: None
Name: 河南卫视, URL: https://jzb.wwkejishe.top/?id=616, From: subscribe, IPv_Type: ipv6, Location: 美国, ISP: CloudFlare Inc., Date: None, Delay: -1 ms, Speed: 0.00 M/s, Resolution: None
Name: 河南卫视, URL: http://jk55269942.myqnapcloud.com:4022/rtp/239.49.8.29:8000, From: subscribe, IPv_Type: ipv6, Location: 中国, ISP: 中国联通, Date: None, Delay: -1 ms, Speed: 0.00 M/s, Resolution: None
Name: 河南卫视, URL: http://zcb.myds.me:10001/rtp/239.49.8.29:8000, From: subscribe, IPv_Type: ipv6, Location: 中国, ISP: 中国电信, Date: None, Delay: -1 ms, Speed: 0.00 M/s, Resolution: None
Name: 河南卫视, URL: https://iptv.catvod.com/live.php?id=%E6%B2%B3%E5%8D%97%E5%8D%AB%E8%A7%86, From: subscribe, IPv_Type: ipv6, Location: 美国, ISP: CloudFlare Inc., Date: None, Delay: -1 ms, Speed: 0.00 M/s, Resolution: None
Name: 河南卫视, URL: https://live.chinacert.cftest5.cn/mg/?id=790187291, From: subscribe, IPv_Type: ipv6, Location: 中国, ISP: 中国电信, Date: None, Delay: -1 ms, Speed: 0.00 M/s, Resolution: None
Name: 河南卫视, URL: https://stream1.freetv.fun/14c0efa0b69afff8af801b538a27a783845acdb87174717d8871a5fa9de187e0.m3u8, From: subscribe, IPv_Type: ipv6, Location: 美国, ISP: CloudFlare Inc., Date: None, Delay: -1 ms, Speed: 0.00 M/s, Resolution: None
Name: 河南卫视, URL: http://tvgslb.hn.chinamobile.com:8089/180000001002/00000000000000020000000000182260/main.m3u8?stbid=, From: subscribe, IPv_Type: ipv6, Location: 中国, ISP: 中国移动, Date: None, Delay: -1 ms, Speed: 0.00 M/s, Resolution: None
Name: 河南卫视, URL: http://iptvrr.sh.chinamobile.com:6060/cms001/ch00000090990000001222/index.m3u8, From: subscribe, IPv_Type: ipv6, Location: 中国, ISP: 中国移动, Date: None, Delay: -1 ms, Speed: 0.00 M/s, Resolution: None
Name: 河南卫视, URL: http://k.061899.xyz/k.php?id=hnws, From: subscribe, IPv_Type: ipv6, Location: 新加坡, ISP: Aceville Pte.Ltd., Date: None, Delay: -1 ms, Speed: 0.00 M/s, Resolution: None
Name: 河南卫视, URL: http://ott.mobaibox.com/PLTV/3/224/3221228221/index.m3u8, From: subscribe, IPv_Type: ipv6, Location: 中国, ISP: 中国移动, Date: None, Delay: -1 ms, Speed: 0.00 M/s, Resolution: None
Name: 河南卫视, URL: http://rrs01.hw.gmcc.net:8088/PLTV/81/224/3221226687/1.m3u8, From: subscribe, IPv_Type: ipv6, Location: 中国, ISP: 中国移动, Date: None, Delay: -1 ms, Speed: 0.00 M/s, Resolution: None
Name: 河南卫视, URL: http://hwottcdn.ln.chinamobile.com/PLTV/11/224/3221227353/index.m3u8, From: subscribe, IPv_Type: ipv6, Location: 中国, ISP: 中国移动, Date: None, Delay: -1 ms, Speed: 0.00 M/s, Resolution: None
Name: 河南卫视, URL: http://hwltc.tv.cdn.zj.chinamobile.com/PLTV/88888888/224/3221236218/index.m3u8, From: subscribe, IPv_Type: ipv6, Location: 中国, ISP: 中国移动, Date: None, Delay: -1 ms, Speed: 0.00 M/s, Resolution: None
Name: 河南卫视, URL: https://t.freetv.fun/live/he-nan-wei-shi-13.php, From: subscribe, IPv_Type: ipv6, Location: 美国, ISP: CloudFlare Inc., Date: None, Delay: -1 ms, Speed: 0.00 M/s, Resolution: None
Name: 河南卫视, URL: http://tvcdn.stream3.hndt.com/tv/65c4a6d5017e1000b2b6ea2500000000_transios/playlist.m3u8?wsSecret=9ac427de8254a0c48808fc76a024fb8c&wsTime=1769903879, From: subscribe, IPv_Type: ipv6, Location: 加拿大, ISP: , Date: None, Delay: -1 ms, Speed: 0.00 M/s, Resolution: None
Name: 河南卫视, URL: http://mgsp-zy2.live.miguvideo.com:8088/wd-henanwssd-600/index.m3u8?msisdn=e55e9ee71b42d2d7008a152c069625e3&mdspid=&spid=600633&netType=0&sid=5910021585&pid=2028597139&timestamp=20260215080207&Channel_ID=0116_2600034600-99000-201600010010028&ProgramID=790187291&ParentNodeID=-99&assertID=5910021585&client_ip=218.28.233.106&SecurityKey=20260215080207&promotionId=&mvid=5900005706&mcid=500020&playurlVersion=WX-A1-9.2.1-RELEASE&userid=&jmhm=&videocodec=h264&appCode=miguvideo_android&bean=mgspad&tid=android&conFee=0&encrypt=e33b8a14de64b37684564e30179d1329&sv=10004&ct=android, From: subscribe, IPv_Type: ipv6, Location: 中国, ISP: 中国电信, Date: None, Delay: -1 ms, Speed: 0.00 M/s, Resolution: None
Name: 河南卫视, URL: http://mgsp-yx2.live.miguvideo.com:8088/wd-henanwssd-600/index.m3u8?msisdn=2be6b2ec9fcf10d2c2457e2c710e172c&mdspid=&spid=600633&netType=0&sid=5910021585&pid=2028597139&timestamp=20260227080207&Channel_ID=0116_2600034600-99000-201600010010028&ProgramID=790187291&ParentNodeID=-99&assertID=5910021585&client_ip=218.28.233.106&SecurityKey=20260227080207&promotionId=&mvid=5900005706&mcid=500020&playurlVersion=WX-A1-9.2.1-RELEASE&userid=&jmhm=&videocodec=h264&appCode=miguvideo_android&bean=mgspad&tid=android&conFee=0&encrypt=5babe34496d81876c33f8cde32e7494f&sv=10004&ct=android, From: subscribe, IPv_Type: ipv6, Location: 中国, ISP: 中国电信, Date: None, Delay: -1 ms, Speed: 0.00 M/s, Resolution: None
Name: 河南卫视, URL: https://tv1288.xyz/hntv.php, From: subscribe, IPv_Type: ipv6, Location: 美国, ISP: CloudFlare Inc., Date: None, Delay: -1 ms, Speed: 0.00 M/s, Resolution: None
Name: 河南卫视, URL: https://live.264788.xyz/channel/henanweishi?streamid=236ecef31b4ada45c617dc9c7aec3cd4&livekey=01WgOR41rriMmMkzNsd0UoaxJRwetZdxIvtVk, From: subscribe, IPv_Type: ipv4, Location: 美国, ISP: CloudFlare节点, Date: None, Delay: 811 ms, Speed: 13.78 M/s, Resolution: None
Name: 河南卫视, URL: http://101.66.198.83:9901/tsfile/live/0139_1.m3u8, From: subscribe, IPv_Type: ipv4, Location: 中国-浙江-金华, ISP: 联通, Date: None, Delay: 10333 ms, Speed: 0.01 M/s, Resolution: None
Name: 吉林卫视, URL: http://gslbmgsplive.miguvideo.com/envivo_v/2018/SD/jilin/1000/index.m3u8?msisdn=20250907150031750c38ccc3084533ab3096e9c35913b6&mdspid=&spid=600633&netType=0&sid=5910022164&pid=2028597139&timestamp=20250907150031&Channel_ID=0116_2600037000-99000-200300220100002&ProgramID=947472500&ParentNodeID=-99&assertID=5910022164&client_ip=106.13.250.89&SecurityKey=20250907150031&promotionId=&mvid=5900004357&mcid=500020&playurlVersion=WX-A1-8.8.1-RELEASE&userid=&jmhm=&videocodec=h264&bean=mgspad&tid=android&conFee=0&puData=1435a3657e979e10925718fbe49ca3a0&ddCalcu=01a4v33aa5zcaa9346e5b7fe8917795e2190&sv=10004&ct=android, From: subscribe, IPv_Type: ipv6, Location: 中国, ISP: 中国移动, Date: None, Delay: -1 ms, Speed: 0.00 M/s, Resolution: None
Name: 吉林卫视, URL: http://n1.gzbody.com:85/rtp/239.77.0.150:5146, From: subscribe, IPv_Type: ipv6, Location: 中国, ISP: 中国电信, Date: None, Delay: -1 ms, Speed: 0.00 M/s, Resolution: None
Name: 吉林卫视, URL: http://bailudz.top:1236/111/hahahaha.php, From: subscribe, IPv_Type: ipv6, Location: 中国, ISP: 中国电信, Date: None, Delay: -1 ms, Speed: 0.00 M/s, Resolution: None
Name: 吉林卫视, URL: http://[2409:8087:1a15:10d1::36]/ottrrs.hl.chinamobile.com/PLTV/88888888/224/3221226397/index.m3u8, From: subscribe, IPv_Type: ipv6, Location: 中国, ISP: 中国移动, Date: None, Delay: -1 ms, Speed: 0.00 M/s, Resolution: None
Name: 吉林卫视, URL: https://mursor.ottiptv.cc/mcp/jiling.m3u8?sign=b93e799bbf8ac138fbd4e7b88d87a4cd&tm=1757443317, From: subscribe, IPv_Type: ipv6, Location: 美国-新泽西州-巴赛克, ISP: DigitalOcean, Date: None, Delay: -1 ms, Speed: 0.00 M/s, Resolution: None
Name: 吉林卫视, URL: https://migu.188766.xyz/?migutoken=16de5ec5f5f2da7e8cef5d7d19e5de77&id=jlws&type=sz, From: subscribe, IPv_Type: ipv6, Location: 美国, ISP: CloudFlare Inc., Date: None, Delay: -1 ms, Speed: 0.00 M/s, Resolution: None
Name: 吉林卫视, URL: http://dsj.motem.top:8880/bptv/10000100000000050000000004972569.m3u8, From: subscribe, IPv_Type: ipv6, Location: 美国, ISP: CloudFlare Inc., Date: None, Delay: -1 ms, Speed: 0.00 M/s, Resolution: None
Name: 吉林卫视, URL: http://[2409:8087:8:21::18]:6610/otttv.bj.chinamobile.com/PLTV/88888888/224/3221227015/1.m3u8?GuardEncType=2&accountinfo=%7E%7EV2.0%7EW5-3AVdwD5KlUpuA4mz7Cg%7EtP4-l0lmSfjwLWEfK_el1vH_mv-s1zo4AQJwdedaVwG9xkuFTDg8J26cwOrNJzn20BErrHdLhuZ9EzLUCD3PMW-OMx4MGteHV2vLeW6BqoY%2CEND, From: subscribe, IPv_Type: ipv6, Location: 中国, ISP: 中国移动, Date: None, Delay: -1 ms, Speed: 0.00 M/s, Resolution: None
Name: 吉林卫视, URL: http://[2409:8087:1a01:df::4077]/ottrrs.hl.chinamobile.com/PLTV/88888888/8/3221226397/index.m3u8, From: subscribe, IPv_Type: ipv6, Location: 中国, ISP: 中国移动, Date: None, Delay: -1 ms, Speed: 0.00 M/s, Resolution: None
Name: 吉林卫视, URL: http://b.xiongnas.top:8888/rtp/239.3.1.240:8172, From: subscribe, IPv_Type: ipv6, Location: 中国, ISP: 中国联通, Date: None, Delay: -1 ms, Speed: 0.00 M/s, Resolution: None
Name: 吉林卫视, URL: http://iptv.cdn.ha.chinamobile.com/PLTV/88888888/224/3221227240/index.m3u8, From: subscribe, IPv_Type: ipv6, Location: 中国, ISP: 中国移动, Date: None, Delay: -1 ms, Speed: 0.00 M/s, Resolution: None
Name: 吉林卫视, URL: http://cc02.tv12.xyz/5.m3u8, From: subscribe, IPv_Type: ipv6, Location: 美国, ISP: CloudFlare Inc., Date: None, Delay: -1 ms, Speed: 0.00 M/s, Resolution: None
Name: 吉林卫视, URL: https://cc06.tv12.xyz/60.m3u8, From: subscribe, IPv_Type: ipv6, Location: 美国, ISP: CloudFlare Inc., Date: None, Delay: -1 ms, Speed: 0.00 M/s, Resolution: None
Name: 吉林卫视, URL: https://www.freetv.top/migu/947472500.m3u8?migutoken=18d6d17bc9f6d0621b56e251449da66bb58876d41330b568d80f5262c9496615d17187c2eb3404fcf6c7110bd098cb97ef096ba5ee0db8bc36853d5e90104624843156a3bbce9cd841e94e3b54, From: subscribe, IPv_Type: ipv6, Location: 美国-新泽西州-巴赛克, ISP: DigitalOcean, Date: None, Delay: -1 ms, Speed: 0.00 M/s, Resolution: None
Name: 吉林卫视, URL: https://jzb.wwkejishe.top/?id=601, From: subscribe, IPv_Type: ipv6, Location: 美国, ISP: CloudFlare Inc., Date: None, Delay: -1 ms, Speed: 0.00 M/s, Resolution: None
Name: 吉林卫视, URL: http://jk55269942.myqnapcloud.com:4022/rtp/239.49.8.113:8000, From: subscribe, IPv_Type: ipv6, Location: 中国, ISP: 中国联通, Date: None, Delay: -1 ms, Speed: 0.00 M/s, Resolution: None
Name: 吉林卫视, URL: http://zcb.myds.me:10001/rtp/239.49.8.113:8000, From: subscribe, IPv_Type: ipv6, Location: 中国, ISP: 中国电信, Date: None, Delay: -1 ms, Speed: 0.00 M/s, Resolution: None
Name: 吉林卫视, URL: https://shyd.695847.xyz/cms001/ch00000090990000001225/index.m3u8?IASHttpSessionId=RR4967720251014100028031761&ispcode=12, From: subscribe, IPv_Type: ipv6, Location: 美国, ISP: CloudFlare Inc., Date: None, Delay: -1 ms, Speed: 0.00 M/s, Resolution: None
Name: 吉林卫视, URL: https://iptv.catvod.com/live.php?id=%E5%90%89%E6%9E%97%E5%8D%AB%E8%A7%86, From: subscribe, IPv_Type: ipv6, Location: 美国, ISP: CloudFlare Inc., Date: None, Delay: -1 ms, Speed: 0.00 M/s, Resolution: None
Name: 吉林卫视, URL: https://live.chinacert.cftest5.cn/mg/?id=947472500, From: subscribe, IPv_Type: ipv6, Location: 中国, ISP: 中国电信, Date: None, Delay: -1 ms, Speed: 0.00 M/s, Resolution: None
Name: 吉林卫视, URL: https://stream1.freetv.fun/c8a8b8a24ab802c58f26f0520dc40cf341fbd5811ce1ae9327f2c63e26e8fc28.m3u8, From: subscribe, IPv_Type: ipv6, Location: 美国, ISP: CloudFlare Inc., Date: None, Delay: -1 ms, Speed: 0.00 M/s, Resolution: None
Name: 吉林卫视, URL: http://ott.mobaibox.com/PLTV/3/224/3221228130/index.m3u8, From: subscribe, IPv_Type: ipv6, Location: 中国, ISP: 中国移动, Date: None, Delay: -1 ms, Speed: 0.00 M/s, Resolution: None
Name: 吉林卫视, URL: http://rrs01.hw.gmcc.net:8088/PLTV/81/224/3221226671/1.m3u8, From: subscribe, IPv_Type: ipv6, Location: 中国, ISP: 中国移动, Date: None, Delay: -1 ms, Speed: 0.00 M/s, Resolution: None
Name: 吉林卫视, URL: http://k.061899.xyz/k.php?id=jlws, From: subscribe, IPv_Type: ipv6, Location: 新加坡, ISP: Aceville Pte.Ltd., Date: None, Delay: -1 ms, Speed: 0.00 M/s, Resolution: None
Name: 吉林卫视, URL: http://tvgslb.hn.chinamobile.com:8089/180000001002/00000001000000000057000000208223/main.m3u8?stbid=, From: subscribe, IPv_Type: ipv6, Location: 中国, ISP: 中国移动, Date: None, Delay: -1 ms, Speed: 0.00 M/s, Resolution: None
Name: 吉林卫视, URL: http://iptvrr.sh.chinamobile.com:6060/cms001/ch00000090990000001225/index.m3u8, From: subscribe, IPv_Type: ipv6, Location: 中国, ISP: 中国移动, Date: None, Delay: -1 ms, Speed: 0.00 M/s, Resolution: None
Name: 吉林卫视, URL: http://hwltc.tv.cdn.zj.chinamobile.com/PLTV/88888888/224/3221236268/index.m3u8, From: subscribe, IPv_Type: ipv6, Location: 中国, ISP: 中国移动, Date: None, Delay: -1 ms, Speed: 0.00 M/s, Resolution: None
Name: 吉林卫视, URL: http://hwottcdn.ln.chinamobile.com/PLTV/11/224/3221226159/index.m3u8, From: subscribe, IPv_Type: ipv6, Location: 中国, ISP: 中国移动, Date: None, Delay: -1 ms, Speed: 0.00 M/s, Resolution: None
Name: 吉林卫视, URL: https://hlsbkmgsplive.miguvideo.com/envivo_v/2018/SD/jilin/1000/01.m3u8?&HlsSubType=&encrypt=, From: subscribe, IPv_Type: ipv6, Location: 中国, ISP: 中国移动, Date: None, Delay: -1 ms, Speed: 0.00 M/s, Resolution: None
Name: 吉林卫视, URL: http://mgsp-ws2.live.miguvideo.com:8088/envivo_v/2018/SD/jilin/1000/index.m3u8?msisdn=e55e9ee71b42d2d7008a152c069625e3&mdspid=&spid=600633&netType=0&sid=5910022164&pid=2028597139&timestamp=20260215080208&Channel_ID=0116_2600034600-99000-201600010010028&ProgramID=947472500&ParentNodeID=-99&assertID=5910022164&client_ip=218.28.233.106&SecurityKey=20260215080208&promotionId=&mvid=5900004357&mcid=500020&playurlVersion=WX-A1-9.2.1-RELEASE&userid=&jmhm=&videocodec=h264&appCode=miguvideo_android&bean=mgspad&tid=android&conFee=0&encrypt=b15791a3ee2d4d875c4ec5064d1aedce&sv=10004&ct=android, From: subscribe, IPv_Type: ipv6, Location: 加拿大, ISP: , Date: None, Delay: -1 ms, Speed: 0.00 M/s, Resolution: None
Name: 吉林卫视, URL: http://mgsp-zy2.live.miguvideo.com:8088/envivo_v/2018/SD/jilin/1000/index.m3u8?msisdn=e55e9ee71b42d2d7008a152c069625e3&mdspid=&spid=600633&netType=0&sid=5910022164&pid=2028597139&timestamp=20260216080225&Channel_ID=0116_2600034600-99000-201600010010028&ProgramID=947472500&ParentNodeID=-99&assertID=5910022164&client_ip=218.28.233.106&SecurityKey=20260216080225&promotionId=&mvid=5900004357&mcid=500020&playurlVersion=WX-A1-9.2.1-RELEASE&userid=&jmhm=&videocodec=h264&appCode=miguvideo_android&bean=mgspad&tid=android&conFee=0&encrypt=82c993755410e6c73904e95a614fc9d4&sv=10004&ct=android, From: subscribe, IPv_Type: ipv6, Location: 中国, ISP: 中国电信, Date: None, Delay: -1 ms, Speed: 0.00 M/s, Resolution: None
Name: 吉林卫视, URL: http://mgsp-yx2.live.miguvideo.com:8088/envivo_v/2018/SD/jilin/1000/index.m3u8?msisdn=2be6b2ec9fcf10d2c2457e2c710e172c&mdspid=&spid=600633&netType=0&sid=5910022164&pid=2028597139&timestamp=20260226080225&Channel_ID=0116_2600034600-99000-201600010010028&ProgramID=947472500&ParentNodeID=-99&assertID=5910022164&client_ip=218.28.233.106&SecurityKey=20260226080225&promotionId=&mvid=5900004357&mcid=500020&playurlVersion=WX-A1-9.2.1-RELEASE&userid=&jmhm=&videocodec=h264&appCode=miguvideo_android&bean=mgspad&tid=android&conFee=0&encrypt=2c9a2209816d1bce023d2042c76310cc&sv=10004&ct=android, From: subscribe, IPv_Type: ipv6, Location: 中国, ISP: 中国电信, Date: None, Delay: -1 ms, Speed: 0.00 M/s, Resolution: None
Name: 吉林卫视, URL: https://gd202.tv1288.xyz/tsfile/live/1020_1.m3u8, From: subscribe, IPv_Type: ipv6, Location: 美国, ISP: CloudFlare Inc., Date: None, Delay: -1 ms, Speed: 0.00 M/s, Resolution: None
Name: 吉林卫视, URL: http://207.56.13.146:81/cdnlive/jlws.m3u8, From: subscribe, IPv_Type: ipv4, Location: 美国-科罗拉多州, ISP: NTT(美国)通信公司, Date: None, Delay: 654 ms, Speed: 6.04 M/s, Resolution: 1920x1080
Name: 吉林卫视, URL: https://live.264788.xyz/channel/jilinweishi?streamid=3a5e52dadf63aa29839e641b0a25a563&livekey=01WgOR41rriMmMkzNsd0UoaxJRwetZdxIvtVk, From: subscribe, IPv_Type: ipv4, Location: 美国, ISP: CloudFlare节点, Date: None, Delay: 299 ms, Speed: 0.00 M/s, Resolution: 720x576
Name: 江西卫视, URL: http://gslbmgsplive.miguvideo.com/migu/kailu/jxwshd/50/20190820/index.m3u8?msisdn=202509071500317d1e8e6bda8246b5af9adb1a798c31fb&mdspid=&spid=600633&netType=0&sid=5910021492&pid=2028597139&timestamp=20250907150031&Channel_ID=0116_2600037000-99000-200300220100002&ProgramID=783847495&ParentNodeID=-99&assertID=5910021492&client_ip=106.13.250.89&SecurityKey=20250907150031&promotionId=&mvid=5900004351&mcid=500020&playurlVersion=WX-A1-8.8.1-RELEASE&userid=&jmhm=&videocodec=h264&bean=mgspad&tid=android&conFee=0&puData=692656d2a35c977c40bdd7f6658e7cf7&ddCalcu=76f9vc2a76ye5a865d626af375dcd9b7074c&sv=10004&ct=android, From: subscribe, IPv_Type: ipv6, Location: 中国, ISP: 中国移动, Date: None, Delay: -1 ms, Speed: 0.00 M/s, Resolution: None
Name: 江西卫视, URL: http://n1.gzbody.com:85/rtp/239.77.0.149:5146, From: subscribe, IPv_Type: ipv6, Location: 中国, ISP: 中国电信, Date: None, Delay: -1 ms, Speed: 0.00 M/s, Resolution: None
Name: 江西卫视, URL: http://bailudz.top:1236/111/hahahaha.php, From: subscribe, IPv_Type: ipv6, Location: 中国, ISP: 中国电信, Date: None, Delay: -1 ms, Speed: 0.00 M/s, Resolution: None
Name: 江西卫视, URL: http://php.jdshipin.com:8880/jxtv2.php, From: subscribe, IPv_Type: ipv6, Location: 美国, ISP: CloudFlare Inc., Date: None, Delay: -1 ms, Speed: 0.00 M/s, Resolution: None
Name: 江西卫视, URL: http://[2409:8087:1a15:10d1::34]/ottrrs.hl.chinamobile.com/PLTV/88888888/224/3221226344/index.m3u8, From: subscribe, IPv_Type: ipv6, Location: 中国, ISP: 中国移动, Date: None, Delay: -1 ms, Speed: 0.00 M/s, Resolution: None
Name: 江西卫视, URL: https://mursor.ottiptv.cc/mcp/jiangxi.m3u8?sign=512a858b9ebdc43fd578bd5e3c195534&tm=1757443317, From: subscribe, IPv_Type: ipv6, Location: 美国-新泽西州-巴赛克, ISP: DigitalOcean, Date: None, Delay: -1 ms, Speed: 0.00 M/s, Resolution: None
Name: 江西卫视, URL: https://migu.188766.xyz/?migutoken=a62e3080ebd740e864fbc9e49162ec71&id=%E6%B1%9F%E8%A5%BF%E5%8D%AB%E8%A7%86&type=yy, From: subscribe, IPv_Type: ipv6, Location: 美国, ISP: CloudFlare Inc., Date: None, Delay: -1 ms, Speed: 0.00 M/s, Resolution: None
Name: 江西卫视, URL: http://dsj.motem.top:8880/bptv/10000100000000050000000004796511.m3u8, From: subscribe, IPv_Type: ipv6, Location: 美国, ISP: CloudFlare Inc., Date: None, Delay: -1 ms, Speed: 0.00 M/s, Resolution: None
Name: 江西卫视, URL: http://iptv.huuc.edu.cn/hls/jxhd.m3u8, From: subscribe, IPv_Type: ipv6, Location: 中国, ISP: 教育网, Date: None, Delay: -1 ms, Speed: 0.00 M/s, Resolution: None
Name: 江西卫视, URL: http://[2409:8087:8:21::18]:6610/otttv.bj.chinamobile.com/PLTV/88888888/224/3221226956/1.m3u8?GuardEncType=2&accountinfo=%7E%7EV2.0%7Ei6ZIpVizXlewg-YfGvH8dA%7EtP4-l0lmSfjwLWEfK_el1vH_mv-s1zo4AQJwdedaVwG9xkuFTDg8J26cwOrNJzn20BErrHdLhuZ9EzLUCD3PMW-OMx4MGteHV2vLeW6BqoY%2CEND, From: subscribe, IPv_Type: ipv6, Location: 中国, ISP: 中国移动, Date: None, Delay: -1 ms, Speed: 0.00 M/s, Resolution: None
Name: 江西卫视, URL: http://[2409:8087:1a01:df::4077]/ottrrs.hl.chinamobile.com/PLTV/88888888/8/3221226504/index.m3u8, From: subscribe, IPv_Type: ipv6, Location: 中国, ISP: 中国移动, Date: None, Delay: -1 ms, Speed: 0.00 M/s, Resolution: None
Name: 江西卫视, URL: http://[2409:8087:1a01:df::4027]:80/TVOD/88888888/224/3221225935/main.m3u8, From: subscribe, IPv_Type: ipv6, Location: 中国, ISP: 中国移动, Date: None, Delay: -1 ms, Speed: 0.00 M/s, Resolution: None
Name: 江西卫视, URL: https://www.freetv.top/migu/783847495.m3u8?migutoken=fddcc05dc0245329d3208607a5b1f5a1980bc31a7ced510e345af6cc68f5b86d2d9178b45706a0b6a0ceddc82ce06e53375cfedbc96fd0b00c12195c7d77b6f23811a67970bcfeb47629aa5aa6, From: subscribe, IPv_Type: ipv6, Location: 美国, ISP: Oracle Corporation, Date: None, Delay: -1 ms, Speed: 0.00 M/s, Resolution: None
Name: 江西卫视, URL: http://b.xiongnas.top:8888/rtp/239.3.1.123:8164, From: subscribe, IPv_Type: ipv6, Location: 中国, ISP: 中国联通, Date: None, Delay: -1 ms, Speed: 0.00 M/s, Resolution: None
Name: 江西卫视, URL: http://iptv.cdn.ha.chinamobile.com/PLTV/88888888/224/3221227226/index.m3u8, From: subscribe, IPv_Type: ipv6, Location: 中国, ISP: 中国移动, Date: None, Delay: -1 ms, Speed: 0.00 M/s, Resolution: None
Name: 江西卫视, URL: https://cc06.tv12.xyz/62.m3u8, From: subscribe, IPv_Type: ipv6, Location: 美国, ISP: CloudFlare Inc., Date: None, Delay: -1 ms, Speed: 0.00 M/s, Resolution: None
Name: 江西卫视, URL: https://jzb.wwkejishe.top/?id=602, From: subscribe, IPv_Type: ipv6, Location: 美国, ISP: CloudFlare Inc., Date: None, Delay: -1 ms, Speed: 0.00 M/s, Resolution: None
Name: 江西卫视, URL: http://jk55269942.myqnapcloud.com:4022/rtp/239.49.8.111:8000, From: subscribe, IPv_Type: ipv6, Location: 中国, ISP: 中国联通, Date: None, Delay: -1 ms, Speed: 0.00 M/s, Resolution: None
Name: 江西卫视, URL: http://zcb.myds.me:10001/rtp/239.49.8.111:8000, From: subscribe, IPv_Type: ipv6, Location: 中国, ISP: 中国电信, Date: None, Delay: -1 ms, Speed: 0.00 M/s, Resolution: None
Name: 江西卫视, URL: https://shyd.695847.xyz/cms001/ch00000090990000001034/index.m3u8?IASHttpSessionId=RR4967720251014100028031761&ispcode=12, From: subscribe, IPv_Type: ipv6, Location: 美国, ISP: CloudFlare Inc., Date: None, Delay: -1 ms, Speed: 0.00 M/s, Resolution: None
Name: 江西卫视, URL: https://iptv.catvod.com/live.php?id=%E6%B1%9F%E8%A5%BF%E5%8D%AB%E8%A7%86, From: subscribe, IPv_Type: ipv6, Location: 美国, ISP: CloudFlare Inc., Date: None, Delay: -1 ms, Speed: 0.00 M/s, Resolution: None
Name: 江西卫视, URL: https://live.chinacert.cftest5.cn/mg/?id=783847495, From: subscribe, IPv_Type: ipv6, Location: 中国, ISP: 中国电信, Date: None, Delay: -1 ms, Speed: 0.00 M/s, Resolution: None
Name: 江西卫视, URL: http://tvgslb.hn.chinamobile.com:8089/180000001002/00000000000000020000000000182287/main.m3u8?stbid=, From: subscribe, IPv_Type: ipv6, Location: 中国, ISP: 中国移动, Date: None, Delay: -1 ms, Speed: 0.00 M/s, Resolution: None
Name: 江西卫视, URL: http://iptvrr.sh.chinamobile.com:6060/cms001/ch00000090990000001034/index.m3u8, From: subscribe, IPv_Type: ipv6, Location: 中国, ISP: 中国移动, Date: None, Delay: -1 ms, Speed: 0.00 M/s, Resolution: None
Name: 江西卫视, URL: http://hwottcdn.ln.chinamobile.com/PLTV/11/224/3221227475/index.m3u8, From: subscribe, IPv_Type: ipv6, Location: 中国, ISP: 中国移动, Date: None, Delay: -1 ms, Speed: 0.00 M/s, Resolution: None
Name: 江西卫视, URL: http://hwltc.tv.cdn.zj.chinamobile.com/PLTV/88888888/224/3221236212/index.m3u8, From: subscribe, IPv_Type: ipv6, Location: 中国, ISP: 中国移动, Date: None, Delay: -1 ms, Speed: 0.00 M/s, Resolution: None
Name: 江西卫视, URL: http://rrs01.hw.gmcc.net:8088/PLTV/81/224/3221226726/1.m3u8, From: subscribe, IPv_Type: ipv6, Location: 中国, ISP: 中国移动, Date: None, Delay: -1 ms, Speed: 0.00 M/s, Resolution: None
Name: 江西卫视, URL: http://ott.mobaibox.com/PLTV/3/224/3221228109/index.m3u8, From: subscribe, IPv_Type: ipv6, Location: 中国, ISP: 中国移动, Date: None, Delay: -1 ms, Speed: 0.00 M/s, Resolution: None
Name: 江西卫视, URL: http://k.061899.xyz/k.php?id=jxws, From: subscribe, IPv_Type: ipv6, Location: 新加坡, ISP: Aceville Pte.Ltd., Date: None, Delay: -1 ms, Speed: 0.00 M/s, Resolution: None
Name: 江西卫视, URL: http://mgsp-hs2.live.miguvideo.com:8088/migu/kailu/jxwshd/51/20190820/index.m3u8?msisdn=e55e9ee71b42d2d7008a152c069625e3&mdspid=&spid=600633&netType=0&sid=5910021492&pid=2028597139&timestamp=20260216060218&Channel_ID=0116_2600034600-99000-201600010010028&ProgramID=783847495&ParentNodeID=-99&assertID=5910021492&client_ip=218.28.233.106&SecurityKey=20260216060218&promotionId=&mvid=5900004351&mcid=500020&playurlVersion=WX-A1-9.2.1-RELEASE&userid=&jmhm=&videocodec=h264&appCode=miguvideo_android&bean=mgspad&tid=android&conFee=0&encrypt=f2b26762faff1448de2344dd633976a6&sv=10004&ct=android, From: subscribe, IPv_Type: ipv6, Location: 中国, ISP: 中国移动, Date: None, Delay: -1 ms, Speed: 0.00 M/s, Resolution: None
Name: 江西卫视, URL: http://mgsp-zy2.live.miguvideo.com:8088/migu/kailu/jxwshd/51/20190820/index.m3u8?msisdn=e55e9ee71b42d2d7008a152c069625e3&mdspid=&spid=600633&netType=0&sid=5910021492&pid=2028597139&timestamp=20260217084018&Channel_ID=0116_2600034600-99000-201600010010028&ProgramID=783847495&ParentNodeID=-99&assertID=5910021492&client_ip=218.28.233.106&SecurityKey=20260217084018&promotionId=&mvid=5900004351&mcid=500020&playurlVersion=WX-A1-9.2.1-RELEASE&userid=&jmhm=&videocodec=h264&appCode=miguvideo_android&bean=mgspad&tid=android&conFee=0&encrypt=10b8eff1c27c506b2d458869af3ea5d4&sv=10004&ct=android, From: subscribe, IPv_Type: ipv6, Location: 中国, ISP: 中国电信, Date: None, Delay: -1 ms, Speed: 0.00 M/s, Resolution: None
Name: 江西卫视, URL: http://mgsp-yx2.live.miguvideo.com:8088/migu/kailu/jxwshd/51/20190820/index.m3u8?msisdn=2be6b2ec9fcf10d2c2457e2c710e172c&mdspid=&spid=600633&netType=0&sid=5910021492&pid=2028597139&timestamp=20260228060219&Channel_ID=0116_2600034600-99000-201600010010028&ProgramID=783847495&ParentNodeID=-99&assertID=5910021492&client_ip=218.28.233.106&SecurityKey=20260228060219&promotionId=&mvid=5900004351&mcid=500020&playurlVersion=WX-A1-9.2.1-RELEASE&userid=&jmhm=&videocodec=h264&appCode=miguvideo_android&bean=mgspad&tid=android&conFee=0&encrypt=4a3f96e1b51b0a89c2b3f08af8a04595&sv=10004&ct=android, From: subscribe, IPv_Type: ipv6, Location: 中国, ISP: 中国电信, Date: None, Delay: -1 ms, Speed: 0.00 M/s, Resolution: None
Name: 江西卫视, URL: http://mgsp-ws2.live.miguvideo.com:8088/migu/kailu/jxwshd/51/20190820/index.m3u8?msisdn=2be6b2ec9fcf10d2c2457e2c710e172c&mdspid=&spid=600633&netType=0&sid=5910021492&pid=2028597139&timestamp=20260303060204&Channel_ID=0116_2600034600-99000-201600010010028&ProgramID=783847495&ParentNodeID=-99&assertID=5910021492&client_ip=218.28.233.106&SecurityKey=20260303060204&promotionId=&mvid=5900004351&mcid=500020&playurlVersion=WX-A1-9.2.2-RELEASE&userid=&jmhm=&videocodec=h264&appCode=miguvideo_android&bean=mgspad&tid=android&conFee=0&encrypt=e762ceac913ba428ba4b5a5cccad2191&sv=10004&ct=android, From: subscribe, IPv_Type: ipv6, Location: 加拿大, ISP: , Date: None, Delay: -1 ms, Speed: 0.00 M/s, Resolution: None
Name: 江西卫视, URL: https://t.freetv.fun/live/jiang-xi-wei-shi-8.php, From: subscribe, IPv_Type: ipv6, Location: 美国, ISP: CloudFlare Inc., Date: None, Delay: -1 ms, Speed: 0.00 M/s, Resolution: None
Name: 江西卫视, URL: https://live.264788.xyz/channel/jiangxiweishi?streamid=4a6eec625aac2ea37719b063f81d43b8&livekey=01WgOR41rriMmMkzNsd0UoaxJRwetZdxIvtVk, From: subscribe, IPv_Type: ipv4, Location: 美国, ISP: CloudFlare节点, Date: None, Delay: 117 ms, Speed: 123.08 M/s, Resolution: 1920x1080
Name: 江西卫视, URL: http://192.151.150.154/live/jxwshd.m3u8, From: subscribe, IPv_Type: ipv4, Location: 美国-密苏里州-杰克逊县, ISP: Datashack公司, Date: None, Delay: 3277 ms, Speed: 1.47 M/s, Resolution: 1920x1080
Name: 辽宁卫视, URL: http://n1.gzbody.com:85/rtp/239.77.0.123:5146, From: subscribe, IPv_Type: ipv6, Location: 中国, ISP: 中国电信, Date: None, Delay: -1 ms, Speed: 0.00 M/s, Resolution: None
Name: 辽宁卫视, URL: http://bailudz.top:1236/111/hahahaha.php, From: subscribe, IPv_Type: ipv6, Location: 中国, ISP: 中国电信, Date: None, Delay: -1 ms, Speed: 0.00 M/s, Resolution: None
Name: 辽宁卫视, URL: http://[2409:8087:1a15:10d1::37]/ottrrs.hl.chinamobile.com/PLTV/88888888/224/3221226546/index.m3u8, From: subscribe, IPv_Type: ipv6, Location: 中国, ISP: 中国移动, Date: None, Delay: -1 ms, Speed: 0.00 M/s, Resolution: None
Name: 辽宁卫视, URL: https://mursor.ottiptv.cc/mcp/liaoning.m3u8?sign=0557bb5da48e1ff12a495001d99f680a&tm=1757443317, From: subscribe, IPv_Type: ipv6, Location: 美国-新泽西州-巴赛克, ISP: DigitalOcean, Date: None, Delay: -1 ms, Speed: 0.00 M/s, Resolution: None
Name: 辽宁卫视, URL: https://migu.188766.xyz/?migutoken=6319f09852272c2349c552350caae979&id=lnws&type=sz, From: subscribe, IPv_Type: ipv6, Location: 美国, ISP: CloudFlare Inc., Date: None, Delay: -1 ms, Speed: 0.00 M/s, Resolution: None
Name: 辽宁卫视, URL: http://iptv.huuc.edu.cn/hls/lnhd.m3u8, From: subscribe, IPv_Type: ipv6, Location: 中国, ISP: 教育网, Date: None, Delay: -1 ms, Speed: 0.00 M/s, Resolution: None
Name: 辽宁卫视, URL: http://[2409:8087:8:21::18]:6610/otttv.bj.chinamobile.com/PLTV/88888888/224/3221226966/1.m3u8?GuardEncType=2&accountinfo=%7E%7EV2.0%7E6qJH8Fd-zgCGx3P-Ce86cA%7EtP4-l0lmSfjwLWEfK_el1vH_mv-s1zo4AQJwdedaVwG9xkuFTDg8J26cwOrNJzn20BErrHdLhuZ9EzLUCD3PMW-OMx4MGteHV2vLeW6BqoY%2CEND, From: subscribe, IPv_Type: ipv6, Location: 中国, ISP: 中国移动, Date: None, Delay: -1 ms, Speed: 0.00 M/s, Resolution: None
Name: 辽宁卫视, URL: http://[2409:8087:1a01:df::4077]/ottrrs.hl.chinamobile.com/PLTV/88888888/8/3221226254/index.m3u8, From: subscribe, IPv_Type: ipv6, Location: 中国, ISP: 中国移动, Date: None, Delay: -1 ms, Speed: 0.00 M/s, Resolution: None
Name: 辽宁卫视, URL: http://dsj.motem.top:8880/bptv/10000100000000050000000003873468.m3u8, From: subscribe, IPv_Type: ipv6, Location: 美国, ISP: CloudFlare Inc., Date: None, Delay: -1 ms, Speed: 0.00 M/s, Resolution: None
Name: 辽宁卫视, URL: http://b.xiongnas.top:8888/rtp/239.3.1.210:8056, From: subscribe, IPv_Type: ipv6, Location: 中国, ISP: 中国联通, Date: None, Delay: -1 ms, Speed: 0.00 M/s, Resolution: None
Name: 辽宁卫视, URL: http://gslbmgsplive.miguvideo.com/wd_r2/2018/ocn/liaoningwshd/2000/index.m3u8?msisdn=2025092308012024c4f58493f2464c83f44404e9d67415&mdspid=&spid=600572&netType=0&sid=5910022198&pid=2028597139&timestamp=20250923080120&Channel_ID=0116_2600000900-99000-201600010010027&ProgramID=630291707&ParentNodeID=-99&assertID=5910022198&client_ip=106.13.250.83&SecurityKey=20250923080120&promotionId=&mvid=5101043014&mcid=500020&playurlVersion=WX-A1-8.9.1-RELEASE&userid=&jmhm=&videocodec=h264&bean=mgspad&tid=android&conFee=0&puData=c858accec222a1f7e25735f3ea164172&ddCalcu=2c78e1524806a01cacee3cf252327a512fe7, From: subscribe, IPv_Type: ipv6, Location: 中国, ISP: 中国移动, Date: None, Delay: -1 ms, Speed: 0.00 M/s, Resolution: None
Name: 辽宁卫视, URL: https://cc06.tv12.xyz/70.m3u8, From: subscribe, IPv_Type: ipv6, Location: 美国, ISP: CloudFlare Inc., Date: None, Delay: -1 ms, Speed: 0.00 M/s, Resolution: None
Name: 辽宁卫视, URL: http://jk55269942.myqnapcloud.com:4022/rtp/239.49.8.48:8000, From: subscribe, IPv_Type: ipv6, Location: 中国, ISP: 中国联通, Date: None, Delay: -1 ms, Speed: 0.00 M/s, Resolution: None
Name: 辽宁卫视, URL: http://zcb.myds.me:10001/rtp/239.49.8.48:8000, From: subscribe, IPv_Type: ipv6, Location: 中国, ISP: 中国电信, Date: None, Delay: -1 ms, Speed: 0.00 M/s, Resolution: None
Name: 辽宁卫视, URL: https://iptv.catvod.com/live.php?id=%E8%BE%BD%E5%AE%81%E5%8D%AB%E8%A7%86, From: subscribe, IPv_Type: ipv6, Location: 美国, ISP: CloudFlare Inc., Date: None, Delay: -1 ms, Speed: 0.00 M/s, Resolution: None
Name: 辽宁卫视, URL: https://shyd.695847.xyz/cms001/ch00000090990000001035/index.m3u8?IASHttpSessionId=RR4967720251014100028031761&ispcode=12, From: subscribe, IPv_Type: ipv6, Location: 美国, ISP: CloudFlare Inc., Date: None, Delay: -1 ms, Speed: 0.00 M/s, Resolution: None
Name: 辽宁卫视, URL: https://live.chinacert.cftest5.cn/mg/?id=630291707, From: subscribe, IPv_Type: ipv6, Location: 中国, ISP: 中国电信, Date: None, Delay: -1 ms, Speed: 0.00 M/s, Resolution: None
Name: 辽宁卫视, URL: https://stream1.freetv.fun/4fa75925fb00aa051c6819346628eb0cd8bafd14f8231c9166b8a5209111db07.m3u8, From: subscribe, IPv_Type: ipv6, Location: 美国, ISP: CloudFlare Inc., Date: None, Delay: -1 ms, Speed: 0.00 M/s, Resolution: None
Name: 辽宁卫视, URL: https://www.goodiptv.club/douyu/9403738, From: subscribe, IPv_Type: ipv6, Location: 美国, ISP: CloudFlare Inc., Date: None, Delay: -1 ms, Speed: 0.00 M/s, Resolution: None
Name: 辽宁卫视, URL: http://rrs01.hw.gmcc.net:8088/PLTV/81/224/3221226689/1.m3u8, From: subscribe, IPv_Type: ipv6, Location: 中国, ISP: 中国移动, Date: None, Delay: -1 ms, Speed: 0.00 M/s, Resolution: None
Name: 辽宁卫视, URL: http://iptvrr.sh.chinamobile.com:6060/cms001/ch00000090990000001035/index.m3u8, From: subscribe, IPv_Type: ipv6, Location: 中国, ISP: 中国移动, Date: None, Delay: -1 ms, Speed: 0.00 M/s, Resolution: None
Name: 辽宁卫视, URL: http://tvgslb.hn.chinamobile.com:8089/180000001002/00000001000000000016000000007225/main.m3u8?stbid=, From: subscribe, IPv_Type: ipv6, Location: 中国, ISP: 中国移动, Date: None, Delay: -1 ms, Speed: 0.00 M/s, Resolution: None
Name: 辽宁卫视, URL: http://hwottcdn.ln.chinamobile.com/PLTV/11/224/3221226767/index.m3u8, From: subscribe, IPv_Type: ipv6, Location: 中国, ISP: 中国移动, Date: None, Delay: -1 ms, Speed: 0.00 M/s, Resolution: None
Name: 辽宁卫视, URL: http://hwltc.tv.cdn.zj.chinamobile.com/PLTV/88888888/224/3221236161/index.m3u8, From: subscribe, IPv_Type: ipv6, Location: 中国, ISP: 中国移动, Date: None, Delay: -1 ms, Speed: 0.00 M/s, Resolution: None
Name: 辽宁卫视, URL: http://k.061899.xyz/k.php?id=lnws, From: subscribe, IPv_Type: ipv6, Location: 新加坡, ISP: Aceville Pte.Ltd., Date: None, Delay: -1 ms, Speed: 0.00 M/s, Resolution: None
Name: 辽宁卫视, URL: http://ott.mobaibox.com/PLTV/3/224/3221227485/index.m3u8, From: subscribe, IPv_Type: ipv6, Location: 中国, ISP: 中国移动, Date: None, Delay: -1 ms, Speed: 0.00 M/s, Resolution: None
Name: 辽宁卫视, URL: https://hlsbkmgsplive.miguvideo.com/migu/kailu/lnwshd265/54/20200407/01.m3u8?&HlsSubType=&encrypt=, From: subscribe, IPv_Type: ipv6, Location: 中国, ISP: 中国移动, Date: None, Delay: -1 ms, Speed: 0.00 M/s, Resolution: None
Name: 辽宁卫视, URL: http://mgsp-yx2.live.miguvideo.com:8088/migu/kailu/lnwshd265/54/20200407/index.m3u8?msisdn=e55e9ee71b42d2d7008a152c069625e3&mdspid=&spid=600572&netType=0&sid=5910022198&pid=2028597139&timestamp=20260215080207&Channel_ID=0116_2600034600-99000-201600010010028&ProgramID=630291707&ParentNodeID=-99&assertID=5910022198&client_ip=218.28.233.106&SecurityKey=20260215080207&promotionId=&mvid=5101043014&mcid=500020&playurlVersion=WX-A1-9.2.1-RELEASE&userid=&jmhm=&videocodec=h265&appCode=miguvideo_android&bean=mgspad&tid=android&conFee=0&encrypt=9cbf54f17dab989e41757dd1a2a4b966&sv=10004&ct=android, From: subscribe, IPv_Type: ipv6, Location: 中国, ISP: 中国电信, Date: None, Delay: -1 ms, Speed: 0.00 M/s, Resolution: None
Name: 辽宁卫视, URL: https://t.freetv.fun/live/liao-zhu-wei-shi-5.m3u8, From: subscribe, IPv_Type: ipv6, Location: 美国, ISP: CloudFlare Inc., Date: None, Delay: -1 ms, Speed: 0.00 M/s, Resolution: None
Name: 辽宁卫视, URL: http://mgsp-hs2.live.miguvideo.com:8088/migu/kailu/lnwshd265/54/20200407/index.m3u8?msisdn=2be6b2ec9fcf10d2c2457e2c710e172c&mdspid=&spid=600572&netType=0&sid=5910022198&pid=2028597139&timestamp=20260228080223&Channel_ID=0116_2600034600-99000-201600010010028&ProgramID=630291707&ParentNodeID=-99&assertID=5910022198&client_ip=218.28.233.106&SecurityKey=20260228080223&promotionId=&mvid=5101043014&mcid=500020&playurlVersion=WX-A1-9.2.1-RELEASE&userid=&jmhm=&videocodec=h265&appCode=miguvideo_android&bean=mgspad&tid=android&conFee=0&encrypt=fc7e8b03fe4c0f8844355e52cd98ee74&sv=10004&ct=android, From: subscribe, IPv_Type: ipv6, Location: 中国, ISP: 中国联通, Date: None, Delay: -1 ms, Speed: 0.00 M/s, Resolution: None
Name: 内蒙古卫视, URL: http://n1.gzbody.com:85/rtp/239.77.0.70:5146, From: subscribe, IPv_Type: ipv6, Location: 中国, ISP: 中国电信, Date: None, Delay: -1 ms, Speed: 0.00 M/s, Resolution: None
Name: 内蒙古卫视, URL: http://[2409:8087:1a15:10d1::35]/ottrrs.hl.chinamobile.com/PLTV/88888888/224/3221226389/index.m3u8, From: subscribe, IPv_Type: ipv6, Location: 中国, ISP: 中国移动, Date: None, Delay: -1 ms, Speed: 0.00 M/s, Resolution: None
Name: 内蒙古卫视, URL: https://mursor.ottiptv.cc/mcp/neimenggu.m3u8?sign=8f422faa58f15a003f824e424d25e419&tm=1757443317, From: subscribe, IPv_Type: ipv6, Location: 美国-新泽西州-巴赛克, ISP: DigitalOcean, Date: None, Delay: -1 ms, Speed: 0.00 M/s, Resolution: None
Name: 内蒙古卫视, URL: http://dsj.motem.top:8880/bptv/10000100000000050000000003887427.m3u8, From: subscribe, IPv_Type: ipv6, Location: 美国, ISP: CloudFlare Inc., Date: None, Delay: -1 ms, Speed: 0.00 M/s, Resolution: None
Name: 内蒙古卫视, URL: http://[2409:8087:8:21::18]:6610/otttv.bj.chinamobile.com/PLTV/88888888/224/3221227018/1.m3u8?GuardEncType=2&accountinfo=%7E%7EV2.0%7ErN_hoRDwApMKnJqiNHvn9w%7EtP4-l0lmSfjwLWEfK_el1vH_mv-s1zo4AQJwdedaVwG9xkuFTDg8J26cwOrNJzn20BErrHdLhuZ9EzLUCD3PMW-OMx4MGteHV2vLeW6BqoY%2CEND, From: subscribe, IPv_Type: ipv6, Location: 中国, ISP: 中国移动, Date: None, Delay: -1 ms, Speed: 0.00 M/s, Resolution: None
Name: 内蒙古卫视, URL: http://ottrrs.hl.chinamobile.com/PLTV/88888888/224/3221225634/index.m3u8, From: subscribe, IPv_Type: ipv6, Location: 中国, ISP: 中国移动, Date: None, Delay: -1 ms, Speed: 0.00 M/s, Resolution: None
Name: 内蒙古卫视, URL: http://[2409:8087:1a01:df::401a]:80/wh7f454c46tw3029083262_-802204014/ottrrs.hl.chinamobile.com/PLTV/88888888/224/3221225634/index.m3u8?icpid=88888888&RTS=1713969858&from=4&hms_devid=128&prioritypopid=4&online=1713969858&vqe=3, From: subscribe, IPv_Type: ipv6, Location: 中国, ISP: 中国移动, Date: None, Delay: -1 ms, Speed: 0.00 M/s, Resolution: None
Name: 内蒙古卫视, URL: http://[2409:8087:1a01:df::4077]/ottrrs.hl.chinamobile.com/PLTV/88888888/8/3221226389/index.m3u8, From: subscribe, IPv_Type: ipv6, Location: 中国, ISP: 中国移动, Date: None, Delay: -1 ms, Speed: 0.00 M/s, Resolution: None
Name: 内蒙古卫视, URL: https://migu.188766.xyz/?migutoken=657d4dd9d33a18358a91bc071128a7da&id=nmws_hd&type=yy, From: subscribe, IPv_Type: ipv6, Location: 美国, ISP: CloudFlare Inc., Date: None, Delay: -1 ms, Speed: 0.00 M/s, Resolution: None
Name: 内蒙古卫视, URL: https://cc06.tv12.xyz/94.m3u8, From: subscribe, IPv_Type: ipv6, Location: 美国, ISP: CloudFlare Inc., Date: None, Delay: -1 ms, Speed: 0.00 M/s, Resolution: None
Name: 内蒙古卫视, URL: https://iptv.catvod.com/live.php?id=%E5%86%85%E8%92%99%E5%8F%A4%E5%8D%AB%E8%A7%86, From: subscribe, IPv_Type: ipv6, Location: 美国, ISP: CloudFlare Inc., Date: None, Delay: -1 ms, Speed: 0.00 M/s, Resolution: None
Name: 内蒙古卫视, URL: https://shyd.695847.xyz/cms001/ch00000090990000001068/index.m3u8?IASHttpSessionId=RR4967720251014100028031761&ispcode=12, From: subscribe, IPv_Type: ipv6, Location: 美国, ISP: CloudFlare Inc., Date: None, Delay: -1 ms, Speed: 0.00 M/s, Resolution: None
Name: 内蒙古卫视, URL: https://stream1.freetv.fun/325ee158a9026a625e36ada7cab8bf4606657903a9312e1c19a2af5e7a73d1b7.m3u8, From: subscribe, IPv_Type: ipv6, Location: 美国, ISP: CloudFlare Inc., Date: None, Delay: -1 ms, Speed: 0.00 M/s, Resolution: None
Name: 内蒙古卫视, URL: http://rrs01.hw.gmcc.net:8088/PLTV/81/224/3221226685/1.m3u8, From: subscribe, IPv_Type: ipv6, Location: 中国, ISP: 中国移动, Date: None, Delay: -1 ms, Speed: 0.00 M/s, Resolution: None
Name: 内蒙古卫视, URL: http://ott.mobaibox.com/PLTV/3/224/3221227557/index.m3u8, From: subscribe, IPv_Type: ipv6, Location: 中国, ISP: 中国移动, Date: None, Delay: -1 ms, Speed: 0.00 M/s, Resolution: None
Name: 内蒙古卫视, URL: http://hwltc.tv.cdn.zj.chinamobile.com/PLTV/88888888/224/3221236270/index.m3u8, From: subscribe, IPv_Type: ipv6, Location: 中国, ISP: 中国移动, Date: None, Delay: -1 ms, Speed: 0.00 M/s, Resolution: None
Name: 内蒙古卫视, URL: http://tvgslb.hn.chinamobile.com:8089/180000001002/00000000000000020000000000182272/main.m3u8?stbid=, From: subscribe, IPv_Type: ipv6, Location: 中国, ISP: 中国移动, Date: None, Delay: -1 ms, Speed: 0.00 M/s, Resolution: None
Name: 内蒙古卫视, URL: http://k.061899.xyz/k.php?id=nmgws, From: subscribe, IPv_Type: ipv6, Location: 新加坡, ISP: Aceville Pte.Ltd., Date: None, Delay: -1 ms, Speed: 0.00 M/s, Resolution: None
Name: 内蒙古卫视, URL: http://hwottcdn.ln.chinamobile.com/PLTV/11/224/3221226886/index.m3u8, From: subscribe, IPv_Type: ipv6, Location: 中国, ISP: 中国移动, Date: None, Delay: -1 ms, Speed: 0.00 M/s, Resolution: None
Name: 内蒙古卫视, URL: http://iptvrr.sh.chinamobile.com:6060/cms001/ch00000090990000001068/index.m3u8, From: subscribe, IPv_Type: ipv6, Location: 中国, ISP: 中国移动, Date: None, Delay: -1 ms, Speed: 0.00 M/s, Resolution: None
Name: 内蒙古卫视, URL: https://t.freetv.fun/live/nei-meng-gu-wei-shi.php, From: subscribe, IPv_Type: ipv6, Location: 美国, ISP: CloudFlare Inc., Date: None, Delay: -1 ms, Speed: 0.00 M/s, Resolution: None
Name: 内蒙古卫视, URL: https://live.264788.xyz/channel/neimengguweishi?streamid=50d587b08d9d6f642ec88593ebd51361&livekey=01WgOR41rriMmMkzNsd0UoaxJRwetZdxIvtVk, From: subscribe, IPv_Type: ipv4, Location: 美国, ISP: CloudFlare节点, Date: None, Delay: 715 ms, Speed: 50.49 M/s, Resolution: 1920x1080
Name: 内蒙古卫视, URL: http://192.151.150.154/live/nmgws.m3u8, From: subscribe, IPv_Type: ipv4, Location: 美国-密苏里州-杰克逊县, ISP: Datashack公司, Date: None, Delay: 1769 ms, Speed: 2.13 M/s, Resolution: 1920x1080
Name: 宁夏卫视, URL: http://n1.gzbody.com:85/rtp/239.77.0.73:5146, From: subscribe, IPv_Type: ipv6, Location: 中国, ISP: 中国电信, Date: None, Delay: -1 ms, Speed: 0.00 M/s, Resolution: None
Name: 宁夏卫视, URL: https://mursor.ottiptv.cc/mcp/ningxia.m3u8?sign=6398ef4da0f88d6762760ca479cf02bb&tm=1757443317, From: subscribe, IPv_Type: ipv6, Location: 美国-新泽西州-巴赛克, ISP: DigitalOcean, Date: None, Delay: -1 ms, Speed: 0.00 M/s, Resolution: None
Name: 宁夏卫视, URL: http://dsj.motem.top:8880/bptv/10000100000000050000000003887433.m3u8, From: subscribe, IPv_Type: ipv6, Location: 美国, ISP: CloudFlare Inc., Date: None, Delay: -1 ms, Speed: 0.00 M/s, Resolution: None
Name: 宁夏卫视, URL: http://[2409:8087:8:21::18]:6610/otttv.bj.chinamobile.com/PLTV/88888888/224/3221227003/1.m3u8?GuardEncType=2&accountinfo=%7E%7EV2.0%7ESco1zinvdUYzleEkXYhIvA%7EtP4-l0lmSfjwLWEfK_el1vH_mv-s1zo4AQJwdedaVwG9xkuFTDg8J26cwOrNJzn20BErrHdLhuZ9EzLUCD3PMW-OMx4MGteHV2vLeW6BqoY%2CEND, From: subscribe, IPv_Type: ipv6, Location: 中国, ISP: 中国移动, Date: None, Delay: -1 ms, Speed: 0.00 M/s, Resolution: None
Name: 宁夏卫视, URL: http://[2409:8087:1a01:df::4077]:80/ottrrs.hl.chinamobile.com/TVOD/88888888/8/3221226454/index.m3u8, From: subscribe, IPv_Type: ipv6, Location: 中国, ISP: 中国移动, Date: None, Delay: -1 ms, Speed: 0.00 M/s, Resolution: None
Name: 宁夏卫视, URL: https://migu.188766.xyz/?migutoken=c4dc8d5ba86b582a67f4146af2aaf463&id=nxws_hd&type=sz, From: subscribe, IPv_Type: ipv6, Location: 美国, ISP: CloudFlare Inc., Date: None, Delay: -1 ms, Speed: 0.00 M/s, Resolution: None
Name: 宁夏卫视, URL: https://cc06.tv12.xyz/96.m3u8, From: subscribe, IPv_Type: ipv6, Location: 美国, ISP: CloudFlare Inc., Date: None, Delay: -1 ms, Speed: 0.00 M/s, Resolution: None
Name: 宁夏卫视, URL: https://shyd.695847.xyz/cms001/ch00000090990000001074/index.m3u8?IASHttpSessionId=RR4967720251014100028031761&ispcode=12, From: subscribe, IPv_Type: ipv6, Location: 美国, ISP: CloudFlare Inc., Date: None, Delay: -1 ms, Speed: 0.00 M/s, Resolution: None
Name: 宁夏卫视, URL: http://gslbmgsplive.miguvideo.com/envivo_x/2018/SD/ningxia/1000/index.m3u8?msisdn=2025110808005329b7b16162884a3fa11401c884419e75&mdspid=&spid=600697&netType=0&sid=5910022262&pid=2028597139&timestamp=20251108080053&Channel_ID=0116_2600000900-99000-201600010010027&ProgramID=738910535&ParentNodeID=-99&assertID=5910022262&client_ip=106.13.250.83&SecurityKey=20251108080053&promotionId=&mvid=5900004337&mcid=500020&playurlVersion=WX-A1-8.10.1-RELEASE&userid=&jmhm=&videocodec=h264&bean=mgspad&tid=android&conFee=0&puData=571da8e976075c01cb5a379ebc5369eb&ddCalcu=b5e7e9106d83a058ceb9e7967037a55cb0c1, From: subscribe, IPv_Type: ipv6, Location: 中国, ISP: 中国移动, Date: None, Delay: -1 ms, Speed: 0.00 M/s, Resolution: None
Name: 宁夏卫视, URL: https://iptv.catvod.com/live.php?id=%E5%AE%81%E5%A4%8F%E5%8D%AB%E8%A7%86, From: subscribe, IPv_Type: ipv6, Location: 美国, ISP: CloudFlare Inc., Date: None, Delay: -1 ms, Speed: 0.00 M/s, Resolution: None
Name: 宁夏卫视, URL: https://stream1.freetv.fun/7c97987fabe18f3ac68fed41bc53ceffb58399ae248785798ba08e384728f027.m3u8, From: subscribe, IPv_Type: ipv6, Location: 美国, ISP: CloudFlare Inc., Date: None, Delay: -1 ms, Speed: 0.00 M/s, Resolution: None
Name: 宁夏卫视, URL: http://hwottcdn.ln.chinamobile.com/PLTV/11/224/3221226154/index.m3u8, From: subscribe, IPv_Type: ipv6, Location: 中国, ISP: 中国移动, Date: None, Delay: -1 ms, Speed: 0.00 M/s, Resolution: None
Name: 宁夏卫视, URL: http://rrs01.hw.gmcc.net:8088/PLTV/81/224/3221226691/1.m3u8, From: subscribe, IPv_Type: ipv6, Location: 中国, ISP: 中国移动, Date: None, Delay: -1 ms, Speed: 0.00 M/s, Resolution: None
Name: 宁夏卫视, URL: http://tvgslb.hn.chinamobile.com:8089/180000001002/00000000000000020000000000182273/main.m3u8?stbid=, From: subscribe, IPv_Type: ipv6, Location: 中国, ISP: 中国移动, Date: None, Delay: -1 ms, Speed: 0.00 M/s, Resolution: None
Name: 宁夏卫视, URL: http://iptvrr.sh.chinamobile.com:6060/cms001/ch00000090990000001074/index.m3u8, From: subscribe, IPv_Type: ipv6, Location: 中国, ISP: 中国移动, Date: None, Delay: -1 ms, Speed: 0.00 M/s, Resolution: None
Name: 宁夏卫视, URL: http://k.061899.xyz/k.php?id=nxws, From: subscribe, IPv_Type: ipv6, Location: 新加坡, ISP: Aceville Pte.Ltd., Date: None, Delay: -1 ms, Speed: 0.00 M/s, Resolution: None
Name: 宁夏卫视, URL: http://hwltc.tv.cdn.zj.chinamobile.com/PLTV/88888888/224/3221236209/index.m3u8, From: subscribe, IPv_Type: ipv6, Location: 中国, ISP: 中国移动, Date: None, Delay: -1 ms, Speed: 0.00 M/s, Resolution: None
Name: 宁夏卫视, URL: http://mgsp-yx2.live.miguvideo.com:8088/envivo_x/2018/SD/ningxia/1000/index.m3u8?msisdn=2be6b2ec9fcf10d2c2457e2c710e172c&mdspid=&spid=600697&netType=0&sid=5910022262&pid=2028597139&timestamp=20260227080208&Channel_ID=0116_2600034600-99000-201600010010028&ProgramID=738910535&ParentNodeID=-99&assertID=5910022262&client_ip=218.28.233.106&SecurityKey=20260227080208&promotionId=&mvid=5900004337&mcid=500020&playurlVersion=WX-A1-9.2.1-RELEASE&userid=&jmhm=&videocodec=h264&appCode=miguvideo_android&bean=mgspad&tid=android&conFee=0&encrypt=5eafc056b066b4ff3dbcc94081b1512f&sv=10004&ct=android, From: subscribe, IPv_Type: ipv6, Location: 中国, ISP: 中国电信, Date: None, Delay: -1 ms, Speed: 0.00 M/s, Resolution: None
Name: 宁夏卫视, URL: http://mgsp-zy2.live.miguvideo.com:8088/envivo_x/2018/SD/ningxia/1000/index.m3u8?msisdn=2be6b2ec9fcf10d2c2457e2c710e172c&mdspid=&spid=600697&netType=0&sid=5910022262&pid=2028597139&timestamp=20260302080226&Channel_ID=0116_2600034600-99000-201600010010028&ProgramID=738910535&ParentNodeID=-99&assertID=5910022262&client_ip=218.28.233.106&SecurityKey=20260302080226&promotionId=&mvid=5900004337&mcid=500020&playurlVersion=WX-A1-9.2.1-RELEASE&userid=&jmhm=&videocodec=h264&appCode=miguvideo_android&bean=mgspad&tid=android&conFee=0&encrypt=39023e4cf634420d25732c98a7b1d679&sv=10004&ct=android, From: subscribe, IPv_Type: ipv6, Location: 中国, ISP: 中国电信, Date: None, Delay: -1 ms, Speed: 0.00 M/s, Resolution: None
Name: 宁夏卫视, URL: http://mgsp-hs2.live.miguvideo.com:8088/envivo_x/2018/SD/ningxia/1000/index.m3u8?msisdn=2be6b2ec9fcf10d2c2457e2c710e172c&mdspid=&spid=600697&netType=0&sid=5910022262&pid=2028597139&timestamp=20260303080209&Channel_ID=0116_2600034600-99000-201600010010028&ProgramID=738910535&ParentNodeID=-99&assertID=5910022262&client_ip=218.28.233.106&SecurityKey=20260303080209&promotionId=&mvid=5900004337&mcid=500020&playurlVersion=WX-A1-9.2.2-RELEASE&userid=&jmhm=&videocodec=h264&appCode=miguvideo_android&bean=mgspad&tid=android&conFee=0&encrypt=0ef1efa93120ff5b1ea7d58dc3ac71a7&sv=10004&ct=android, From: subscribe, IPv_Type: ipv6, Location: 中国, ISP: 中国联通, Date: None, Delay: -1 ms, Speed: 0.00 M/s, Resolution: None
Name: 宁夏卫视, URL: https://live.264788.xyz/channel/ningxiaweishi?streamid=da9d5125bcba51087052d52acfe0952f&livekey=01WgOR41rriMmMkzNsd0UoaxJRwetZdxIvtVk, From: subscribe, IPv_Type: ipv4, Location: 美国, ISP: CloudFlare节点, Date: None, Delay: 2863 ms, Speed: 11.79 M/s, Resolution: 1920x1080
Name: 宁夏卫视, URL: http://198.204.228.26/live/nxws.m3u8, From: subscribe, IPv_Type: ipv4, Location: 美国, ISP: , Date: None, Delay: 556 ms, Speed: 6.32 M/s, Resolution: 1920x1080
Name: 青海卫视, URL: http://gslbmgsplive.miguvideo.com/envivo_w/2018/SD/qinghai/1000/index.m3u8?msisdn=20250907150031a8e5ebab6e674a6c9ec566fd40a4ef41&mdspid=&spid=600633&netType=0&sid=5910022166&pid=2028597139&timestamp=20250907150031&Channel_ID=0116_2600037000-99000-200300220100002&ProgramID=947472506&ParentNodeID=-99&assertID=5910022166&client_ip=106.13.250.89&SecurityKey=20250907150031&promotionId=&mvid=5900004353&mcid=500020&playurlVersion=WX-A1-8.8.1-RELEASE&userid=&jmhm=&videocodec=h264&bean=mgspad&tid=android&conFee=0&puData=71b2287599c73e79ffa2a6700e662f7a&ddCalcu=a771vfba22z62a68e70509796ca723aef7f9&sv=10004&ct=android, From: subscribe, IPv_Type: ipv6, Location: 中国, ISP: 中国移动, Date: None, Delay: -1 ms, Speed: 0.00 M/s, Resolution: None
Name: 青海卫视, URL: http://n1.gzbody.com:85/rtp/239.77.1.70:5146, From: subscribe, IPv_Type: ipv6, Location: 中国, ISP: 中国电信, Date: None, Delay: -1 ms, Speed: 0.00 M/s, Resolution: None
Name: 青海卫视, URL: http://bailudz.top:1236/111/hahahaha.php, From: subscribe, IPv_Type: ipv6, Location: 中国, ISP: 中国电信, Date: None, Delay: -1 ms, Speed: 0.00 M/s, Resolution: None
Name: 青海卫视, URL: http://[2409:8087:1a15:10d1::39]/ottrrs.hl.chinamobile.com/PLTV/88888888/224/3221226323/index.m3u8, From: subscribe, IPv_Type: ipv6, Location: 中国, ISP: 中国移动, Date: None, Delay: -1 ms, Speed: 0.00 M/s, Resolution: None
Name: 青海卫视, URL: https://migu.188766.xyz/?migutoken=94c00390176a93148fa689acb9bbbd6f&id=qhws&type=sz, From: subscribe, IPv_Type: ipv6, Location: 美国, ISP: CloudFlare Inc., Date: None, Delay: -1 ms, Speed: 0.00 M/s, Resolution: None
Name: 青海卫视, URL: http://dsj.motem.top:8880/bptv/10000100000000050000000003887430.m3u8, From: subscribe, IPv_Type: ipv6, Location: 美国, ISP: CloudFlare Inc., Date: None, Delay: -1 ms, Speed: 0.00 M/s, Resolution: None
Name: 青海卫视, URL: http://[2409:8087:8:21::18]:6610/otttv.bj.chinamobile.com/PLTV/88888888/224/3221227017/1.m3u8?GuardEncType=2&accountinfo=%7E%7EV2.0%7EacviHy_ucMT27Ymf2iLtZA%7EtP4-l0lmSfjwLWEfK_el1vH_mv-s1zo4AQJwdedaVwG9xkuFTDg8J26cwOrNJzn20BErrHdLhuZ9EzLUCD3PMW-OMx4MGteHV2vLeW6BqoY%2CEND, From: subscribe, IPv_Type: ipv6, Location: 中国, ISP: 中国移动, Date: None, Delay: -1 ms, Speed: 0.00 M/s, Resolution: None
Name: 青海卫视, URL: https://cc06.tv12.xyz/97.m3u8, From: subscribe, IPv_Type: ipv6, Location: 美国, ISP: CloudFlare Inc., Date: None, Delay: -1 ms, Speed: 0.00 M/s, Resolution: None
Name: 青海卫视, URL: https://jzb.wwkejishe.top/?id=605, From: subscribe, IPv_Type: ipv6, Location: 美国, ISP: CloudFlare Inc., Date: None, Delay: -1 ms, Speed: 0.00 M/s, Resolution: None
Name: 青海卫视, URL: https://iptv.catvod.com/live.php?id=%E9%9D%92%E6%B5%B7%E5%8D%AB%E8%A7%86, From: subscribe, IPv_Type: ipv6, Location: 美国, ISP: CloudFlare Inc., Date: None, Delay: -1 ms, Speed: 0.00 M/s, Resolution: None
Name: 青海卫视, URL: https://shyd.695847.xyz/cms001/ch00000090990000001450/index.m3u8?IASHttpSessionId=RR4967720251014100028031761&ispcode=12, From: subscribe, IPv_Type: ipv6, Location: 美国, ISP: CloudFlare Inc., Date: None, Delay: -1 ms, Speed: 0.00 M/s, Resolution: None
Name: 青海卫视, URL: http://lu.wqwqwq.sbs/itv/1000000002000013359.m3u8?cdn=ystenlive, From: subscribe, IPv_Type: ipv6, Location: 美国, ISP: CloudFlare Inc., Date: None, Delay: -1 ms, Speed: 0.00 M/s, Resolution: None
Name: 青海卫视, URL: https://live.chinacert.cftest5.cn/mg/?id=947472506, From: subscribe, IPv_Type: ipv6, Location: 中国, ISP: 中国电信, Date: None, Delay: -1 ms, Speed: 0.00 M/s, Resolution: None
Name: 青海卫视, URL: https://stream1.freetv.fun/d80dbd44304e92ebbad7fd55f71bf9a308c53fcc29593eae8aefbed892ab2a6b.m3u8, From: subscribe, IPv_Type: ipv6, Location: 美国, ISP: CloudFlare Inc., Date: None, Delay: -1 ms, Speed: 0.00 M/s, Resolution: None
Name: 青海卫视, URL: http://hwottcdn.ln.chinamobile.com/PLTV/11/224/3221226889/index.m3u8, From: subscribe, IPv_Type: ipv6, Location: 中国, ISP: 中国移动, Date: None, Delay: -1 ms, Speed: 0.00 M/s, Resolution: None
Name: 青海卫视, URL: http://tvgslb.hn.chinamobile.com:8089/180000001001/00000001000000000090000000215609/main.m3u8?stbid=, From: subscribe, IPv_Type: ipv6, Location: 中国, ISP: 中国移动, Date: None, Delay: -1 ms, Speed: 0.00 M/s, Resolution: None
Name: 青海卫视, URL: http://iptvrr.sh.chinamobile.com:6060/cms001/ch00000090990000001450/index.m3u8, From: subscribe, IPv_Type: ipv6, Location: 中国, ISP: 中国移动, Date: None, Delay: -1 ms, Speed: 0.00 M/s, Resolution: None
Name: 青海卫视, URL: http://k.061899.xyz/k.php?id=qhws, From: subscribe, IPv_Type: ipv6, Location: 新加坡, ISP: Aceville Pte.Ltd., Date: None, Delay: -1 ms, Speed: 0.00 M/s, Resolution: None
Name: 青海卫视, URL: http://ott.mobaibox.com/PLTV/3/224/3221227554/index.m3u8, From: subscribe, IPv_Type: ipv6, Location: 中国, ISP: 中国移动, Date: None, Delay: -1 ms, Speed: 0.00 M/s, Resolution: None
Name: 青海卫视, URL: http://hwltc.tv.cdn.zj.chinamobile.com/PLTV/88888888/224/3221236252/index.m3u8, From: subscribe, IPv_Type: ipv6, Location: 中国, ISP: 中国移动, Date: None, Delay: -1 ms, Speed: 0.00 M/s, Resolution: None
Name: 青海卫视, URL: http://rrs01.hw.gmcc.net:8088/PLTV/81/224/3221226696/1.m3u8, From: subscribe, IPv_Type: ipv6, Location: 中国, ISP: 中国移动, Date: None, Delay: -1 ms, Speed: 0.00 M/s, Resolution: None
Name: 青海卫视, URL: http://mgsp-yx2.live.miguvideo.com:8088/envivo_w/2018/SD/qinghai/1000/index.m3u8?msisdn=e55e9ee71b42d2d7008a152c069625e3&mdspid=&spid=600633&netType=0&sid=5910022166&pid=2028597139&timestamp=20260216080226&Channel_ID=0116_2600034600-99000-201600010010028&ProgramID=947472506&ParentNodeID=-99&assertID=5910022166&client_ip=218.28.233.106&SecurityKey=20260216080226&promotionId=&mvid=5900004353&mcid=500020&playurlVersion=WX-A1-9.2.1-RELEASE&userid=&jmhm=&videocodec=h264&appCode=miguvideo_android&bean=mgspad&tid=android&conFee=0&encrypt=44da0df04bc11cdf7f3a42b529044ed4&sv=10004&ct=android, From: subscribe, IPv_Type: ipv6, Location: 中国, ISP: 中国电信, Date: None, Delay: -1 ms, Speed: 0.00 M/s, Resolution: None
Name: 青海卫视, URL: http://mgsp-hs2.live.miguvideo.com:8088/envivo_w/2018/SD/qinghai/1000/index.m3u8?msisdn=e55e9ee71b42d2d7008a152c069625e3&mdspid=&spid=600633&netType=0&sid=5910022166&pid=2028597139&timestamp=20260217084019&Channel_ID=0116_2600034600-99000-201600010010028&ProgramID=947472506&ParentNodeID=-99&assertID=5910022166&client_ip=218.28.233.106&SecurityKey=20260217084019&promotionId=&mvid=5900004353&mcid=500020&playurlVersion=WX-A1-9.2.1-RELEASE&userid=&jmhm=&videocodec=h264&appCode=miguvideo_android&bean=mgspad&tid=android&conFee=0&encrypt=961ecad050995add2f7ec0ab99746dad&sv=10004&ct=android, From: subscribe, IPv_Type: ipv6, Location: 中国, ISP: 中国联通, Date: None, Delay: -1 ms, Speed: 0.00 M/s, Resolution: None
Name: 青海卫视, URL: http://mgsp-zy2.live.miguvideo.com:8088/envivo_w/2018/SD/qinghai/1000/index.m3u8?msisdn=2be6b2ec9fcf10d2c2457e2c710e172c&mdspid=&spid=600633&netType=0&sid=5910022166&pid=2028597139&timestamp=20260225080208&Channel_ID=0116_2600034600-99000-201600010010028&ProgramID=947472506&ParentNodeID=-99&assertID=5910022166&client_ip=218.28.233.106&SecurityKey=20260225080208&promotionId=&mvid=5900004353&mcid=500020&playurlVersion=WX-A1-9.2.1-RELEASE&userid=&jmhm=&videocodec=h264&appCode=miguvideo_android&bean=mgspad&tid=android&conFee=0&encrypt=3c7db17417bca13e751c4be12de396d5&sv=10004&ct=android, From: subscribe, IPv_Type: ipv6, Location: 中国, ISP: 中国电信, Date: None, Delay: -1 ms, Speed: 0.00 M/s, Resolution: None
Name: 青海卫视, URL: http://mgsp-ws2.live.miguvideo.com:8088/envivo_w/2018/SD/qinghai/1000/index.m3u8?msisdn=2be6b2ec9fcf10d2c2457e2c710e172c&mdspid=&spid=600633&netType=0&sid=5910022166&pid=2028597139&timestamp=20260303080208&Channel_ID=0116_2600034600-99000-201600010010028&ProgramID=947472506&ParentNodeID=-99&assertID=5910022166&client_ip=218.28.233.106&SecurityKey=20260303080208&promotionId=&mvid=5900004353&mcid=500020&playurlVersion=WX-A1-9.2.2-RELEASE&userid=&jmhm=&videocodec=h264&appCode=miguvideo_android&bean=mgspad&tid=android&conFee=0&encrypt=2a7d3066a9ffb63f1a4084e6c59aaefa&sv=10004&ct=android, From: subscribe, IPv_Type: ipv6, Location: 加拿大, ISP: , Date: None, Delay: -1 ms, Speed: 0.00 M/s, Resolution: None
Name: 青海卫视, URL: http://207.56.13.146:81/cdnlive/qhws.m3u8, From: subscribe, IPv_Type: ipv4, Location: 美国-科罗拉多州, ISP: NTT(美国)通信公司, Date: None, Delay: 6276 ms, Speed: 0.67 M/s, Resolution: 1920x1080
Name: 山东卫视, URL: http://n1.gzbody.com:85/rtp/239.77.1.142:5146, From: subscribe, IPv_Type: ipv6, Location: 中国, ISP: 中国电信, Date: None, Delay: -1 ms, Speed: 0.00 M/s, Resolution: None
Name: 山东卫视, URL: http://bailudz.top:1236/111/hahahaha.php, From: subscribe, IPv_Type: ipv6, Location: 中国, ISP: 中国电信, Date: None, Delay: -1 ms, Speed: 0.00 M/s, Resolution: None
Name: 山东卫视, URL: http://livealone.iqilu.com/iqilu/sdtvhjOF03kn.m3u8, From: subscribe, IPv_Type: ipv6, Location: 加拿大, ISP: , Date: None, Delay: -1 ms, Speed: 0.00 M/s, Resolution: None
Name: 山东卫视, URL: http://[2409:8087:1a15:10d1::33]/ottrrs.hl.chinamobile.com/PLTV/88888888/224/3221226456/index.m3u8, From: subscribe, IPv_Type: ipv6, Location: 中国, ISP: 中国移动, Date: None, Delay: -1 ms, Speed: 0.00 M/s, Resolution: None
Name: 山东卫视, URL: https://mursor.ottiptv.cc/mcp/shandong.m3u8?sign=6f4bdbda69d7f7c9e35e5263dae6505c&tm=1757443317, From: subscribe, IPv_Type: ipv6, Location: 美国-新泽西州-巴赛克, ISP: DigitalOcean, Date: None, Delay: -1 ms, Speed: 0.00 M/s, Resolution: None
Name: 山东卫视, URL: http://iptv.huuc.edu.cn/hls/sdhd.m3u8, From: subscribe, IPv_Type: ipv6, Location: 中国, ISP: 教育网, Date: None, Delay: -1 ms, Speed: 0.00 M/s, Resolution: None
Name: 山东卫视, URL: http://[2409:8087:8:21::18]:6610/otttv.bj.chinamobile.com/PLTV/88888888/224/3221226957/1.m3u8?GuardEncType=2&accountinfo=%7E%7EV2.0%7EjW26v5VaHGy1jQuIA-4EbA%7EtP4-l0lmSfjwLWEfK_el1vH_mv-s1zo4AQJwdedaVwG9xkuFTDg8J26cwOrNJzn20BErrHdLhuZ9EzLUCD3PMW-OMx4MGteHV2vLeW6BqoY%2CEND, From: subscribe, IPv_Type: ipv6, Location: 中国, ISP: 中国移动, Date: None, Delay: -1 ms, Speed: 0.00 M/s, Resolution: None
Name: 山东卫视, URL: http://[2409:8087:1a01:df::4077]/ottrrs.hl.chinamobile.com/PLTV/88888888/8/3221226456/index.m3u8, From: subscribe, IPv_Type: ipv6, Location: 中国, ISP: 中国移动, Date: None, Delay: -1 ms, Speed: 0.00 M/s, Resolution: None
Name: 山东卫视, URL: http://dsj.motem.top:8880/bptv/10000100000000050000000003873467.m3u8, From: subscribe, IPv_Type: ipv6, Location: 美国, ISP: CloudFlare Inc., Date: None, Delay: -1 ms, Speed: 0.00 M/s, Resolution: None
Name: 山东卫视, URL: http://b.xiongnas.top:8888/rtp/239.3.1.209:8052, From: subscribe, IPv_Type: ipv6, Location: 中国, ISP: 中国联通, Date: None, Delay: -1 ms, Speed: 0.00 M/s, Resolution: None
Name: 山东卫视, URL: http://iptv.cdn.ha.chinamobile.com/PLTV/88888888/224/3221227234/index.m3u8, From: subscribe, IPv_Type: ipv6, Location: 中国, ISP: 中国移动, Date: None, Delay: -1 ms, Speed: 0.00 M/s, Resolution: None
Name: 山东卫视, URL: https://migu.188766.xyz/?migutoken=c54d8ccf80c82ab591bf83acbd454b6d&id=sdws_hd&type=sz, From: subscribe, IPv_Type: ipv6, Location: 美国, ISP: CloudFlare Inc., Date: None, Delay: -1 ms, Speed: 0.00 M/s, Resolution: None
Name: 山东卫视, URL: https://cc06.tv12.xyz/101.m3u8, From: subscribe, IPv_Type: ipv6, Location: 美国, ISP: CloudFlare Inc., Date: None, Delay: -1 ms, Speed: 0.00 M/s, Resolution: None
Name: 山东卫视, URL: http://jk55269942.myqnapcloud.com:4022/rtp/239.49.8.7:9306, From: subscribe, IPv_Type: ipv6, Location: 中国, ISP: 中国联通, Date: None, Delay: -1 ms, Speed: 0.00 M/s, Resolution: None
Name: 山东卫视, URL: http://zcb.myds.me:10001/rtp/239.49.8.7:9306, From: subscribe, IPv_Type: ipv6, Location: 中国, ISP: 中国电信, Date: None, Delay: -1 ms, Speed: 0.00 M/s, Resolution: None
Name: 山东卫视, URL: https://shyd.695847.xyz/cms001/ch00000090990000001028/index.m3u8?IASHttpSessionId=RR4967720251014100028031761&ispcode=12, From: subscribe, IPv_Type: ipv6, Location: 美国, ISP: CloudFlare Inc., Date: None, Delay: -1 ms, Speed: 0.00 M/s, Resolution: None
Name: 山东卫视, URL: https://iptv.catvod.com/live.php?id=%E5%B1%B1%E4%B8%9C%E5%8D%AB%E8%A7%86%E5%8F%B0, From: subscribe, IPv_Type: ipv6, Location: 美国, ISP: CloudFlare Inc., Date: None, Delay: -1 ms, Speed: 0.00 M/s, Resolution: None
Name: 山东卫视, URL: http://hwottcdn.ln.chinamobile.com/PLTV/11/224/3221226739/index.m3u8, From: subscribe, IPv_Type: ipv6, Location: 中国, ISP: 中国移动, Date: None, Delay: -1 ms, Speed: 0.00 M/s, Resolution: None
Name: 山东卫视, URL: http://tvgslb.hn.chinamobile.com:8089/180000001002/00000000000000020000000000182570/main.m3u8?stbid=, From: subscribe, IPv_Type: ipv6, Location: 中国, ISP: 中国移动, Date: None, Delay: -1 ms, Speed: 0.00 M/s, Resolution: None
Name: 山东卫视, URL: http://hwltc.tv.cdn.zj.chinamobile.com/PLTV/88888888/224/3221236159/index.m3u8, From: subscribe, IPv_Type: ipv6, Location: 中国, ISP: 中国移动, Date: None, Delay: -1 ms, Speed: 0.00 M/s, Resolution: None
Name: 山东卫视, URL: http://iptvrr.sh.chinamobile.com:6060/cms001/ch00000090990000001028/index.m3u8, From: subscribe, IPv_Type: ipv6, Location: 中国, ISP: 中国移动, Date: None, Delay: -1 ms, Speed: 0.00 M/s, Resolution: None
Name: 山东卫视, URL: http://rrs01.hw.gmcc.net:8088/PLTV/81/224/3221226693/1.m3u8, From: subscribe, IPv_Type: ipv6, Location: 中国, ISP: 中国移动, Date: None, Delay: -1 ms, Speed: 0.00 M/s, Resolution: None
Name: 山东卫视, URL: http://ott.mobaibox.com/PLTV/3/224/3221227517/index.m3u8, From: subscribe, IPv_Type: ipv6, Location: 中国, ISP: 中国移动, Date: None, Delay: -1 ms, Speed: 0.00 M/s, Resolution: None
Name: 山东卫视, URL: http://k.061899.xyz/k.php?id=sdws, From: subscribe, IPv_Type: ipv6, Location: 新加坡, ISP: Aceville Pte.Ltd., Date: None, Delay: -1 ms, Speed: 0.00 M/s, Resolution: None
Name: 山东卫视, URL: https://hlsbkmgsplive.miguvideo.com/wd_r4/yg/shandongwshd/3000/01.m3u8?&HlsSubType=&encrypt=, From: subscribe, IPv_Type: ipv6, Location: 中国, ISP: 中国移动, Date: None, Delay: -1 ms, Speed: 0.00 M/s, Resolution: None
Name: 山东卫视, URL: https://t.freetv.fun/live/shan-dong-wei-shi-9.php, From: subscribe, IPv_Type: ipv6, Location: 美国, ISP: CloudFlare Inc., Date: None, Delay: -1 ms, Speed: 0.00 M/s, Resolution: None
Name: 山东卫视, URL: http://lu.wqwqwq.sbs/itv/1000000005000265019.m3u8?cdn=ystenlive, From: subscribe, IPv_Type: ipv6, Location: 美国, ISP: CloudFlare Inc., Date: None, Delay: -1 ms, Speed: 0.00 M/s, Resolution: None
Name: 山东卫视, URL: https://live.264788.xyz/channel/shandongweishi?streamid=0c90580e8be097c73a218656168e35e6&livekey=01WgOR41rriMmMkzNsd0UoaxJRwetZdxIvtVk, From: subscribe, IPv_Type: ipv4, Location: 美国, ISP: CloudFlare节点, Date: None, Delay: 541 ms, Speed: 42.00 M/s, Resolution: 1920x1080
Name: 山西卫视, URL: http://n1.gzbody.com:85/rtp/239.77.0.69:5146, From: subscribe, IPv_Type: ipv6, Location: 中国, ISP: 中国电信, Date: None, Delay: -1 ms, Speed: 0.00 M/s, Resolution: None
Name: 山西卫视, URL: http://[2409:8087:1a15:10d1::38]/ottrrs.hl.chinamobile.com/PLTV/88888888/224/3221226392/index.m3u8, From: subscribe, IPv_Type: ipv6, Location: 中国, ISP: 中国移动, Date: None, Delay: -1 ms, Speed: 0.00 M/s, Resolution: None
Name: 山西卫视, URL: https://migu.188766.xyz/?migutoken=be9c19908a88d27382520e995c3d572d&id=sxws&type=sz, From: subscribe, IPv_Type: ipv6, Location: 美国, ISP: CloudFlare Inc., Date: None, Delay: -1 ms, Speed: 0.00 M/s, Resolution: None
Name: 山西卫视, URL: http://dsj.motem.top:8880/bptv/10000100000000050000000003887413.m3u8, From: subscribe, IPv_Type: ipv6, Location: 美国, ISP: CloudFlare Inc., Date: None, Delay: -1 ms, Speed: 0.00 M/s, Resolution: None
Name: 山西卫视, URL: http://m3u8.channel.wsrtv.com.cn/cms/videos/nmip-media/channellive/channel7/playlist.m3u8, From: subscribe, IPv_Type: ipv6, Location: 中国, ISP: 中国电信, Date: None, Delay: -1 ms, Speed: 0.00 M/s, Resolution: None
Name: 山西卫视, URL: http://[2409:8087:8:21::18]:6610/otttv.bj.chinamobile.com/PLTV/88888888/224/3221227016/1.m3u8?GuardEncType=2&accountinfo=%7E%7EV2.0%7ESb5Qr3NTpE2ZugIroKoyTw%7EtP4-l0lmSfjwLWEfK_el1vH_mv-s1zo4AQJwdedaVwG9xkuFTDg8J26cwOrNJzn20BErrHdLhuZ9EzLUCD3PMW-OMx4MGteHV2vLeW6BqoY%2CEND, From: subscribe, IPv_Type: ipv6, Location: 中国, ISP: 中国移动, Date: None, Delay: -1 ms, Speed: 0.00 M/s, Resolution: None
Name: 山西卫视, URL: http://[2409:8087:1a01:df::4077]:80/ottrrs.hl.chinamobile.com/PLTV/88888888/8/3221226392/index.m3u8, From: subscribe, IPv_Type: ipv6, Location: 中国, ISP: 中国移动, Date: None, Delay: -1 ms, Speed: 0.00 M/s, Resolution: None
Name: 山西卫视, URL: https://stream1.freetv.fun/shan-xi-wei-shi-25.m3u8, From: subscribe, IPv_Type: ipv6, Location: 美国, ISP: CloudFlare Inc., Date: None, Delay: -1 ms, Speed: 0.00 M/s, Resolution: None
Name: 山西卫视, URL: http://j.x.bkpcp.top/jx/SXWS, From: subscribe, IPv_Type: ipv6, Location: 美国, ISP: CloudFlare Inc., Date: None, Delay: -1 ms, Speed: 0.00 M/s, Resolution: None
Name: 山西卫视, URL: http://cc02.tv12.xyz/8.m3u8, From: subscribe, IPv_Type: ipv6, Location: 美国, ISP: CloudFlare Inc., Date: None, Delay: -1 ms, Speed: 0.00 M/s, Resolution: None
Name: 山西卫视, URL: https://cc06.tv12.xyz/107.m3u8, From: subscribe, IPv_Type: ipv6, Location: 美国, ISP: CloudFlare Inc., Date: None, Delay: -1 ms, Speed: 0.00 M/s, Resolution: None
Name: 山西卫视, URL: https://jzb.wwkejishe.top/?id=624, From: subscribe, IPv_Type: ipv6, Location: 美国, ISP: CloudFlare Inc., Date: None, Delay: -1 ms, Speed: 0.00 M/s, Resolution: None
Name: 山西卫视, URL: https://shyd.695847.xyz/cms001/ch00000090990000001070/index.m3u8?IASHttpSessionId=RR4967720251014100028031761&ispcode=12, From: subscribe, IPv_Type: ipv6, Location: 美国, ISP: CloudFlare Inc., Date: None, Delay: -1 ms, Speed: 0.00 M/s, Resolution: None
Name: 山西卫视, URL: https://iptv.catvod.com/live.php?id=%E5%B1%B1%E8%A5%BF%E5%8D%AB%E8%A7%86, From: subscribe, IPv_Type: ipv6, Location: 美国, ISP: CloudFlare Inc., Date: None, Delay: -1 ms, Speed: 0.00 M/s, Resolution: None
Name: 山西卫视, URL: http://hwltc.tv.cdn.zj.chinamobile.com/PLTV/88888888/224/3221236264/index.m3u8, From: subscribe, IPv_Type: ipv6, Location: 中国, ISP: 中国移动, Date: None, Delay: -1 ms, Speed: 0.00 M/s, Resolution: None
Name: 山西卫视, URL: http://k.061899.xyz/k.php?id=sxiws, From: subscribe, IPv_Type: ipv6, Location: 新加坡, ISP: Aceville Pte.Ltd., Date: None, Delay: -1 ms, Speed: 0.00 M/s, Resolution: None
Name: 山西卫视, URL: http://tvgslb.hn.chinamobile.com:8089/180000001002/00000000000000020000000000182271/main.m3u8?stbid=, From: subscribe, IPv_Type: ipv6, Location: 中国, ISP: 中国移动, Date: None, Delay: -1 ms, Speed: 0.00 M/s, Resolution: None
Name: 山西卫视, URL: http://rrs01.hw.gmcc.net:8088/PLTV/81/224/3221226704/1.m3u8, From: subscribe, IPv_Type: ipv6, Location: 中国, ISP: 中国移动, Date: None, Delay: -1 ms, Speed: 0.00 M/s, Resolution: None
Name: 山西卫视, URL: http://hwottcdn.ln.chinamobile.com/PLTV/11/224/3221226778/index.m3u8, From: subscribe, IPv_Type: ipv6, Location: 中国, ISP: 中国移动, Date: None, Delay: -1 ms, Speed: 0.00 M/s, Resolution: None
Name: 山西卫视, URL: http://iptvrr.sh.chinamobile.com:6060/cms001/ch00000090990000001070/index.m3u8, From: subscribe, IPv_Type: ipv6, Location: 中国, ISP: 中国移动, Date: None, Delay: -1 ms, Speed: 0.00 M/s, Resolution: None
Name: 山西卫视, URL: https://t.freetv.fun/live/shan-xi-wei-shi-3-2.m3u8, From: subscribe, IPv_Type: ipv6, Location: 美国, ISP: CloudFlare Inc., Date: None, Delay: -1 ms, Speed: 0.00 M/s, Resolution: None
Name: 山西卫视, URL: https://live.264788.xyz/channel/shanxiweishi?streamid=69e002ac7467d661ff7ad0671ed43f16&livekey=01WgOR41rriMmMkzNsd0UoaxJRwetZdxIvtVk, From: subscribe, IPv_Type: ipv4, Location: 美国, ISP: CloudFlare节点, Date: None, Delay: 1029 ms, Speed: 38.94 M/s, Resolution: 1920x1080
Name: 陕西卫视, URL: http://gslbmgsplive.miguvideo.com/migu/kailu/shan3xiws/50/20220809/index.m3u8?msisdn=20250907150031b1e07e47f98e475a86027f85d6a27287&mdspid=&spid=600633&netType=0&sid=5910020475&pid=2028597139&timestamp=20250907150031&Channel_ID=0116_2600037000-99000-200300220100002&ProgramID=738910838&ParentNodeID=-99&assertID=5910020475&client_ip=106.13.250.89&SecurityKey=20250907150031&promotionId=&mvid=5900004331&mcid=500020&playurlVersion=WX-A1-8.8.1-RELEASE&userid=&jmhm=&videocodec=h264&bean=mgspad&tid=android&conFee=0&puData=1cd3c5fb01edd2b224a39c5dec8bda94&ddCalcu=419cvadad3kbca85cfebd051ce9d3da24b22&sv=10004&ct=android, From: subscribe, IPv_Type: ipv6, Location: 中国, ISP: 中国移动, Date: None, Delay: -1 ms, Speed: 0.00 M/s, Resolution: None
Name: 陕西卫视, URL: http://n1.gzbody.com:85/rtp/239.77.0.68:5146, From: subscribe, IPv_Type: ipv6, Location: 中国, ISP: 中国电信, Date: None, Delay: -1 ms, Speed: 0.00 M/s, Resolution: None
Name: 陕西卫视, URL: http://bailudz.top:1236/111/hahahaha.php, From: subscribe, IPv_Type: ipv6, Location: 中国, ISP: 中国电信, Date: None, Delay: -1 ms, Speed: 0.00 M/s, Resolution: None
Name: 陕西卫视, URL: http://[2409:8087:1a15:10d1::37]/ottrrs.hl.chinamobile.com/PLTV/88888888/224/3221225625/index.m3u8, From: subscribe, IPv_Type: ipv6, Location: 中国, ISP: 中国移动, Date: None, Delay: -1 ms, Speed: 0.00 M/s, Resolution: None
Name: 陕西卫视, URL: https://mursor.ottiptv.cc/mcp/shanxiws.m3u8?sign=cb5d6ea95b3cb5e1087a547d3e167606&tm=1757443317, From: subscribe, IPv_Type: ipv6, Location: 美国-新泽西州-巴赛克, ISP: DigitalOcean, Date: None, Delay: -1 ms, Speed: 0.00 M/s, Resolution: None
Name: 陕西卫视, URL: https://migu.188766.xyz/?migutoken=294bfc0c1569e361325f037a92981af1&id=%E9%99%95%E8%A5%BF%E5%8D%AB%E8%A7%86&type=yy, From: subscribe, IPv_Type: ipv6, Location: 美国, ISP: CloudFlare Inc., Date: None, Delay: -1 ms, Speed: 0.00 M/s, Resolution: None
Name: 陕西卫视, URL: http://dsj.motem.top:8880/bptv/10000100000000050000000003887404.m3u8, From: subscribe, IPv_Type: ipv6, Location: 美国, ISP: CloudFlare Inc., Date: None, Delay: -1 ms, Speed: 0.00 M/s, Resolution: None
Name: 陕西卫视, URL: https://www.freetv.top/migu/738910838.m3u8?migutoken=3899cd1daaa04f812c6d4b13126e3c00ad177635abc5559f1b596e814ff8eb3d745e7bd40b881206a2852a5ed041ca424112cf1d9b385c72ea9de42c8d86f45227af0f51a8b4f4c18a038a8e6d, From: subscribe, IPv_Type: ipv6, Location: 美国, ISP: Oracle Corporation, Date: None, Delay: -1 ms, Speed: 0.00 M/s, Resolution: None
Name: 陕西卫视, URL: https://stream1.freetv.fun/shan-xi-wei-shi-117.m3u8, From: subscribe, IPv_Type: ipv6, Location: 美国, ISP: CloudFlare Inc., Date: None, Delay: -1 ms, Speed: 0.00 M/s, Resolution: None
Name: 陕西卫视, URL: http://[2409:8087:8:21::18]:6610/otttv.bj.chinamobile.com/PLTV/88888888/224/3221226999/1.m3u8?GuardEncType=2&accountinfo=%7E%7EV2.0%7EsGLKaSqf0wDZMbAjeQtfyw%7EtP4-l0lmSfjwLWEfK_el1vH_mv-s1zo4AQJwdedaVwG9xkuFTDg8J26cwOrNJzn20BErrHdLhuZ9EzLUCD3PMW-OMx4MGteHV2vLeW6BqoY%2CEND, From: subscribe, IPv_Type: ipv6, Location: 中国, ISP: 中国移动, Date: None, Delay: -1 ms, Speed: 0.00 M/s, Resolution: None
Name: 陕西卫视, URL: http://hlsbkmgsplive.miguvideo.com/migu/kailu/shan3xiws/57/20220809/index.m3u8?msisdn=&mtv_session=&HlsSubType=1&HlsProfileId=1&nphaid=0&encrypt=, From: subscribe, IPv_Type: ipv6, Location: 中国, ISP: 中国移动, Date: None, Delay: -1 ms, Speed: 0.00 M/s, Resolution: None
Name: 陕西卫视, URL: https://cc06.tv12.xyz/106.m3u8, From: subscribe, IPv_Type: ipv6, Location: 美国, ISP: CloudFlare Inc., Date: None, Delay: -1 ms, Speed: 0.00 M/s, Resolution: None
Name: 陕西卫视, URL: https://jzb.wwkejishe.top/?id=603, From: subscribe, IPv_Type: ipv6, Location: 美国, ISP: CloudFlare Inc., Date: None, Delay: -1 ms, Speed: 0.00 M/s, Resolution: None
Name: 陕西卫视, URL: https://iptv.catvod.com/live.php?id=%E9%99%95%E8%A5%BF%E5%8D%AB%E8%A7%86, From: subscribe, IPv_Type: ipv6, Location: 美国, ISP: CloudFlare Inc., Date: None, Delay: -1 ms, Speed: 0.00 M/s, Resolution: None
Name: 陕西卫视, URL: https://shyd.695847.xyz/cms001/ch00000090990000001067/index.m3u8?IASHttpSessionId=RR4967720251014100028031761&ispcode=12, From: subscribe, IPv_Type: ipv6, Location: 美国, ISP: CloudFlare Inc., Date: None, Delay: -1 ms, Speed: 0.00 M/s, Resolution: None
Name: 陕西卫视, URL: https://live.chinacert.cftest5.cn/mg/?id=738910838, From: subscribe, IPv_Type: ipv6, Location: 中国, ISP: 中国电信, Date: None, Delay: -1 ms, Speed: 0.00 M/s, Resolution: None
Name: 陕西卫视, URL: http://hwottcdn.ln.chinamobile.com/PLTV/11/224/3221226892/index.m3u8, From: subscribe, IPv_Type: ipv6, Location: 中国, ISP: 中国移动, Date: None, Delay: -1 ms, Speed: 0.00 M/s, Resolution: None
Name: 陕西卫视, URL: http://hwltc.tv.cdn.zj.chinamobile.com/PLTV/88888888/224/3221236370/index.m3u8, From: subscribe, IPv_Type: ipv6, Location: 中国, ISP: 中国移动, Date: None, Delay: -1 ms, Speed: 0.00 M/s, Resolution: None
Name: 陕西卫视, URL: http://tvgslb.hn.chinamobile.com:8089/180000001002/00000000000000020000000000182270/main.m3u8?stbid=, From: subscribe, IPv_Type: ipv6, Location: 中国, ISP: 中国移动, Date: None, Delay: -1 ms, Speed: 0.00 M/s, Resolution: None
Name: 陕西卫视, URL: http://rrs01.hw.gmcc.net:8088/PLTV/81/224/3221226707/1.m3u8, From: subscribe, IPv_Type: ipv6, Location: 中国, ISP: 中国移动, Date: None, Delay: -1 ms, Speed: 0.00 M/s, Resolution: None
Name: 陕西卫视, URL: http://k.061899.xyz/k.php?id=sxws, From: subscribe, IPv_Type: ipv6, Location: 新加坡, ISP: Aceville Pte.Ltd., Date: None, Delay: -1 ms, Speed: 0.00 M/s, Resolution: None
Name: 陕西卫视, URL: http://iptvrr.sh.chinamobile.com:6060/cms001/ch00000090990000001067/index.m3u8, From: subscribe, IPv_Type: ipv6, Location: 中国, ISP: 中国移动, Date: None, Delay: -1 ms, Speed: 0.00 M/s, Resolution: None
Name: 陕西卫视, URL: http://ott.mobaibox.com/PLTV/3/224/3221227583/index.m3u8, From: subscribe, IPv_Type: ipv6, Location: 中国, ISP: 中国移动, Date: None, Delay: -1 ms, Speed: 0.00 M/s, Resolution: None
Name: 陕西卫视, URL: http://mgsp-ws2.live.miguvideo.com:8088/migu/kailu/shan3xiws/51/20220809/index.m3u8?msisdn=e55e9ee71b42d2d7008a152c069625e3&mdspid=&spid=600633&netType=0&sid=5910020475&pid=2028597139&timestamp=20260216080225&Channel_ID=0116_2600034600-99000-201600010010028&ProgramID=738910838&ParentNodeID=-99&assertID=5910020475&client_ip=218.28.233.106&SecurityKey=20260216080225&promotionId=&mvid=5900004331&mcid=500020&playurlVersion=WX-A1-9.2.1-RELEASE&userid=&jmhm=&videocodec=h264&appCode=miguvideo_android&bean=mgspad&tid=android&conFee=0&encrypt=fcfa6bdf19cff7de5290f260296ed64d&sv=10004&ct=android, From: subscribe, IPv_Type: ipv6, Location: 加拿大, ISP: , Date: None, Delay: -1 ms, Speed: 0.00 M/s, Resolution: None
Name: 陕西卫视, URL: https://t.freetv.fun/live/shan-xi-wei-shi-3-1.m3u8, From: subscribe, IPv_Type: ipv6, Location: 美国, ISP: CloudFlare Inc., Date: None, Delay: -1 ms, Speed: 0.00 M/s, Resolution: None
Name: 陕西卫视, URL: http://mgsp-zy2.live.miguvideo.com:8088/migu/kailu/shan3xiws/51/20220809/index.m3u8?msisdn=2be6b2ec9fcf10d2c2457e2c710e172c&mdspid=&spid=600633&netType=0&sid=5910020475&pid=2028597139&timestamp=20260225060204&Channel_ID=0116_2600034600-99000-201600010010028&ProgramID=738910838&ParentNodeID=-99&assertID=5910020475&client_ip=218.28.233.106&SecurityKey=20260225060204&promotionId=&mvid=5900004331&mcid=500020&playurlVersion=WX-A1-9.2.1-RELEASE&userid=&jmhm=&videocodec=h264&appCode=miguvideo_android&bean=mgspad&tid=android&conFee=0&encrypt=54a24d3d066cd92bccecd52e39657d62&sv=10004&ct=android, From: subscribe, IPv_Type: ipv6, Location: 中国, ISP: 中国电信, Date: None, Delay: -1 ms, Speed: 0.00 M/s, Resolution: None
Name: 陕西卫视, URL: http://mgsp-yx2.live.miguvideo.com:8088/migu/kailu/shan3xiws/51/20220809/index.m3u8?msisdn=2be6b2ec9fcf10d2c2457e2c710e172c&mdspid=&spid=600633&netType=0&sid=5910020475&pid=2028597139&timestamp=20260227060204&Channel_ID=0116_2600034600-99000-201600010010028&ProgramID=738910838&ParentNodeID=-99&assertID=5910020475&client_ip=218.28.233.106&SecurityKey=20260227060204&promotionId=&mvid=5900004331&mcid=500020&playurlVersion=WX-A1-9.2.1-RELEASE&userid=&jmhm=&videocodec=h264&appCode=miguvideo_android&bean=mgspad&tid=android&conFee=0&encrypt=685eb7215f3ccc0a0fe836af4bf40f5a&sv=10004&ct=android, From: subscribe, IPv_Type: ipv6, Location: 中国, ISP: 中国电信, Date: None, Delay: -1 ms, Speed: 0.00 M/s, Resolution: None
Name: 陕西卫视, URL: https://live.264788.xyz/channel/shaanxiweishi?streamid=80bc4fd254b8b27efa395953b61d5026&livekey=01WgOR41rriMmMkzNsd0UoaxJRwetZdxIvtVk, From: subscribe, IPv_Type: ipv4, Location: 美国, ISP: CloudFlare节点, Date: None, Delay: 111 ms, Speed: 109.97 M/s, Resolution: 1920x1080
Name: 陕西卫视, URL: http://198.204.228.26/live/snwshd.m3u8, From: subscribe, IPv_Type: ipv4, Location: 美国, ISP: , Date: None, Delay: 886 ms, Speed: 5.36 M/s, Resolution: 1920x1080
Name: 陕西卫视, URL: http://192.151.150.154/live/snwshd.m3u8, From: subscribe, IPv_Type: ipv4, Location: 美国-密苏里州-杰克逊县, ISP: Datashack公司, Date: None, Delay: 862 ms, Speed: 4.32 M/s, Resolution: 1920x1080
Name: 四川卫视, URL: http://n1.gzbody.com:85/rtp/239.77.0.159:5146, From: subscribe, IPv_Type: ipv6, Location: 中国, ISP: 中国电信, Date: None, Delay: -1 ms, Speed: 0.00 M/s, Resolution: None
Name: 四川卫视, URL: http://[2409:8087:1a15:10d1::34]/ottrrs.hl.chinamobile.com/PLTV/88888888/224/3221226338/index.m3u8, From: subscribe, IPv_Type: ipv6, Location: 中国, ISP: 中国移动, Date: None, Delay: -1 ms, Speed: 0.00 M/s, Resolution: None
Name: 四川卫视, URL: https://migu.188766.xyz/?migutoken=9b60338f5aa802b0654a71be39f09724&id=scws&type=sz, From: subscribe, IPv_Type: ipv6, Location: 美国, ISP: CloudFlare Inc., Date: None, Delay: -1 ms, Speed: 0.00 M/s, Resolution: None
Name: 四川卫视, URL: http://dsj.motem.top:8880/bptv/10000100000000050000000003887274.m3u8, From: subscribe, IPv_Type: ipv6, Location: 美国, ISP: CloudFlare Inc., Date: None, Delay: -1 ms, Speed: 0.00 M/s, Resolution: None
Name: 四川卫视, URL: http://iptv.huuc.edu.cn/hls/schd.m3u8, From: subscribe, IPv_Type: ipv6, Location: 中国, ISP: 教育网, Date: None, Delay: -1 ms, Speed: 0.00 M/s, Resolution: None
Name: 四川卫视, URL: http://[2409:8087:8:21::18]:6610/otttv.bj.chinamobile.com/PLTV/88888888/224/3221226995/1.m3u8?GuardEncType=2&accountinfo=%7E%7EV2.0%7EBQiz3wrGrpG0CUSRIJ-7Jg%7EtP4-l0lmSfjwLWEfK_el1vH_mv-s1zo4AQJwdedaVwG9xkuFTDg8J26cwOrNJzn20BErrHdLhuZ9EzLUCD3PMW-OMx4MGteHV2vLeW6BqoY%2CEND, From: subscribe, IPv_Type: ipv6, Location: 中国, ISP: 中国移动, Date: None, Delay: -1 ms, Speed: 0.00 M/s, Resolution: None
Name: 四川卫视, URL: http://[2409:8087:1a01:df::4077]/ottrrs.hl.chinamobile.com/PLTV/88888888/8/3221226338/index.m3u8, From: subscribe, IPv_Type: ipv6, Location: 中国, ISP: 中国移动, Date: None, Delay: -1 ms, Speed: 0.00 M/s, Resolution: None
Name: 四川卫视, URL: https://stream1.freetv.fun/si-chuan-wei-shi-gao-qing-6.ctv, From: subscribe, IPv_Type: ipv6, Location: 美国, ISP: CloudFlare Inc., Date: None, Delay: -1 ms, Speed: 0.00 M/s, Resolution: None
Name: 四川卫视, URL: https://cc06.tv12.xyz/99.m3u8, From: subscribe, IPv_Type: ipv6, Location: 美国, ISP: CloudFlare Inc., Date: None, Delay: -1 ms, Speed: 0.00 M/s, Resolution: None
Name: 四川卫视, URL: http://j.x.bkpcp.top/jx/SICHD, From: subscribe, IPv_Type: ipv6, Location: 美国, ISP: CloudFlare Inc., Date: None, Delay: -1 ms, Speed: 0.00 M/s, Resolution: None
Name: 四川卫视, URL: https://jzb.wwkejishe.top/?id=610, From: subscribe, IPv_Type: ipv6, Location: 美国, ISP: CloudFlare Inc., Date: None, Delay: -1 ms, Speed: 0.00 M/s, Resolution: None
Name: 四川卫视, URL: http://jk55269942.myqnapcloud.com:4022/rtp/239.49.8.110:8000, From: subscribe, IPv_Type: ipv6, Location: 中国, ISP: 中国联通, Date: None, Delay: -1 ms, Speed: 0.00 M/s, Resolution: None
Name: 四川卫视, URL: http://zcb.myds.me:10001/rtp/239.49.8.110:8000, From: subscribe, IPv_Type: ipv6, Location: 中国, ISP: 中国电信, Date: None, Delay: -1 ms, Speed: 0.00 M/s, Resolution: None
Name: 四川卫视, URL: https://shyd.695847.xyz/cms001/ch00000090990000001130/index.m3u8?IASHttpSessionId=RR4967720251014100028031761&ispcode=12, From: subscribe, IPv_Type: ipv6, Location: 美国, ISP: CloudFlare Inc., Date: None, Delay: -1 ms, Speed: 0.00 M/s, Resolution: None
Name: 四川卫视, URL: https://iptv.catvod.com/live.php?id=%E5%9B%9B%E5%B7%9D%E5%8D%AB%E8%A7%86%E5%8F%B0, From: subscribe, IPv_Type: ipv6, Location: 美国, ISP: CloudFlare Inc., Date: None, Delay: -1 ms, Speed: 0.00 M/s, Resolution: None
Name: 四川卫视, URL: http://tvgslb.hn.chinamobile.com:8089/180000001002/00000001000000000064000000308823/main.m3u8?stbid=, From: subscribe, IPv_Type: ipv6, Location: 中国, ISP: 中国移动, Date: None, Delay: -1 ms, Speed: 0.00 M/s, Resolution: None
Name: 四川卫视, URL: http://hwottcdn.ln.chinamobile.com/PLTV/11/224/3221226139/index.m3u8, From: subscribe, IPv_Type: ipv6, Location: 中国, ISP: 中国移动, Date: None, Delay: -1 ms, Speed: 0.00 M/s, Resolution: None
Name: 四川卫视, URL: http://iptvrr.sh.chinamobile.com:6060/cms001/ch00000090990000001130/index.m3u8, From: subscribe, IPv_Type: ipv6, Location: 中国, ISP: 中国移动, Date: None, Delay: -1 ms, Speed: 0.00 M/s, Resolution: None
Name: 四川卫视, URL: http://hwltc.tv.cdn.zj.chinamobile.com/PLTV/88888888/224/3221236255/index.m3u8, From: subscribe, IPv_Type: ipv6, Location: 中国, ISP: 中国移动, Date: None, Delay: -1 ms, Speed: 0.00 M/s, Resolution: None
Name: 四川卫视, URL: http://ott.mobaibox.com/PLTV/3/224/3221228171/index.m3u8, From: subscribe, IPv_Type: ipv6, Location: 中国, ISP: 中国移动, Date: None, Delay: -1 ms, Speed: 0.00 M/s, Resolution: None
Name: 四川卫视, URL: http://rrs01.hw.gmcc.net:8088/PLTV/81/224/3221226659/1.m3u8, From: subscribe, IPv_Type: ipv6, Location: 中国, ISP: 中国移动, Date: None, Delay: -1 ms, Speed: 0.00 M/s, Resolution: None
Name: 四川卫视, URL: http://k.061899.xyz/k.php?id=scws, From: subscribe, IPv_Type: ipv6, Location: 新加坡, ISP: Aceville Pte.Ltd., Date: None, Delay: -1 ms, Speed: 0.00 M/s, Resolution: None
Name: 四川卫视, URL: https://t.freetv.fun/live/si-chuan-wei-shi-10.php, From: subscribe, IPv_Type: ipv6, Location: 美国, ISP: CloudFlare Inc., Date: None, Delay: -1 ms, Speed: 0.00 M/s, Resolution: None
Name: 四川卫视, URL: http://satellitepull.cnr.cn/live/wxscws/playlist.m3u8, From: subscribe, IPv_Type: ipv4, Location: 美国-伊利诺伊州-库克, ISP: 网宿CDN节点, Date: None, Delay: 5 ms, Speed: 20.50 M/s, Resolution: None
Name: 四川卫视, URL: https://live.264788.xyz/channel/sichuanweishi?streamid=8a27b43e392baf21240c4b5a959652c7&livekey=01WgOR41rriMmMkzNsd0UoaxJRwetZdxIvtVk, From: subscribe, IPv_Type: ipv4, Location: 美国, ISP: CloudFlare节点, Date: None, Delay: 420 ms, Speed: 10.10 M/s, Resolution: None
Name: 四川卫视, URL: http://101.66.198.83:9901/tsfile/live/0123_1.m3u8?key=txiptv&playlive=0&authid=0, From: subscribe, IPv_Type: ipv4, Location: 中国-浙江-金华, ISP: 联通, Date: None, Delay: 10677 ms, Speed: 0.00 M/s, Resolution: None
Name: 三沙卫视, URL: http://n1.gzbody.com:85/rtp/239.253.43.113:5146, From: subscribe, IPv_Type: ipv6, Location: 中国, ISP: 中国电信, Date: None, Delay: -1 ms, Speed: 0.00 M/s, Resolution: None
Name: 三沙卫视, URL: https://stream1.freetv.fun/8bd6b69c423ac31e71c2311ad33f4f291e1314c69005ffb7b3b7defc2944adb2.m3u8, From: subscribe, IPv_Type: ipv6, Location: 美国, ISP: CloudFlare Inc., Date: None, Delay: -1 ms, Speed: 0.00 M/s, Resolution: None
Name: 三沙卫视, URL: http://dsj.motem.top:8880/bptv/10000100000000050000000003887452.m3u8, From: subscribe, IPv_Type: ipv6, Location: 美国, ISP: CloudFlare Inc., Date: None, Delay: -1 ms, Speed: 0.00 M/s, Resolution: None
Name: 三沙卫视, URL: https://shyd.695847.xyz/cms001/ch00000090990000001185/index.m3u8?IASHttpSessionId=RR4967720251014100028031761&ispcode=12, From: subscribe, IPv_Type: ipv6, Location: 美国, ISP: CloudFlare Inc., Date: None, Delay: -1 ms, Speed: 0.00 M/s, Resolution: None
Name: 三沙卫视, URL: https://migu.188766.xyz/?migutoken=363c4036267fbac9e292b323a693652d&id=hn_ssws&type=sz, From: subscribe, IPv_Type: ipv6, Location: 美国, ISP: CloudFlare Inc., Date: None, Delay: -1 ms, Speed: 0.00 M/s, Resolution: None
Name: 三沙卫视, URL: https://iptv.catvod.com/live.php?id=%E4%B8%89%E6%B2%99%E5%8D%AB%E8%A7%86, From: subscribe, IPv_Type: ipv6, Location: 美国, ISP: CloudFlare Inc., Date: None, Delay: -1 ms, Speed: 0.00 M/s, Resolution: None
Name: 三沙卫视, URL: http://gslbmgsplive.miguvideo.com/migu/kailu/ssws/50/20251127/index.m3u8?msisdn=20251210080303cc46e3572ca349e68630a4d2a35d2a53&mdspid=&spid=600697&netType=0&sid=5910022307&pid=2028597139&timestamp=20251210080303&Channel_ID=0116_2600037000-99000-200300220100002&ProgramID=961023778&ParentNodeID=-99&assertID=5910022307&client_ip=218.28.233.106&SecurityKey=20251210080303&promotionId=&mvid=5900006777&mcid=500020&playurlVersion=WX-A1-8.11.2-RELEASE&userid=&jmhm=&videocodec=h264&appCode=miguvideo_android&bean=mgspad&tid=android&conFee=0&puData=39e4d7f2d69d8de39bb176477db98309&ddCalcu=9309v3ea84x9dab7df727d46697d18bdbe93&sv=10004&ct=android, From: subscribe, IPv_Type: ipv6, Location: 中国, ISP: 中国移动, Date: None, Delay: -1 ms, Speed: 0.00 M/s, Resolution: None
Name: 三沙卫视, URL: http://tvgslb.hn.chinamobile.com:8089/180000001002/00000001000000000031000000068476/main.m3u8?stbid=, From: subscribe, IPv_Type: ipv6, Location: 中国, ISP: 中国移动, Date: None, Delay: -1 ms, Speed: 0.00 M/s, Resolution: None
Name: 三沙卫视, URL: http://iptvrr.sh.chinamobile.com:6060/cms001/ch00000090990000001185/index.m3u8, From: subscribe, IPv_Type: ipv6, Location: 中国, ISP: 中国移动, Date: None, Delay: -1 ms, Speed: 0.00 M/s, Resolution: None
Name: 三沙卫视, URL: https://stream.iptv-search.com/main.php?id=%E4%B8%89%E6%B2%99%E5%8D%AB%E8%A7%86&t=1755401429&token=7ddfc6d40f1c98da27c8b5e7c59836a3, From: subscribe, IPv_Type: ipv6, Location: 美国, ISP: CloudFlare Inc., Date: None, Delay: -1 ms, Speed: 0.00 M/s, Resolution: None
Name: 三沙卫视, URL: http://ott.mobaibox.com/PLTV/3/224/3221228626/index.m3u8, From: subscribe, IPv_Type: ipv6, Location: 中国, ISP: 中国移动, Date: None, Delay: -1 ms, Speed: 0.00 M/s, Resolution: None
Name: 三沙卫视, URL: http://mgsp-yx2.live.miguvideo.com:8088/migu/kailu/ssws/50/20251127/index.m3u8?msisdn=e55e9ee71b42d2d7008a152c069625e3&mdspid=&spid=600697&netType=0&sid=5910022307&pid=2028597139&timestamp=20260215080209&Channel_ID=0116_2600034600-99000-201600010010028&ProgramID=961023778&ParentNodeID=-99&assertID=5910022307&client_ip=218.28.233.106&SecurityKey=20260215080209&promotionId=&mvid=5900006777&mcid=500020&playurlVersion=WX-A1-9.2.1-RELEASE&userid=&jmhm=&videocodec=h264&appCode=miguvideo_android&bean=mgspad&tid=android&conFee=0&encrypt=5c1bdd929e2bfa48bcdf56a87cabb536&sv=10004&ct=android, From: subscribe, IPv_Type: ipv6, Location: 中国, ISP: 中国电信, Date: None, Delay: -1 ms, Speed: 0.00 M/s, Resolution: None
Name: 三沙卫视, URL: http://mgsp-zy2.live.miguvideo.com:8088/migu/kailu/ssws/50/20251127/index.m3u8?msisdn=2be6b2ec9fcf10d2c2457e2c710e172c&mdspid=&spid=600697&netType=0&sid=5910022307&pid=2028597139&timestamp=20260227080209&Channel_ID=0116_2600034600-99000-201600010010028&ProgramID=961023778&ParentNodeID=-99&assertID=5910022307&client_ip=218.28.233.106&SecurityKey=20260227080209&promotionId=&mvid=5900006777&mcid=500020&playurlVersion=WX-A1-9.2.1-RELEASE&userid=&jmhm=&videocodec=h264&appCode=miguvideo_android&bean=mgspad&tid=android&conFee=0&encrypt=4d53fdef5ac7cd20d99b833629b976d4&sv=10004&ct=android, From: subscribe, IPv_Type: ipv6, Location: 中国, ISP: 中国电信, Date: None, Delay: -1 ms, Speed: 0.00 M/s, Resolution: None
Name: 三沙卫视, URL: http://mgsp-hs2.live.miguvideo.com:8088/migu/kailu/ssws/50/20251127/index.m3u8?msisdn=2be6b2ec9fcf10d2c2457e2c710e172c&mdspid=&spid=600697&netType=0&sid=5910022307&pid=2028597139&timestamp=20260302080226&Channel_ID=0116_2600034600-99000-201600010010028&ProgramID=961023778&ParentNodeID=-99&assertID=5910022307&client_ip=218.28.233.106&SecurityKey=20260302080226&promotionId=&mvid=5900006777&mcid=500020&playurlVersion=WX-A1-9.2.1-RELEASE&userid=&jmhm=&videocodec=h264&appCode=miguvideo_android&bean=mgspad&tid=android&conFee=0&encrypt=164a2421089f5ed59ff15fc84e81fbc4&sv=10004&ct=android, From: subscribe, IPv_Type: ipv6, Location: 中国, ISP: 中国联通, Date: None, Delay: -1 ms, Speed: 0.00 M/s, Resolution: None
Name: 天津卫视, URL: http://n1.gzbody.com:85/rtp/239.77.0.131:5146, From: subscribe, IPv_Type: ipv6, Location: 中国, ISP: 中国电信, Date: None, Delay: -1 ms, Speed: 0.00 M/s, Resolution: None
Name: 天津卫视, URL: http://[2409:8087:1a15:10d1::36]/ottrrs.hl.chinamobile.com/PLTV/88888888/224/3221225740/index.m3u8, From: subscribe, IPv_Type: ipv6, Location: 中国, ISP: 中国移动, Date: None, Delay: -1 ms, Speed: 0.00 M/s, Resolution: None
Name: 天津卫视, URL: http://iptv.huuc.edu.cn/hls/tjhd.m3u8, From: subscribe, IPv_Type: ipv6, Location: 中国, ISP: 教育网, Date: None, Delay: -1 ms, Speed: 0.00 M/s, Resolution: None
Name: 天津卫视, URL: http://[2409:8087:1a01:df::4030]:80/TVOD/88888888/224/3221225972/main.m3u8, From: subscribe, IPv_Type: ipv6, Location: 中国, ISP: 中国移动, Date: None, Delay: -1 ms, Speed: 0.00 M/s, Resolution: None
Name: 天津卫视, URL: http://dsj.motem.top:8880/bptv/10000100000000050000000003873466.m3u8, From: subscribe, IPv_Type: ipv6, Location: 美国, ISP: CloudFlare Inc., Date: None, Delay: -1 ms, Speed: 0.00 M/s, Resolution: None
Name: 天津卫视, URL: http://[2409:8087:1a0a:df::404b]/ottrrs.hl.chinamobile.com/TVOD/88888888/224/3221226459/index.m3u8, From: subscribe, IPv_Type: ipv6, Location: 中国, ISP: 中国移动, Date: None, Delay: -1 ms, Speed: 0.00 M/s, Resolution: None
Name: 天津卫视, URL: http://[2409:8087:1a01:df::4077]/ottrrs.hl.chinamobile.com/PLTV/88888888/8/3221226459/index.m3u8, From: subscribe, IPv_Type: ipv6, Location: 中国, ISP: 中国移动, Date: None, Delay: -1 ms, Speed: 0.00 M/s, Resolution: None
Name: 天津卫视, URL: http://[2409:8087:8:21::18]:6610/otttv.bj.chinamobile.com/PLTV/88888888/224/3221226954/1.m3u8?GuardEncType=2&accountinfo=%7E%7EV2.0%7Eaf3wyULP1h575eM_4ByMDg%7EtP4-l0lmSfjwLWEfK_el1vH_mv-s1zo4AQJwdedaVwG9xkuFTDg8J26cwOrNJzn20BErrHdLhuZ9EzLUCD3PMW-OMx4MGteHV2vLeW6BqoY%2CEND, From: subscribe, IPv_Type: ipv6, Location: 中国, ISP: 中国移动, Date: None, Delay: -1 ms, Speed: 0.00 M/s, Resolution: None
Name: 天津卫视, URL: http://[2409:8087:1e03:21::2]:6060/cms001/ch00000090990000001036/index.m3u8, From: subscribe, IPv_Type: ipv6, Location: 中国, ISP: 中国移动, Date: None, Delay: -1 ms, Speed: 0.00 M/s, Resolution: None
Name: 天津卫视, URL: http://[2409:8087:2001:20:2800:0:df6e:eb11]:80/ott.mobaibox.com/PLTV/4/224/3221227488/index.m3u8, From: subscribe, IPv_Type: ipv6, Location: 中国, ISP: 中国移动, Date: None, Delay: -1 ms, Speed: 0.00 M/s, Resolution: None
Name: 天津卫视, URL: https://mursor.ottiptv.cc/mcp/tianjing.m3u8?sign=9850cbc93d9df79f5463733bb9a96545&tm=1757443317, From: subscribe, IPv_Type: ipv6, Location: 美国-新泽西州-巴赛克, ISP: DigitalOcean, Date: None, Delay: -1 ms, Speed: 0.00 M/s, Resolution: None
Name: 天津卫视, URL: https://migu.188766.xyz/?migutoken=eba1b5711daf3281042617384fe44b12&id=tjws&type=sz, From: subscribe, IPv_Type: ipv6, Location: 美国, ISP: CloudFlare Inc., Date: None, Delay: -1 ms, Speed: 0.00 M/s, Resolution: None
Name: 天津卫视, URL: http://b.xiongnas.top:8888/rtp/239.3.1.141:1234, From: subscribe, IPv_Type: ipv6, Location: 中国, ISP: 中国联通, Date: None, Delay: -1 ms, Speed: 0.00 M/s, Resolution: None
Name: 天津卫视, URL: https://jzb.wwkejishe.top/?id=611, From: subscribe, IPv_Type: ipv6, Location: 美国, ISP: CloudFlare Inc., Date: None, Delay: -1 ms, Speed: 0.00 M/s, Resolution: None
Name: 天津卫视, URL: http://jk55269942.myqnapcloud.com:4022/rtp/239.49.8.35:8620, From: subscribe, IPv_Type: ipv6, Location: 中国, ISP: 中国联通, Date: None, Delay: -1 ms, Speed: 0.00 M/s, Resolution: None
Name: 天津卫视, URL: http://zcb.myds.me:10001/rtp/239.49.8.35:8620, From: subscribe, IPv_Type: ipv6, Location: 中国, ISP: 中国电信, Date: None, Delay: -1 ms, Speed: 0.00 M/s, Resolution: None
Name: 天津卫视, URL: https://shyd.695847.xyz/cms001/ch00000090990000001036/index.m3u8?IASHttpSessionId=RR4967720251014100028031761&ispcode=12, From: subscribe, IPv_Type: ipv6, Location: 美国, ISP: CloudFlare Inc., Date: None, Delay: -1 ms, Speed: 0.00 M/s, Resolution: None
Name: 天津卫视, URL: https://stream1.freetv.fun/tian-jin-wei-shi-gao-qing-2.m3u8, From: subscribe, IPv_Type: ipv6, Location: 美国, ISP: CloudFlare Inc., Date: None, Delay: -1 ms, Speed: 0.00 M/s, Resolution: None
Name: 天津卫视, URL: https://iptv.catvod.com/live.php?id=%E5%A4%A9%E6%B4%A5%E5%8D%AB%E8%A7%86%E5%8F%B0, From: subscribe, IPv_Type: ipv6, Location: 美国, ISP: CloudFlare Inc., Date: None, Delay: -1 ms, Speed: 0.00 M/s, Resolution: None
Name: 天津卫视, URL: http://rrs01.hw.gmcc.net:8088/PLTV/81/224/3221226686/1.m3u8, From: subscribe, IPv_Type: ipv6, Location: 中国, ISP: 中国移动, Date: None, Delay: -1 ms, Speed: 0.00 M/s, Resolution: None
Name: 天津卫视, URL: http://tvgslb.hn.chinamobile.com:8089/180000001002/00000001000000000008000000047444/main.m3u8?stbid=, From: subscribe, IPv_Type: ipv6, Location: 中国, ISP: 中国移动, Date: None, Delay: -1 ms, Speed: 0.00 M/s, Resolution: None
Name: 天津卫视, URL: http://hwottcdn.ln.chinamobile.com/PLTV/11/224/3221226890/index.m3u8, From: subscribe, IPv_Type: ipv6, Location: 中国, ISP: 中国移动, Date: None, Delay: -1 ms, Speed: 0.00 M/s, Resolution: None
Name: 天津卫视, URL: http://k.061899.xyz/k.php?id=tjws, From: subscribe, IPv_Type: ipv6, Location: 新加坡, ISP: Aceville Pte.Ltd., Date: None, Delay: -1 ms, Speed: 0.00 M/s, Resolution: None
Name: 天津卫视, URL: http://hwltc.tv.cdn.zj.chinamobile.com/PLTV/88888888/224/3221236217/index.m3u8, From: subscribe, IPv_Type: ipv6, Location: 中国, ISP: 中国移动, Date: None, Delay: -1 ms, Speed: 0.00 M/s, Resolution: None
Name: 天津卫视, URL: http://iptvrr.sh.chinamobile.com:6060/cms001/ch00000090990000001036/index.m3u8, From: subscribe, IPv_Type: ipv6, Location: 中国, ISP: 中国移动, Date: None, Delay: -1 ms, Speed: 0.00 M/s, Resolution: None
Name: 天津卫视, URL: http://ott.mobaibox.com/PLTV/3/224/3221227488/index.m3u8, From: subscribe, IPv_Type: ipv6, Location: 中国, ISP: 中国移动, Date: None, Delay: -1 ms, Speed: 0.00 M/s, Resolution: None
Name: 天津卫视, URL: https://t.freetv.fun/live/tian-jin-wei-shi-9.m3u8, From: subscribe, IPv_Type: ipv6, Location: 美国, ISP: CloudFlare Inc., Date: None, Delay: -1 ms, Speed: 0.00 M/s, Resolution: None
Name: 天津卫视, URL: https://live.264788.xyz/channel/tianjinweishi?streamid=d30a60392735d9a6ff2b72630d81c5d6&livekey=01WgOR41rriMmMkzNsd0UoaxJRwetZdxIvtVk, From: subscribe, IPv_Type: ipv4, Location: 美国, ISP: CloudFlare节点, Date: None, Delay: 2234 ms, Speed: 11.85 M/s, Resolution: 1920x1080
Name: 天津卫视, URL: http://198.204.228.26/live/tjwshd.m3u8, From: subscribe, IPv_Type: ipv4, Location: 美国, ISP: , Date: None, Delay: 1152 ms, Speed: 4.34 M/s, Resolution: 1920x1080
Name: 西藏卫视, URL: http://n1.gzbody.com:85/rtp/239.77.0.74:5146, From: subscribe, IPv_Type: ipv6, Location: 中国, ISP: 中国电信, Date: None, Delay: -1 ms, Speed: 0.00 M/s, Resolution: None
Name: 西藏卫视, URL: http://php.jdshipin.com:8880/xztv.php, From: subscribe, IPv_Type: ipv6, Location: 美国, ISP: CloudFlare Inc., Date: None, Delay: -1 ms, Speed: 0.00 M/s, Resolution: None
Name: 西藏卫视, URL: http://[2409:8087:1a15:10d1::39]/ottrrs.hl.chinamobile.com/PLTV/88888888/224/3221226433/index.m3u8, From: subscribe, IPv_Type: ipv6, Location: 中国, ISP: 中国移动, Date: None, Delay: -1 ms, Speed: 0.00 M/s, Resolution: None
Name: 西藏卫视, URL: https://mursor.ottiptv.cc/mcp/xizang.m3u8?sign=45d4f331250f19f33022acb9b6d4b9e5&tm=1757443317, From: subscribe, IPv_Type: ipv6, Location: 美国-新泽西州-巴赛克, ISP: DigitalOcean, Date: None, Delay: -1 ms, Speed: 0.00 M/s, Resolution: None
Name: 西藏卫视, URL: http://k.061899.xyz/m.php?id=xzws, From: subscribe, IPv_Type: ipv6, Location: 新加坡, ISP: Aceville Pte.Ltd., Date: None, Delay: -1 ms, Speed: 0.00 M/s, Resolution: None
Name: 西藏卫视, URL: http://dsj.motem.top:8880/bptv/10000100000000050000000003887434.m3u8, From: subscribe, IPv_Type: ipv6, Location: 美国, ISP: CloudFlare Inc., Date: None, Delay: -1 ms, Speed: 0.00 M/s, Resolution: None
Name: 西藏卫视, URL: http://[2409:8087:8:21::18]:6610/otttv.bj.chinamobile.com/PLTV/88888888/224/3221227033/1.m3u8?GuardEncType=2&accountinfo=%7E%7EV2.0%7EdeTB7OZ9G_VNJk5C3t96fQ%7EtP4-l0lmSfjwLWEfK_el1vH_mv-s1zo4AQJwdedaVwG9xkuFTDg8J26cwOrNJzn20BErrHdLhuZ9EzLUCD3PMW-OMx4MGteHV2vLeW6BqoY%2CEND, From: subscribe, IPv_Type: ipv6, Location: 中国, ISP: 中国移动, Date: None, Delay: -1 ms, Speed: 0.00 M/s, Resolution: None
Name: 西藏卫视, URL: http://cc02.tv12.xyz/9.m3u8, From: subscribe, IPv_Type: ipv6, Location: 美国, ISP: CloudFlare Inc., Date: None, Delay: -1 ms, Speed: 0.00 M/s, Resolution: None
Name: 西藏卫视, URL: https://migu.188766.xyz/?migutoken=c9f72391368665caa15228b8eb127356&id=xzws_hd&type=sz, From: subscribe, IPv_Type: ipv6, Location: 美国, ISP: CloudFlare Inc., Date: None, Delay: -1 ms, Speed: 0.00 M/s, Resolution: None
Name: 西藏卫视, URL: https://cc06.tv12.xyz/112.m3u8, From: subscribe, IPv_Type: ipv6, Location: 美国, ISP: CloudFlare Inc., Date: None, Delay: -1 ms, Speed: 0.00 M/s, Resolution: None
Name: 西藏卫视, URL: https://shyd.695847.xyz/cms001/ch00000090990000001072/index.m3u8?IASHttpSessionId=RR4967720251014100028031761&ispcode=12, From: subscribe, IPv_Type: ipv6, Location: 美国, ISP: CloudFlare Inc., Date: None, Delay: -1 ms, Speed: 0.00 M/s, Resolution: None
Name: 西藏卫视, URL: https://iptv.catvod.com/live.php?id=%E8%A5%BF%E8%97%8F%E5%8D%AB%E8%A7%86, From: subscribe, IPv_Type: ipv6, Location: 美国, ISP: CloudFlare Inc., Date: None, Delay: -1 ms, Speed: 0.00 M/s, Resolution: None
Name: 西藏卫视, URL: https://stream1.freetv.fun/a49e23e64df3f298107a73164d61744b12634287593fc849d504ba2918b3996d.m3u8, From: subscribe, IPv_Type: ipv6, Location: 美国, ISP: CloudFlare Inc., Date: None, Delay: -1 ms, Speed: 0.00 M/s, Resolution: None
Name: 西藏卫视, URL: https://t.freetv.fun/live/xi-cang-wei-shi-1.m3u8, From: subscribe, IPv_Type: ipv6, Location: 美国, ISP: CloudFlare Inc., Date: None, Delay: -1 ms, Speed: 0.00 M/s, Resolution: None
Name: 西藏卫视, URL: https://live.264788.xyz/channel/xizangweishi?streamid=cfb7b8b8dcaf7ff92d4c1476cf321ba7&livekey=01WgOR41rriMmMkzNsd0UoaxJRwetZdxIvtVk, From: subscribe, IPv_Type: ipv4, Location: 美国, ISP: CloudFlare节点, Date: None, Delay: 304 ms, Speed: 0.00 M/s, Resolution: 1920x1080
Name: 新疆卫视, URL: http://n1.gzbody.com:85/rtp/239.77.0.75:5146, From: subscribe, IPv_Type: ipv6, Location: 中国, ISP: 中国电信, Date: None, Delay: -1 ms, Speed: 0.00 M/s, Resolution: None
Name: 新疆卫视, URL: http://goo.bkpcp.top/mg/xjws, From: subscribe, IPv_Type: ipv6, Location: 美国, ISP: CloudFlare Inc., Date: None, Delay: -1 ms, Speed: 0.00 M/s, Resolution: None
Name: 新疆卫视, URL: http://dsj.motem.top:8880/bptv/10000100000000050000000003887448.m3u8, From: subscribe, IPv_Type: ipv6, Location: 美国, ISP: CloudFlare Inc., Date: None, Delay: -1 ms, Speed: 0.00 M/s, Resolution: None
Name: 新疆卫视, URL: http://[2409:8087:1a0a:df::404b]/ottrrs.hl.chinamobile.com/TVOD/88888888/224/3221225635/index.m3u8, From: subscribe, IPv_Type: ipv6, Location: 中国, ISP: 中国移动, Date: None, Delay: -1 ms, Speed: 0.00 M/s, Resolution: None
Name: 新疆卫视, URL: http://[2409:8087:2001:20:2800:0:df6e:eb0b]/wh7f454c46tw993550557_162751766/ott.mobaibox.com/PLTV/3/224/3221228290/index.m3u8?icpid=3&RTS=1668604377&from=40&popid=40&hms_devid=2038&prioritypopid=40&vqe=3, From: subscribe, IPv_Type: ipv6, Location: 中国, ISP: 中国移动, Date: None, Delay: -1 ms, Speed: 0.00 M/s, Resolution: None
Name: 新疆卫视, URL: http://[2409:8087:1a01:df::4077]/ottrrs.hl.chinamobile.com/PLTV/88888888/8/3221226460/index.m3u8, From: subscribe, IPv_Type: ipv6, Location: 中国, ISP: 中国移动, Date: None, Delay: -1 ms, Speed: 0.00 M/s, Resolution: None
Name: 新疆卫视, URL: http://[2409:8087:8:21::18]:6610/otttv.bj.chinamobile.com/PLTV/88888888/224/3221227011/1.m3u8?GuardEncType=2&accountinfo=%7E%7EV2.0%7ExAUu61iVvo_xYbANWJhgXw%7EtP4-l0lmSfjwLWEfK_el1vH_mv-s1zo4AQJwdedaVwG9xkuFTDg8J26cwOrNJzn20BErrHdLhuZ9EzLUCD3PMW-OMx4MGteHV2vLeW6BqoY%2CEND, From: subscribe, IPv_Type: ipv6, Location: 中国, ISP: 中国移动, Date: None, Delay: -1 ms, Speed: 0.00 M/s, Resolution: None
Name: 新疆卫视, URL: https://mursor.ottiptv.cc/mcp/xinjiang.m3u8?sign=0c1a09de84865a8052764461baa09a36&tm=1757443317, From: subscribe, IPv_Type: ipv6, Location: 美国-新泽西州-巴赛克, ISP: DigitalOcean, Date: None, Delay: -1 ms, Speed: 0.00 M/s, Resolution: None
Name: 新疆卫视, URL: http://cc02.tv12.xyz/10.m3u8, From: subscribe, IPv_Type: ipv6, Location: 美国, ISP: CloudFlare Inc., Date: None, Delay: -1 ms, Speed: 0.00 M/s, Resolution: None
Name: 新疆卫视, URL: https://migu.188766.xyz/?migutoken=0510d20f731c4c17e3966897c666f863&id=xjws_hd&type=sz, From: subscribe, IPv_Type: ipv6, Location: 美国, ISP: CloudFlare Inc., Date: None, Delay: -1 ms, Speed: 0.00 M/s, Resolution: None
Name: 新疆卫视, URL: https://cc06.tv12.xyz/109.m3u8, From: subscribe, IPv_Type: ipv6, Location: 美国, ISP: CloudFlare Inc., Date: None, Delay: -1 ms, Speed: 0.00 M/s, Resolution: None
Name: 新疆卫视, URL: https://jzb.wwkejishe.top/?id=623, From: subscribe, IPv_Type: ipv6, Location: 美国, ISP: CloudFlare Inc., Date: None, Delay: -1 ms, Speed: 0.00 M/s, Resolution: None
Name: 新疆卫视, URL: http://[2409:8087:1e03:21::2]:6060/cms001/ch00000090990000001065/index.m3u8, From: subscribe, IPv_Type: ipv6, Location: 中国, ISP: 中国移动, Date: None, Delay: -1 ms, Speed: 0.00 M/s, Resolution: None
Name: 新疆卫视, URL: https://shyd.695847.xyz/cms001/ch00000090990000001065/index.m3u8?IASHttpSessionId=RR4967720251014100028031761&ispcode=12, From: subscribe, IPv_Type: ipv6, Location: 美国, ISP: CloudFlare Inc., Date: None, Delay: -1 ms, Speed: 0.00 M/s, Resolution: None
Name: 新疆卫视, URL: https://iptv.catvod.com/live.php?id=%E6%96%B0%E7%96%86%E5%8D%AB%E8%A7%86%E5%8F%B0, From: subscribe, IPv_Type: ipv6, Location: 美国, ISP: CloudFlare Inc., Date: None, Delay: -1 ms, Speed: 0.00 M/s, Resolution: None
Name: 新疆卫视, URL: https://stream1.freetv.fun/xin-jiang-wei-shi-15.m3u8, From: subscribe, IPv_Type: ipv6, Location: 美国, ISP: CloudFlare Inc., Date: None, Delay: -1 ms, Speed: 0.00 M/s, Resolution: None
Name: 新疆卫视, URL: http://hwltc.tv.cdn.zj.chinamobile.com/PLTV/88888888/224/3221236215/index.m3u8, From: subscribe, IPv_Type: ipv6, Location: 中国, ISP: 中国移动, Date: None, Delay: -1 ms, Speed: 0.00 M/s, Resolution: None
Name: 新疆卫视, URL: http://iptvrr.sh.chinamobile.com:6060/cms001/ch00000090990000001065/index.m3u8, From: subscribe, IPv_Type: ipv6, Location: 中国, ISP: 中国移动, Date: None, Delay: -1 ms, Speed: 0.00 M/s, Resolution: None
Name: 新疆卫视, URL: http://hwottcdn.ln.chinamobile.com/PLTV/11/224/3221226151/index.m3u8, From: subscribe, IPv_Type: ipv6, Location: 中国, ISP: 中国移动, Date: None, Delay: -1 ms, Speed: 0.00 M/s, Resolution: None
Name: 新疆卫视, URL: http://tvgslb.hn.chinamobile.com:8089/180000001002/00000000000000020000000000182275/main.m3u8?stbid=, From: subscribe, IPv_Type: ipv6, Location: 中国, ISP: 中国移动, Date: None, Delay: -1 ms, Speed: 0.00 M/s, Resolution: None
Name: 新疆卫视, URL: http://ott.mobaibox.com/PLTV/3/224/3221228290/index.m3u8, From: subscribe, IPv_Type: ipv6, Location: 中国, ISP: 中国移动, Date: None, Delay: -1 ms, Speed: 0.00 M/s, Resolution: None
Name: 新疆卫视, URL: http://rrs01.hw.gmcc.net:8088/PLTV/81/224/3221226700/1.m3u8, From: subscribe, IPv_Type: ipv6, Location: 中国, ISP: 中国移动, Date: None, Delay: -1 ms, Speed: 0.00 M/s, Resolution: None
Name: 新疆卫视, URL: http://k.061899.xyz/k.php?id=xjws, From: subscribe, IPv_Type: ipv6, Location: 新加坡, ISP: Aceville Pte.Ltd., Date: None, Delay: -1 ms, Speed: 0.00 M/s, Resolution: None
Name: 新疆卫视, URL: https://live.264788.xyz/channel/xinjiangweishi?streamid=3511726477c06c73fec0bab6f61e7594&livekey=01WgOR41rriMmMkzNsd0UoaxJRwetZdxIvtVk, From: subscribe, IPv_Type: ipv4, Location: 美国, ISP: CloudFlare节点, Date: None, Delay: 749 ms, Speed: 24.60 M/s, Resolution: 1920x1080
Name: 云南卫视, URL: http://n1.gzbody.com:85/rtp/239.253.43.100:5146, From: subscribe, IPv_Type: ipv6, Location: 中国, ISP: 中国电信, Date: None, Delay: -1 ms, Speed: 0.00 M/s, Resolution: None
Name: 云南卫视, URL: http://[2409:8087:1a15:10d1::39]/ottrrs.hl.chinamobile.com/PLTV/88888888/224/3221226444/index.m3u8, From: subscribe, IPv_Type: ipv6, Location: 中国, ISP: 中国移动, Date: None, Delay: -1 ms, Speed: 0.00 M/s, Resolution: None
Name: 云南卫视, URL: https://mursor.ottiptv.cc/mcp/yunnan.m3u8?sign=7eae58140852d3119a78ef3ad6ce3a33&tm=1757443317, From: subscribe, IPv_Type: ipv6, Location: 美国-新泽西州-巴赛克, ISP: DigitalOcean, Date: None, Delay: -1 ms, Speed: 0.00 M/s, Resolution: None
Name: 云南卫视, URL: https://migu.188766.xyz/?migutoken=c2049841bc66ef12838aaa7464d9b105&id=ynws&type=sz, From: subscribe, IPv_Type: ipv6, Location: 美国, ISP: CloudFlare Inc., Date: None, Delay: -1 ms, Speed: 0.00 M/s, Resolution: None
Name: 云南卫视, URL: http://dsj.motem.top:8880/bptv/10000100000000050000000003887453.m3u8, From: subscribe, IPv_Type: ipv6, Location: 美国, ISP: CloudFlare Inc., Date: None, Delay: -1 ms, Speed: 0.00 M/s, Resolution: None
Name: 云南卫视, URL: http://[2409:8087:8:21::18]:6610/otttv.bj.chinamobile.com/PLTV/88888888/224/3221227028/1.m3u8?GuardEncType=2&accountinfo=%7E%7EV2.0%7EGfQPqRNVeBjTMsZ48qu0SA%7EtP4-l0lmSfjwLWEfK_el1vH_mv-s1zo4AQJwdedaVwG9xkuFTDg8J26cwOrNJzn20BErrHdLhuZ9EzLUCD3PMW-OMx4MGteHV2vLeW6BqoY%2CEND, From: subscribe, IPv_Type: ipv6, Location: 中国, ISP: 中国移动, Date: None, Delay: -1 ms, Speed: 0.00 M/s, Resolution: None
Name: 云南卫视, URL: http://[2409:8087:1a01:df::4077]/ottrrs.hl.chinamobile.com/PLTV/88888888/8/3221226444/index.m3u8, From: subscribe, IPv_Type: ipv6, Location: 中国, ISP: 中国移动, Date: None, Delay: -1 ms, Speed: 0.00 M/s, Resolution: None
Name: 云南卫视, URL: https://cc06.tv12.xyz/114.m3u8, From: subscribe, IPv_Type: ipv6, Location: 美国, ISP: CloudFlare Inc., Date: None, Delay: -1 ms, Speed: 0.00 M/s, Resolution: None
Name: 云南卫视, URL: http://jk55269942.myqnapcloud.com:4022/rtp/239.49.0.177:8000, From: subscribe, IPv_Type: ipv6, Location: 中国, ISP: 中国联通, Date: None, Delay: -1 ms, Speed: 0.00 M/s, Resolution: None
Name: 云南卫视, URL: http://zcb.myds.me:10001/rtp/239.49.0.177:8000, From: subscribe, IPv_Type: ipv6, Location: 中国, ISP: 中国电信, Date: None, Delay: -1 ms, Speed: 0.00 M/s, Resolution: None
Name: 云南卫视, URL: https://shyd.695847.xyz/cms001/ch00000090990000001223/index.m3u8?IASHttpSessionId=RR4967720251014100028031761&ispcode=12, From: subscribe, IPv_Type: ipv6, Location: 美国, ISP: CloudFlare Inc., Date: None, Delay: -1 ms, Speed: 0.00 M/s, Resolution: None
Name: 云南卫视, URL: https://iptv.catvod.com/live.php?id=%E4%BA%91%E5%8D%97%E5%8D%AB%E8%A7%86, From: subscribe, IPv_Type: ipv6, Location: 美国, ISP: CloudFlare Inc., Date: None, Delay: -1 ms, Speed: 0.00 M/s, Resolution: None
Name: 云南卫视, URL: https://stream1.freetv.fun/chcying-mi-dian-ying-14.m3u8, From: subscribe, IPv_Type: ipv6, Location: 美国, ISP: CloudFlare Inc., Date: None, Delay: -1 ms, Speed: 0.00 M/s, Resolution: None
Name: 云南卫视, URL: http://tvgslb.hn.chinamobile.com:8089/180000001002/00000001000000000090000000215606/main.m3u8?stbid=, From: subscribe, IPv_Type: ipv6, Location: 中国, ISP: 中国移动, Date: None, Delay: -1 ms, Speed: 0.00 M/s, Resolution: None
Name: 云南卫视, URL: http://ott.mobaibox.com/PLTV/3/224/3221227571/index.m3u8, From: subscribe, IPv_Type: ipv6, Location: 中国, ISP: 中国移动, Date: None, Delay: -1 ms, Speed: 0.00 M/s, Resolution: None
Name: 云南卫视, URL: http://hwottcdn.ln.chinamobile.com/PLTV/11/224/3221227356/index.m3u8, From: subscribe, IPv_Type: ipv6, Location: 中国, ISP: 中国移动, Date: None, Delay: -1 ms, Speed: 0.00 M/s, Resolution: None
Name: 云南卫视, URL: http://iptvrr.sh.chinamobile.com:6060/cms001/ch00000090990000001223/index.m3u8, From: subscribe, IPv_Type: ipv6, Location: 中国, ISP: 中国移动, Date: None, Delay: -1 ms, Speed: 0.00 M/s, Resolution: None
Name: 云南卫视, URL: http://rrs01.hw.gmcc.net:8088/PLTV/81/224/3221226709/1.m3u8, From: subscribe, IPv_Type: ipv6, Location: 中国, ISP: 中国移动, Date: None, Delay: -1 ms, Speed: 0.00 M/s, Resolution: None
Name: 云南卫视, URL: http://hwltc.tv.cdn.zj.chinamobile.com/PLTV/88888888/224/3221236234/index.m3u8, From: subscribe, IPv_Type: ipv6, Location: 中国, ISP: 中国移动, Date: None, Delay: -1 ms, Speed: 0.00 M/s, Resolution: None
Name: 云南卫视, URL: http://k.061899.xyz/k.php?id=ynws, From: subscribe, IPv_Type: ipv6, Location: 新加坡, ISP: Aceville Pte.Ltd., Date: None, Delay: -1 ms, Speed: 0.00 M/s, Resolution: None
Name: 云南卫视, URL: https://t.freetv.fun/live/yun-nan-wei-shi-2.m3u8, From: subscribe, IPv_Type: ipv6, Location: 美国, ISP: CloudFlare Inc., Date: None, Delay: -1 ms, Speed: 0.00 M/s, Resolution: None
Name: 云南卫视, URL: https://live.264788.xyz/channel/yunnanweishi?streamid=22491d4d9e9620540ee58218ee249b35&livekey=01WgOR41rriMmMkzNsd0UoaxJRwetZdxIvtVk, From: subscribe, IPv_Type: ipv4, Location: 美国, ISP: CloudFlare节点, Date: None, Delay: 1604 ms, Speed: 14.25 M/s, Resolution: None
Name: 云南卫视, URL: http://192.151.150.154/live/ynwshd.m3u8, From: subscribe, IPv_Type: ipv4, Location: 美国-密苏里州-杰克逊县, ISP: Datashack公司, Date: None, Delay: 1332 ms, Speed: 3.42 M/s, Resolution: 1920x1080
Name: 云南卫视, URL: http://63.141.230.178:82/gslb/zbdq5.m3u8?id=ynwshd, From: subscribe, IPv_Type: ipv4, Location: 美国, ISP: , Date: None, Delay: 1601 ms, Speed: 3.30 M/s, Resolution: 1920x1080
Name: 云南卫视, URL: https://hwapi.yntv.net/ew265l/z1z6s5.m3u8, From: subscribe, IPv_Type: ipv4, Location: 中国-海南-海口, ISP: 电信, Date: None, Delay: 2468 ms, Speed: 0.46 M/s, Resolution: 1920x1080
Name: 翡翠台, URL: http://php.jdshipin.com:8880/TVOD/iptv.php?id=fct4, From: subscribe, IPv_Type: ipv6, Location: 美国, ISP: CloudFlare Inc., Date: None, Delay: -1 ms, Speed: 0.00 M/s, Resolution: None
Name: 翡翠台, URL: https://cdn.163189.xyz/live/fct4k/stream.m3u8, From: subscribe, IPv_Type: ipv6, Location: 美国, ISP: CloudFlare Inc., Date: None, Delay: -1 ms, Speed: 0.00 M/s, Resolution: None
Name: 翡翠台, URL: http://cdn9.163189.xyz/smt1.1.php?id=jade_twn, From: subscribe, IPv_Type: ipv6, Location: 美国, ISP: CloudFlare Inc., Date: None, Delay: -1 ms, Speed: 0.00 M/s, Resolution: None
Name: 翡翠台, URL: https://smt.1789.dpdns.org/smt3.2.1.php, From: subscribe, IPv_Type: ipv6, Location: 美国, ISP: CloudFlare Inc., Date: None, Delay: -1 ms, Speed: 0.00 M/s, Resolution: None
Name: 翡翠台, URL: https://live.catvod.com/smart.php, From: subscribe, IPv_Type: ipv6, Location: 美国, ISP: CloudFlare Inc., Date: None, Delay: -1 ms, Speed: 0.00 M/s, Resolution: None
Name: 翡翠台, URL: http://cdn.163189.xyz/live/fct4k/stream.m3u8, From: subscribe, IPv_Type: ipv6, Location: 美国, ISP: CloudFlare Inc., Date: None, Delay: -1 ms, Speed: 0.00 M/s, Resolution: None
Name: 翡翠台, URL: https://cdn3.163189.xyz/live/fct/stream.m3u8, From: subscribe, IPv_Type: ipv6, Location: 美国, ISP: CloudFlare Inc., Date: None, Delay: -1 ms, Speed: 0.00 M/s, Resolution: None
Name: 翡翠台, URL: http://cdn5.1678520.xyz/live/, From: subscribe, IPv_Type: ipv6, Location: 美国, ISP: CloudFlare Inc., Date: None, Delay: -1 ms, Speed: 0.00 M/s, Resolution: None
Name: 翡翠台, URL: https://migu.188766.xyz/?migutoken=a247a7a54fa753f087cb79e56eccce1c&id=%E7%BF%A1%E7%BF%A0%E5%8F%B0&pp=1, From: subscribe, IPv_Type: ipv6, Location: 美国, ISP: CloudFlare Inc., Date: None, Delay: -1 ms, Speed: 0.00 M/s, Resolution: None
Name: 翡翠台, URL: https://mytv.cdn.loc.cc/o12.php?id=fct, From: subscribe, IPv_Type: ipv6, Location: 美国, ISP: CloudFlare Inc., Date: None, Delay: -1 ms, Speed: 0.00 M/s, Resolution: None
Name: 翡翠台, URL: https://stream1.freetv.fun/ba009d94229ed40a5d9289178463fba7aa31fb0622f8ab2d66c01147828743ab.m3u8, From: subscribe, IPv_Type: ipv6, Location: 美国, ISP: CloudFlare Inc., Date: None, Delay: -1 ms, Speed: 0.00 M/s, Resolution: None
Name: 翡翠台, URL: https://cdn5.1678520.xyz/live/live2.1.php?id=j1, From: subscribe, IPv_Type: ipv6, Location: 美国, ISP: CloudFlare Inc., Date: None, Delay: -1 ms, Speed: 0.00 M/s, Resolution: None
Name: 翡翠台, URL: http://v2h.jdshipin.com:80/jade2/jade.stream/chunklist_w100.m3u8, From: subscribe, IPv_Type: ipv6, Location: 美国, ISP: CloudFlare Inc., Date: None, Delay: -1 ms, Speed: 0.00 M/s, Resolution: None
Name: 翡翠台, URL: http://r.jdshipin.com/GeWKr, From: subscribe, IPv_Type: ipv6, Location: 美国, ISP: CloudFlare Inc., Date: None, Delay: -1 ms, Speed: 0.00 M/s, Resolution: None
Name: 翡翠台, URL: https://012v4.pendy.dpdns.org/hls/a46a302c-3984-490c-847b-0ead582269e4/playlist.m3u8, From: subscribe, IPv_Type: ipv6, Location: 美国, ISP: CloudFlare Inc., Date: None, Delay: -1 ms, Speed: 0.00 M/s, Resolution: None
Name: 翡翠台, URL: https://smart.pendy.dpdns.org/Smart.php?id=jade_twn, From: subscribe, IPv_Type: ipv6, Location: 美国, ISP: CloudFlare Inc., Date: None, Delay: -1 ms, Speed: 0.00 M/s, Resolution: None
Name: 翡翠台, URL: https://hk.188766.xyz/?migutoken=512301912aa4490a37ab1b1faab4a65d&id=hk_fct&type=dy, From: subscribe, IPv_Type: ipv6, Location: 美国, ISP: CloudFlare Inc., Date: None, Delay: -1 ms, Speed: 0.00 M/s, Resolution: None
Name: 翡翠台, URL: https://mgev.188766.xyz/?migutoken=cf420890676263203350310d042cb803&id=hk_fct&type=dy, From: subscribe, IPv_Type: ipv6, Location: 美国, ISP: CloudFlare Inc., Date: None, Delay: -1 ms, Speed: 0.00 M/s, Resolution: None
Name: 翡翠台, URL: http://api.kkitv.itv888.vip:8080/streams/91wc8xdtj8/index.m3u8, From: subscribe, IPv_Type: ipv6, Location: 美国, ISP: CloudFlare Inc., Date: None, Delay: -1 ms, Speed: 0.00 M/s, Resolution: None
Name: 翡翠台, URL: http://hls.168.us.kg/u/81/master.m3u8, From: subscribe, IPv_Type: ipv6, Location: 美国, ISP: CloudFlare Inc., Date: None, Delay: -1 ms, Speed: 0.00 M/s, Resolution: None
Name: 翡翠台, URL: https://t.freetv.fun/live/fei-cui-1-1.m3u8, From: subscribe, IPv_Type: ipv6, Location: 美国, ISP: CloudFlare Inc., Date: None, Delay: -1 ms, Speed: 0.00 M/s, Resolution: None
Name: 翡翠台, URL: https://o11.163189.xyz/stream/tvb/fct/, From: subscribe, IPv_Type: ipv6, Location: 美国, ISP: CloudFlare Inc., Date: None, Delay: -1 ms, Speed: 0.00 M/s, Resolution: None
Name: 翡翠台, URL: http://mytv.cdn.loc.cc/o12.php?id=fct, From: subscribe, IPv_Type: ipv6, Location: 美国, ISP: CloudFlare Inc., Date: None, Delay: -1 ms, Speed: 0.00 M/s, Resolution: None
Name: 翡翠台, URL: https://smt.1678520.xyz/smt3.2.1.php?id=jade_twn, From: subscribe, IPv_Type: ipv6, Location: 美国, ISP: CloudFlare Inc., Date: None, Delay: -1 ms, Speed: 0.00 M/s, Resolution: None
Name: 翡翠台, URL: https://hls.iill.top/api/TVB-Jade/index.m3u8, From: subscribe, IPv_Type: ipv6, Location: 美国, ISP: CloudFlare Inc., Date: None, Delay: -1 ms, Speed: 0.00 M/s, Resolution: None
Name: 翡翠台, URL: http://o11.163189.xyz/stream/tvb/fct/, From: subscribe, IPv_Type: ipv6, Location: 美国, ISP: CloudFlare Inc., Date: None, Delay: -1 ms, Speed: 0.00 M/s, Resolution: None
Name: 翡翠台, URL: rtmp://223.76.215.33/live/xaingjiaoge-jade, From: subscribe, IPv_Type: ipv4, Location: 中国-湖北-黄石, ISP: 移动, Date: None, Delay: -1 ms, Speed: inf M/s, Resolution: 1920x1080
Name: 翡翠台, URL: rtmp://oc-play-ali.vipkid.com.cn/live/xianajiaoge-fct, From: subscribe, IPv_Type: ipv4, Location: 美国-科罗拉多州-布鲁姆菲尔德, ISP: Level3, Date: None, Delay: -1 ms, Speed: inf M/s, Resolution: 1920x1080
Name: 翡翠台 backup, URL: https://live.catvod.com/catvod_com.php?id=Jade_xue&token=35984550a0c8c10a2dce00ec44ec78957188b490a58ec310131ab0dc9b513dbc%3A1758241876, From: subscribe, IPv_Type: ipv6, Location: 美国, ISP: CloudFlare Inc., Date: None, Delay: -1 ms, Speed: 0.00 M/s, Resolution: None
Name: J 2, URL: https://live.catvod.com/catvod_com.php?id=j2_twn&token=c6b8402e6e38a8a65c482a0e166eb983f6522b4f8242fab3fd8c533088a52275%3A1758241876, From: subscribe, IPv_Type: ipv6, Location: 美国, ISP: CloudFlare Inc., Date: None, Delay: -1 ms, Speed: 0.00 M/s, Resolution: None
Name: 珍珠台, URL: https://smart.pendy.dpdns.org/Smart.php?id=pearl_twn, From: subscribe, IPv_Type: ipv6, Location: 美国, ISP: CloudFlare Inc., Date: None, Delay: -1 ms, Speed: 0.00 M/s, Resolution: None
Name: 珍珠台, URL: https://live.catvod.com/catvod_com.php?id=pearl_twn&token=f3fc06a8263834bea02af6896b628a484169263910e89f1ec868acb156019bbc%3A1758241876, From: subscribe, IPv_Type: ipv6, Location: 美国, ISP: CloudFlare Inc., Date: None, Delay: -1 ms, Speed: 0.00 M/s, Resolution: None
Name: 珍珠台, URL: http://api.kkitv.itv888.vip:8080/streams/qi0oiujn7hh/index.m3u8, From: subscribe, IPv_Type: ipv6, Location: 美国, ISP: CloudFlare Inc., Date: None, Delay: -1 ms, Speed: 0.00 M/s, Resolution: None
Name: 凤凰香港, URL: http://php.jdshipin.com/TVOD/iptv.php?id=fhhk2, From: subscribe, IPv_Type: ipv6, Location: 美国, ISP: CloudFlare Inc., Date: None, Delay: -1 ms, Speed: 0.00 M/s, Resolution: None
Name: 凤凰香港, URL: https://cdn6.163189.xyz/live/fhhk/stream.m3u8, From: subscribe, IPv_Type: ipv6, Location: 新加坡, ISP: Aceville Pte.Ltd., Date: None, Delay: -1 ms, Speed: 0.00 M/s, Resolution: None
Name: 凤凰香港, URL: https://migu.188766.xyz/?migutoken=bcb51f332f33b3751b3f4a1fa2b499fc&id=fhhk&pp=1, From: subscribe, IPv_Type: ipv6, Location: 美国, ISP: CloudFlare Inc., Date: None, Delay: -1 ms, Speed: 0.00 M/s, Resolution: None
Name: 凤凰香港, URL: http://cdn3.132.us.kg/live/fhhk/stream.m3u8, From: subscribe, IPv_Type: ipv6, Location: 美国, ISP: CloudFlare Inc., Date: None, Delay: -1 ms, Speed: 0.00 M/s, Resolution: None
Name: 凤凰香港, URL: https://smart.pendy.dpdns.org/Smart.php?id=hkphoenix_twn, From: subscribe, IPv_Type: ipv6, Location: 美国, ISP: CloudFlare Inc., Date: None, Delay: -1 ms, Speed: 0.00 M/s, Resolution: None
Name: 凤凰香港, URL: https://stream1.freetv.fun/feng-huang-xiang-gang-11.ctv, From: subscribe, IPv_Type: ipv6, Location: 美国, ISP: CloudFlare Inc., Date: None, Delay: -1 ms, Speed: 0.00 M/s, Resolution: None
Name: 凤凰香港, URL: https://epg.pw/stream/8770e89223a086eb1b8a0c931e42296d772a8069ad3eb72540e0c434e7cb3e93.m3u8, From: subscribe, IPv_Type: ipv6, Location: 美国, ISP: CloudFlare Inc., Date: None, Delay: -1 ms, Speed: 0.00 M/s, Resolution: None
Name: 凤凰香港, URL: http://r.jdshipin.com/NfC0f, From: subscribe, IPv_Type: ipv6, Location: 美国, ISP: CloudFlare Inc., Date: None, Delay: -1 ms, Speed: 0.00 M/s, Resolution: None
Name: 凤凰香港, URL: https://cdn9.163189.xyz/smt3.1.1.php?id=hkphoenix_twn, From: subscribe, IPv_Type: ipv6, Location: 美国, ISP: CloudFlare Inc., Date: None, Delay: -1 ms, Speed: 0.00 M/s, Resolution: None
Name: 凤凰香港, URL: https://mgev.188766.xyz/?migutoken=08c7cdbb589f572f6769a08f8f409913&id=fhhk&pp=1, From: subscribe, IPv_Type: ipv6, Location: 美国, ISP: CloudFlare Inc., Date: None, Delay: -1 ms, Speed: 0.00 M/s, Resolution: None
Name: 凤凰香港, URL: https://cdn6.101.qzz.io/163189/fhhk, From: subscribe, IPv_Type: ipv6, Location: 美国, ISP: CloudFlare Inc., Date: None, Delay: -1 ms, Speed: 0.00 M/s, Resolution: None
Name: 凤凰香港, URL: https://smt.1678520.xyz/smt3.2.1.php?id=hkphoenix_twn, From: subscribe, IPv_Type: ipv6, Location: 美国, ISP: CloudFlare Inc., Date: None, Delay: -1 ms, Speed: 0.00 M/s, Resolution: None
Name: 凤凰香港, URL: https://hk.188766.xyz/?migutoken=7567cd1ec463130a80a536d9d199d871&id=hk_fhhk&type=dy, From: subscribe, IPv_Type: ipv6, Location: 美国, ISP: CloudFlare Inc., Date: None, Delay: -1 ms, Speed: 0.00 M/s, Resolution: None
Name: 凤凰香港, URL: http://cdn6.163189.xyz/163189/fhhk, From: subscribe, IPv_Type: ipv6, Location: 新加坡, ISP: Aceville Pte.Ltd., Date: None, Delay: -1 ms, Speed: 0.00 M/s, Resolution: None
Name: 凤凰香港, URL: http://api.kkitv.itv888.vip:8080/streams/mty4v56ud39/index.m3u8, From: subscribe, IPv_Type: ipv6, Location: 美国, ISP: CloudFlare Inc., Date: None, Delay: -1 ms, Speed: 0.00 M/s, Resolution: None
Name: 凤凰香港, URL: http://smt.veryfast.filegear-sg.me/smt3.2.1.php?id=hkphoenix_twn, From: subscribe, IPv_Type: ipv6, Location: 新加坡, ISP: Aceville Pte.Ltd., Date: None, Delay: -1 ms, Speed: 0.00 M/s, Resolution: None
Name: 凤凰香港, URL: http://k.061899.xyz/k.php?id=fhhk, From: subscribe, IPv_Type: ipv6, Location: 新加坡, ISP: Aceville Pte.Ltd., Date: None, Delay: -1 ms, Speed: 0.00 M/s, Resolution: None
Name: 凤凰香港, URL: https://t.freetv.fun/live/feng-huang-xiang-gang.m3u8, From: subscribe, IPv_Type: ipv6, Location: 美国, ISP: CloudFlare Inc., Date: None, Delay: -1 ms, Speed: 0.00 M/s, Resolution: None
Name: RHK 31, URL: https://live.catvod.com/catvod_com.php?id=rhk31_twn&token=0dc71e55e15bc49d38d0a2f571bf927470a3130e40ddaa6d1eb6217c5155139f%3A1758241876, From: subscribe, IPv_Type: ipv6, Location: 美国, ISP: CloudFlare Inc., Date: None, Delay: -1 ms, Speed: 0.00 M/s, Resolution: None
Name: RHK 31, URL: http://api.kkitv.itv888.vip:8080/streams/au9u4ktua3t/index.m3u8, From: subscribe, IPv_Type: ipv6, Location: 美国, ISP: CloudFlare Inc., Date: None, Delay: -1 ms, Speed: 0.00 M/s, Resolution: None
Name: VIUTV1, URL: https://live.catvod.com/catvod_com.php?id=viu1_twn&token=7d2e06de4e65a5e33bcc89bc0e46615a80cbef77aba6d30b1b8a1a1a00424ff8%3A1758241876, From: subscribe, IPv_Type: ipv6, Location: 美国, ISP: CloudFlare Inc., Date: None, Delay: -1 ms, Speed: 0.00 M/s, Resolution: None
Name: VIUTV1, URL: https://smart.pendy.dpdns.org/Smart.php?id=viu1_twn, From: subscribe, IPv_Type: ipv6, Location: 美国, ISP: CloudFlare Inc., Date: None, Delay: -1 ms, Speed: 0.00 M/s, Resolution: None
Name: VIUTV1, URL: http://api.kkitv.itv888.vip:8080/streams/i76tznm59xp/index.m3u8, From: subscribe, IPv_Type: ipv6, Location: 美国, ISP: CloudFlare Inc., Date: None, Delay: -1 ms, Speed: 0.00 M/s, Resolution: None
Name: RHK 32, URL: https://live.catvod.com/catvod_com.php?id=rhk32_twn&token=039fb85c3d49cf1a2ffa916c7332b4756fca2416480d6315467e2d54449a1670%3A1758241876, From: subscribe, IPv_Type: ipv6, Location: 美国, ISP: CloudFlare Inc., Date: None, Delay: -1 ms, Speed: 0.00 M/s, Resolution: None
Name: RHK 32, URL: https://smart.pendy.dpdns.org/Smart.php?id=rhk32_twn, From: subscribe, IPv_Type: ipv6, Location: 美国, ISP: CloudFlare Inc., Date: None, Delay: -1 ms, Speed: 0.00 M/s, Resolution: None
Name: RHK 32, URL: http://api.kkitv.itv888.vip:8080/streams/emzampd6m1i/index.m3u8, From: subscribe, IPv_Type: ipv6, Location: 美国, ISP: CloudFlare Inc., Date: None, Delay: -1 ms, Speed: 0.00 M/s, Resolution: None
Name: 凤凰卫视, URL: http://php.jdshipin.com:8880/smt.php?id=phoenixtv_hd, From: subscribe, IPv_Type: ipv6, Location: 美国, ISP: CloudFlare Inc., Date: None, Delay: -1 ms, Speed: 0.00 M/s, Resolution: None
Name: 凤凰卫视, URL: https://stream1.freetv.fun/08e5440bb83a804440e341ae792cffc38d6844b04d5a2c7a4fc5ee04a6fe6bc6.m3u8, From: subscribe, IPv_Type: ipv6, Location: 美国, ISP: CloudFlare Inc., Date: None, Delay: -1 ms, Speed: 0.00 M/s, Resolution: None
Name: 凤凰卫视, URL: http://api.kkitv.itv888.vip:8080/streams/vny1wblsnch/index.m3u8, From: subscribe, IPv_Type: ipv6, Location: 美国, ISP: CloudFlare Inc., Date: None, Delay: -1 ms, Speed: 0.00 M/s, Resolution: None
Name: 凤凰资讯, URL: http://php.jdshipin.com/TVOD/iptv.php?id=fhzx, From: local, IPv_Type: ipv6, Location: 美国, ISP: CloudFlare Inc., Date: None, Delay: -1 ms, Speed: 0.00 M/s, Resolution: None
Name: 凤凰资讯, URL: https://cdn3.163189.xyz/live/fhzx/stream.m3u8, From: subscribe, IPv_Type: ipv6, Location: 美国, ISP: CloudFlare Inc., Date: None, Delay: -1 ms, Speed: 0.00 M/s, Resolution: None
Name: 凤凰资讯, URL: http://cdn5.1678520.xyz:80/live/live2.1.php?id=fhzx, From: subscribe, IPv_Type: ipv6, Location: 美国, ISP: CloudFlare Inc., Date: None, Delay: -1 ms, Speed: 0.00 M/s, Resolution: None
Name: 凤凰资讯, URL: https://migu.188766.xyz/?migutoken=94d188849fd7e4410ada7e3013f292a4&id=fhzx&pp=1, From: subscribe, IPv_Type: ipv6, Location: 美国, ISP: CloudFlare Inc., Date: None, Delay: -1 ms, Speed: 0.00 M/s, Resolution: None
Name: 凤凰资讯, URL: https://cdn6.163189.xyz/live/fhzx/stream.m3u8, From: subscribe, IPv_Type: ipv6, Location: 新加坡, ISP: Aceville Pte.Ltd., Date: None, Delay: -1 ms, Speed: 0.00 M/s, Resolution: None
Name: 凤凰资讯, URL: https://hls-gateway.vpstv.net/streams/476958.m3u8, From: subscribe, IPv_Type: ipv6, Location: 美国, ISP: CloudFlare Inc., Date: None, Delay: -1 ms, Speed: 0.00 M/s, Resolution: None
Name: 凤凰资讯, URL: https://stream1.freetv.fun/a5857ad51b58a0f7a8c9cbdf291571692b0eed9f5ab2cfce97a211260533c0d8.m3u8, From: subscribe, IPv_Type: ipv6, Location: 美国, ISP: CloudFlare Inc., Date: None, Delay: -1 ms, Speed: 0.00 M/s, Resolution: None
Name: 凤凰资讯, URL: http://cdn3.163189.xyz/live/fhzx/stream.m3u8, From: subscribe, IPv_Type: ipv6, Location: 美国, ISP: CloudFlare Inc., Date: None, Delay: -1 ms, Speed: 0.00 M/s, Resolution: None
Name: 凤凰资讯, URL: http://wouu.net:9977/rtp/239.93.0.118:2191?Cf=cfss.cc, From: subscribe, IPv_Type: ipv6, Location: 保留地址, ISP: 主机之间的链路本地地址, Date: None, Delay: -1 ms, Speed: 0.00 M/s, Resolution: None
Name: 凤凰资讯, URL: https://k44991.kylintv.tv/live/pxinhd_iphone.m3u8, From: subscribe, IPv_Type: ipv6, Location: 美国-德克萨斯州-奥斯汀, ISP: Confluence-Networks, Date: None, Delay: -1 ms, Speed: 0.00 M/s, Resolution: None
Name: 凤凰资讯, URL: https://smart.pendy.dpdns.org/Smart.php?id=phoenixinfo_hd, From: subscribe, IPv_Type: ipv6, Location: 美国, ISP: CloudFlare Inc., Date: None, Delay: -1 ms, Speed: 0.00 M/s, Resolution: None
Name: 凤凰资讯, URL: http://www.terrykang.cn:5678/sxg.php?id=test2_4000, From: subscribe, IPv_Type: ipv6, Location: 中国, ISP: 中国电信, Date: None, Delay: -1 ms, Speed: 0.00 M/s, Resolution: None
Name: 凤凰资讯, URL: https://cdn9.163189.xyz/smt3.1.1.php?id=phoenixinfo_hd, From: subscribe, IPv_Type: ipv6, Location: 美国, ISP: CloudFlare Inc., Date: None, Delay: -1 ms, Speed: 0.00 M/s, Resolution: None
Name: 凤凰资讯, URL: https://smt.1678520.xyz/smt3.2.1.php?id=phoenixinfo_hd, From: subscribe, IPv_Type: ipv6, Location: 美国, ISP: CloudFlare Inc., Date: None, Delay: -1 ms, Speed: 0.00 M/s, Resolution: None
Name: 凤凰资讯, URL: https://mgev.188766.xyz/?migutoken=df63d42f38c3f51190ea5bdf3fcf751b&id=fhzx&pp=1, From: subscribe, IPv_Type: ipv6, Location: 美国, ISP: CloudFlare Inc., Date: None, Delay: -1 ms, Speed: 0.00 M/s, Resolution: None
Name: 凤凰资讯, URL: https://cdn6.101.qzz.io/163189/fhzx, From: subscribe, IPv_Type: ipv6, Location: 美国, ISP: CloudFlare Inc., Date: None, Delay: -1 ms, Speed: 0.00 M/s, Resolution: None
Name: 凤凰资讯, URL: http://r.jdshipin.com/0Rp07, From: subscribe, IPv_Type: ipv6, Location: 美国, ISP: CloudFlare Inc., Date: None, Delay: -1 ms, Speed: 0.00 M/s, Resolution: None
Name: 凤凰资讯, URL: https://hk.188766.xyz/?migutoken=bb689afb265117c6b96a75b01054fd81&id=hk_fhzx&type=dy, From: subscribe, IPv_Type: ipv6, Location: 美国, ISP: CloudFlare Inc., Date: None, Delay: -1 ms, Speed: 0.00 M/s, Resolution: None
Name: 凤凰资讯, URL: http://api.kkitv.itv888.vip:8080/streams/wzt3qbit80m/index.m3u8, From: subscribe, IPv_Type: ipv6, Location: 美国, ISP: CloudFlare Inc., Date: None, Delay: -1 ms, Speed: 0.00 M/s, Resolution: None
Name: 凤凰资讯, URL: http://cdn6.163189.xyz/163189/fhzx, From: subscribe, IPv_Type: ipv6, Location: 新加坡, ISP: Aceville Pte.Ltd., Date: None, Delay: -1 ms, Speed: 0.00 M/s, Resolution: None
Name: 凤凰资讯, URL: http://smt.veryfast.filegear-sg.me/smt3.2.1.php?id=phoenixinfo_hd, From: subscribe, IPv_Type: ipv6, Location: 新加坡, ISP: Aceville Pte.Ltd., Date: None, Delay: -1 ms, Speed: 0.00 M/s, Resolution: None
Name: 凤凰资讯, URL: https://5.edge.101.qzz.io/smt3.2.1.php?id=phoenixinfo_hd, From: subscribe, IPv_Type: ipv6, Location: 新加坡, ISP: Aceville Pte.Ltd., Date: None, Delay: -1 ms, Speed: 0.00 M/s, Resolution: None
Name: 凤凰资讯, URL: http://k.061899.xyz/k.php?id=fhzx, From: subscribe, IPv_Type: ipv6, Location: 新加坡, ISP: Aceville Pte.Ltd., Date: None, Delay: -1 ms, Speed: 0.00 M/s, Resolution: None
Name: 凤凰资讯, URL: https://t.freetv.fun/live/feng-huang-zi-xun-1.m3u8, From: subscribe, IPv_Type: ipv6, Location: 美国, ISP: CloudFlare Inc., Date: None, Delay: -1 ms, Speed: 0.00 M/s, Resolution: None
Name: 凤凰资讯, URL: https://live.catvod.com/live.php?id=phoenixinfo_hd, From: subscribe, IPv_Type: ipv6, Location: 美国, ISP: CloudFlare Inc., Date: None, Delay: -1 ms, Speed: 0.00 M/s, Resolution: None
Name: 凤凰资讯, URL: rtmp://oc-play-ali.vipkid.com.cn/live/xianajiaoge-fhzx, From: subscribe, IPv_Type: ipv4, Location: 美国-科罗拉多州-布鲁姆菲尔德, ISP: Level3, Date: None, Delay: -1 ms, Speed: inf M/s, Resolution: 1920x1080
Name: Viu6, URL: https://live.catvod.com/catvod_com.php?id=viusix_twn&token=b4b75d4a495262aea37822fd61295e36c649406d017685431bcc75e7b949632b%3A1758241876, From: subscribe, IPv_Type: ipv6, Location: 美国, ISP: CloudFlare Inc., Date: None, Delay: -1 ms, Speed: 0.00 M/s, Resolution: None
Name: Viu6, URL: https://smart.pendy.dpdns.org/Smart.php?id=viusix_twn, From: subscribe, IPv_Type: ipv6, Location: 美国, ISP: CloudFlare Inc., Date: None, Delay: -1 ms, Speed: 0.00 M/s, Resolution: None
Name: Viu6, URL: http://api.kkitv.itv888.vip:8080/streams/bvdslcl5cts/index.m3u8, From: subscribe, IPv_Type: ipv6, Location: 美国, ISP: CloudFlare Inc., Date: None, Delay: -1 ms, Speed: 0.00 M/s, Resolution: None
Name: 公视, URL: http://pullpackage.alivecdn.com/live/laQyYo2R9KNEOiwM1uacLEYJs0zLZR34rbw69ivdrfQqrDqndY.flv, From: subscribe, IPv_Type: ipv6, Location: 美国-加利福尼亚州-洛杉矶, ISP: Level3, Date: None, Delay: -1 ms, Speed: 0.00 M/s, Resolution: None
Name: 公视, URL: https://hls-gateway.vpstv.net/streams/476984.m3u8, From: subscribe, IPv_Type: ipv6, Location: 美国, ISP: CloudFlare Inc., Date: None, Delay: -1 ms, Speed: 0.00 M/s, Resolution: None
Name: 公视, URL: http://live.catvod.com/smart.php?id=ctv_taiwan, From: subscribe, IPv_Type: ipv6, Location: 美国, ISP: CloudFlare Inc., Date: None, Delay: -1 ms, Speed: 0.00 M/s, Resolution: None
Name: 公视, URL: https://live.catvod.com/live.php?id=ctv_taiwan&token=cfd6f93fcc796943129eca479de315f2acac8ccc64d1975158808757d2673feb%3A1760231823%3AMTcyLjIxMi4xNjUuNjc%3D, From: subscribe, IPv_Type: ipv6, Location: 美国, ISP: CloudFlare Inc., Date: None, Delay: -1 ms, Speed: 0.00 M/s, Resolution: None
Name: 公视, URL: http://jp.809899.xyz/smt.php?id=ctv_taiwan, From: subscribe, IPv_Type: ipv6, Location: 美国, ISP: CloudFlare Inc., Date: None, Delay: -1 ms, Speed: 0.00 M/s, Resolution: None
Name: 公视, URL: http://211.72.174.95:8116/0.ts, From: subscribe, IPv_Type: ipv4, Location: 中国-台湾, ISP: 中华电信(HiNet), Date: None, Delay: 407 ms, Speed: 0.30 M/s, Resolution: 1920x1080
Name: 民视, URL: https://hls-gateway.vpstv.net/streams/476986.m3u8, From: subscribe, IPv_Type: ipv6, Location: 美国, ISP: CloudFlare Inc., Date: None, Delay: -1 ms, Speed: 0.00 M/s, Resolution: None
Name: 民视, URL: https://live.catvod.com/catvod_com.php?id=ftvhd_taiwan&token=678b0383bd693d719033c0e65c845f99f6168d812d9148000e96d082dfcbb12c%3A1758241876, From: subscribe, IPv_Type: ipv6, Location: 美国, ISP: CloudFlare Inc., Date: None, Delay: -1 ms, Speed: 0.00 M/s, Resolution: None
Name: 民视, URL: https://smart.pendy.dpdns.org/Smart.php?id=ftvhd_taiwan, From: subscribe, IPv_Type: ipv6, Location: 美国, ISP: CloudFlare Inc., Date: None, Delay: -1 ms, Speed: 0.00 M/s, Resolution: None
Name: 民视, URL: http://breezy-audrie-zspace-7524863c.koyeb.app/vipsir?token=leifeng&id=4gtv-4gtv002, From: subscribe, IPv_Type: ipv6, Location: 美国, ISP: CloudFlare Inc., Date: None, Delay: -1 ms, Speed: 0.00 M/s, Resolution: None
Name: 民视, URL: https://tmxk.pp.ua/litv.php?token=tmxk&id=4gtv-4gtv002, From: subscribe, IPv_Type: ipv6, Location: 美国, ISP: Oracle Corporation, Date: None, Delay: -1 ms, Speed: 0.00 M/s, Resolution: None
Name: 民视, URL: https://stream1.freetv.fun/min-shi-6.ctv, From: subscribe, IPv_Type: ipv6, Location: 美国, ISP: CloudFlare Inc., Date: None, Delay: -1 ms, Speed: 0.00 M/s, Resolution: None
Name: 民视, URL: https://t.freetv.fun/live/min-shi-2.php, From: subscribe, IPv_Type: ipv6, Location: 美国, ISP: CloudFlare Inc., Date: None, Delay: -1 ms, Speed: 0.00 M/s, Resolution: None
Name: 民视, URL: http://211.72.174.95:8115/0.ts, From: subscribe, IPv_Type: ipv4, Location: 中国-台湾, ISP: 中华电信(HiNet), Date: None, Delay: 416 ms, Speed: 0.31 M/s, Resolution: 1920x1080
Name: 中视, URL: https://stream1.freetv.fun/zhong-shi-6.m3u8, From: subscribe, IPv_Type: ipv6, Location: 美国, ISP: CloudFlare Inc., Date: None, Delay: -1 ms, Speed: 0.00 M/s, Resolution: None
Name: 中视, URL: http://pullpackage.alivecdn.com/live/ShLJKgSj71R4wf0v8TfYoSUE68hUT0uREPo2R9KGe0pgDFxpIw.flv, From: subscribe, IPv_Type: ipv6, Location: 美国-加利福尼亚州-洛杉矶, ISP: Level3, Date: None, Delay: -1 ms, Speed: 0.00 M/s, Resolution: None
Name: 中视, URL: https://smart.pendy.dpdns.org/Smart.php?id=zhongshihd_twn, From: subscribe, IPv_Type: ipv6, Location: 美国, ISP: CloudFlare Inc., Date: None, Delay: -1 ms, Speed: 0.00 M/s, Resolution: None
Name: 中视, URL: https://hls-gateway.vpstv.net/streams/476983.m3u8, From: subscribe, IPv_Type: ipv6, Location: 美国, ISP: CloudFlare Inc., Date: None, Delay: -1 ms, Speed: 0.00 M/s, Resolution: None
Name: 中视, URL: https://live.catvod.com/catvod_com.php?id=zhongshihd_twn&token=a0f898d1dc96d34967009b15669b7f4cec015deda8db44e9d59f4f82d1c2e828%3A1758241876, From: subscribe, IPv_Type: ipv6, Location: 美国, ISP: CloudFlare Inc., Date: None, Delay: -1 ms, Speed: 0.00 M/s, Resolution: None
Name: 中视, URL: http://breezy-audrie-zspace-7524863c.koyeb.app/vipsir?token=leifeng&id=4gtv-4gtv040, From: subscribe, IPv_Type: ipv6, Location: 美国, ISP: CloudFlare Inc., Date: None, Delay: -1 ms, Speed: 0.00 M/s, Resolution: None
Name: 中视, URL: https://php.946985.xyz/jack4gtv.php?id=4gtv-4gtv040, From: subscribe, IPv_Type: ipv6, Location: 美国, ISP: CloudFlare Inc., Date: None, Delay: -1 ms, Speed: 0.00 M/s, Resolution: None
Name: 中视, URL: https://4gtv.dxjc.pp.ua/li-4gtv-4gtv040/index.m3u8, From: subscribe, IPv_Type: ipv6, Location: 新加坡, ISP: Aceville Pte.Ltd., Date: None, Delay: -1 ms, Speed: 0.00 M/s, Resolution: None
Name: 中视, URL: https://mao.ffmking888.dpdns.org/?id=5Lit6KaW&auth=30234cedf871581989d3c91a3daec1e9f50e024aafcfa2247e7d44d91bb8d02fbc3f571b2d67f9d82642cc1d0f133d89, From: subscribe, IPv_Type: ipv6, Location: 美国, ISP: CloudFlare Inc., Date: None, Delay: -1 ms, Speed: 0.00 M/s, Resolution: None
Name: 中视, URL: https://edgeone.passwdword.xyz/ofiii.php?token=passwd&id=4gtv-4gtv040, From: subscribe, IPv_Type: ipv6, Location: 美国, ISP: CloudFlare Inc., Date: None, Delay: -1 ms, Speed: 0.00 M/s, Resolution: None
Name: 中视, URL: https://tmxk.pp.ua/litv.php?token=tmxk&id=4gtv-4gtv040, From: subscribe, IPv_Type: ipv6, Location: 美国, ISP: Oracle Corporation, Date: None, Delay: -1 ms, Speed: 0.00 M/s, Resolution: None
Name: 中视, URL: http://jp.809899.xyz/smt.php?id=zhongshihd_twn, From: subscribe, IPv_Type: ipv6, Location: 美国, ISP: CloudFlare Inc., Date: None, Delay: -1 ms, Speed: 0.00 M/s, Resolution: None
Name: 中视, URL: https://t.freetv.fun/live/zhong-shi-12.m3u8, From: subscribe, IPv_Type: ipv6, Location: 美国, ISP: CloudFlare Inc., Date: None, Delay: -1 ms, Speed: 0.00 M/s, Resolution: None
Name: 中视, URL: http://xclasvgas.sylu.cc:8880/?token=dbm&id=4gtv-4gtv040, From: subscribe, IPv_Type: ipv6, Location: 美国, ISP: CloudFlare Inc., Date: None, Delay: -1 ms, Speed: 0.00 M/s, Resolution: None
Name: 中视, URL: https://litv.tzh911.qzz.io/litv.php?id=4gtv-4gtv040&token=https://t.me/GPT_858, From: subscribe, IPv_Type: ipv6, Location: 美国, ISP: CloudFlare Inc., Date: None, Delay: -1 ms, Speed: 0.00 M/s, Resolution: None
Name: 中视, URL: http://kaniptv.com/xz/xz_f09181ac93/wwkds.php?id=zs, From: subscribe, IPv_Type: ipv6, Location: 美国, ISP: CloudFlare Inc., Date: None, Delay: -1 ms, Speed: 0.00 M/s, Resolution: None
Name: 中视, URL: http://211.72.174.95:8113/0.ts, From: subscribe, IPv_Type: ipv4, Location: 中国-台湾, ISP: 中华电信(HiNet), Date: None, Delay: 427 ms, Speed: 0.30 M/s, Resolution: 1920x1080
Name: 华视, URL: https://stream1.freetv.fun/hua-shi-4.m3u8, From: subscribe, IPv_Type: ipv6, Location: 美国, ISP: CloudFlare Inc., Date: None, Delay: -1 ms, Speed: 0.00 M/s, Resolution: None
Name: 华视, URL: http://pullpackage.alivecdn.com/live/pIo2R9K6geqWLAzPjvY5TD8d8eGRkdFBAZn8IfdKPAA57savCh.flv, From: subscribe, IPv_Type: ipv6, Location: 美国-加利福尼亚州-洛杉矶, ISP: Level3, Date: None, Delay: -1 ms, Speed: 0.00 M/s, Resolution: None
Name: 华视, URL: https://hls-gateway.vpstv.net/streams/476985.m3u8, From: subscribe, IPv_Type: ipv6, Location: 美国, ISP: CloudFlare Inc., Date: None, Delay: -1 ms, Speed: 0.00 M/s, Resolution: None
Name: 华视, URL: http://breezy-audrie-zspace-7524863c.koyeb.app/vipsir?token=leifeng&id=4gtv-4gtv041, From: subscribe, IPv_Type: ipv6, Location: 美国, ISP: CloudFlare Inc., Date: None, Delay: -1 ms, Speed: 0.00 M/s, Resolution: None
Name: 华视, URL: https://php.946985.xyz/jack4gtv.php?id=4gtv-4gtv041, From: subscribe, IPv_Type: ipv6, Location: 美国, ISP: CloudFlare Inc., Date: None, Delay: -1 ms, Speed: 0.00 M/s, Resolution: None
Name: 华视, URL: https://live.catvod.com/live.php?id=ctshd_twn&token=20236887dbc8b0b0bb362d288cfc2d862b3162a78ed3a200f9817c15ef81c7c0%3A1760231823%3AMTcyLjIxMi4xNjUuNjc%3D, From: subscribe, IPv_Type: ipv6, Location: 美国, ISP: CloudFlare Inc., Date: None, Delay: -1 ms, Speed: 0.00 M/s, Resolution: None
Name: 华视, URL: https://4gtv.dxjc.pp.ua/li-4gtv-4gtv041/index.m3u8, From: subscribe, IPv_Type: ipv6, Location: 新加坡, ISP: Aceville Pte.Ltd., Date: None, Delay: -1 ms, Speed: 0.00 M/s, Resolution: None
Name: 华视, URL: https://mao.ffmking888.dpdns.org/?id=6Iav6KaW&auth=30234cedf871581989d3c91a3daec1e9f50e024aafcfa2247e7d44d91bb8d02fbc3f571b2d67f9d82642cc1d0f133d89, From: subscribe, IPv_Type: ipv6, Location: 美国, ISP: CloudFlare Inc., Date: None, Delay: -1 ms, Speed: 0.00 M/s, Resolution: None
Name: 华视, URL: https://edgeone.passwdword.xyz/ofiii.php?token=passwd&id=4gtv-4gtv041, From: subscribe, IPv_Type: ipv6, Location: 美国, ISP: CloudFlare Inc., Date: None, Delay: -1 ms, Speed: 0.00 M/s, Resolution: None
Name: 华视, URL: https://tmxk.pp.ua/litv.php?token=tmxk&id=4gtv-4gtv041, From: subscribe, IPv_Type: ipv6, Location: 美国, ISP: Oracle Corporation, Date: None, Delay: -1 ms, Speed: 0.00 M/s, Resolution: None
Name: 华视, URL: http://jp.809899.xyz/smt.php?id=ctshd_twn, From: subscribe, IPv_Type: ipv6, Location: 美国, ISP: CloudFlare Inc., Date: None, Delay: -1 ms, Speed: 0.00 M/s, Resolution: None
Name: 华视, URL: https://t.freetv.fun/live/hua-shi-13.m3u8, From: subscribe, IPv_Type: ipv6, Location: 美国, ISP: CloudFlare Inc., Date: None, Delay: -1 ms, Speed: 0.00 M/s, Resolution: None
Name: 华视, URL: http://xclasvgas.sylu.cc:8880/?token=dbm&id=4gtv-4gtv041, From: subscribe, IPv_Type: ipv6, Location: 美国, ISP: CloudFlare Inc., Date: None, Delay: -1 ms, Speed: 0.00 M/s, Resolution: None
Name: 华视, URL: https://litv.tzh911.qzz.io/litv.php?id=4gtv-4gtv041&token=https://t.me/GPT_858, From: subscribe, IPv_Type: ipv6, Location: 美国, ISP: CloudFlare Inc., Date: None, Delay: -1 ms, Speed: 0.00 M/s, Resolution: None
Name: 华视, URL: http://kaniptv.com/xz/xz_f09181ac93/wwkds.php?id=hs, From: subscribe, IPv_Type: ipv6, Location: 美国, ISP: CloudFlare Inc., Date: None, Delay: -1 ms, Speed: 0.00 M/s, Resolution: None
Name: 华视, URL: http://211.72.174.95:8114/0.ts, From: subscribe, IPv_Type: ipv4, Location: 中国-台湾, ISP: 中华电信(HiNet), Date: None, Delay: 412 ms, Speed: 0.29 M/s, Resolution: 1920x1080
Name: 台视, URL: https://stream1.freetv.fun/tai-shi-6.m3u8, From: subscribe, IPv_Type: ipv6, Location: 美国, ISP: CloudFlare Inc., Date: None, Delay: -1 ms, Speed: 0.00 M/s, Resolution: None
Name: 台视, URL: http://pullpackage.alivecdn.com/live/pUYRwiaacRh4uyd7o2R9KOPIPg4zbh5a9Pf7IFqlGzjcIPsKG9.flv, From: subscribe, IPv_Type: ipv6, Location: 美国-加利福尼亚州-洛杉矶, ISP: Level3, Date: None, Delay: -1 ms, Speed: 0.00 M/s, Resolution: None
Name: 台视, URL: https://hls-gateway.vpstv.net/streams/476982.m3u8, From: subscribe, IPv_Type: ipv6, Location: 美国, ISP: CloudFlare Inc., Date: None, Delay: -1 ms, Speed: 0.00 M/s, Resolution: None
Name: 台视, URL: http://breezy-audrie-zspace-7524863c.koyeb.app/vipsir?token=leifeng&id=4gtv-4gtv066, From: subscribe, IPv_Type: ipv6, Location: 美国, ISP: CloudFlare Inc., Date: None, Delay: -1 ms, Speed: 0.00 M/s, Resolution: None
Name: 台视, URL: https://live.catvod.com/live.php?id=ttv_taiwan&token=78b07c5e73d8af8246c278e8faab8edb0cee1df179133eadf733fc3d14f23dc8%3A1760231823%3AMTcyLjIxMi4xNjUuNjc%3D, From: subscribe, IPv_Type: ipv6, Location: 美国, ISP: CloudFlare Inc., Date: None, Delay: -1 ms, Speed: 0.00 M/s, Resolution: None
Name: 台视, URL: https://edgeone.passwdword.xyz/ofiii.php?token=passwd&id=4gtv-4gtv066, From: subscribe, IPv_Type: ipv6, Location: 美国, ISP: CloudFlare Inc., Date: None, Delay: -1 ms, Speed: 0.00 M/s, Resolution: None
Name: 台视, URL: https://tmxk.pp.ua/litv.php?token=tmxk&id=4gtv-4gtv066, From: subscribe, IPv_Type: ipv6, Location: 美国, ISP: Oracle Corporation, Date: None, Delay: -1 ms, Speed: 0.00 M/s, Resolution: None
Name: 台视, URL: http://jp.809899.xyz/smt.php?id=ttv_taiwan, From: subscribe, IPv_Type: ipv6, Location: 美国, ISP: CloudFlare Inc., Date: None, Delay: -1 ms, Speed: 0.00 M/s, Resolution: None
Name: 台视, URL: https://4gtv.mytvsuper.xyz/litv/4gtv-4gtv066, From: subscribe, IPv_Type: ipv6, Location: 美国, ISP: CloudFlare Inc., Date: None, Delay: -1 ms, Speed: 0.00 M/s, Resolution: None
Name: 台视, URL: https://t.freetv.fun/live/tai-shi-11.m3u8, From: subscribe, IPv_Type: ipv6, Location: 美国, ISP: CloudFlare Inc., Date: None, Delay: -1 ms, Speed: 0.00 M/s, Resolution: None
Name: 凤凰中文, URL: http://php.jdshipin.com/TVOD/iptv.php?id=fhzw2, From: subscribe, IPv_Type: ipv6, Location: 美国, ISP: CloudFlare Inc., Date: None, Delay: -1 ms, Speed: 0.00 M/s, Resolution: None
Name: 凤凰中文, URL: https://cdn.163189.xyz/live/fhzw/stream.m3u8, From: subscribe, IPv_Type: ipv6, Location: 美国, ISP: CloudFlare Inc., Date: None, Delay: -1 ms, Speed: 0.00 M/s, Resolution: None
Name: 凤凰中文, URL: http://cdn.163189.xyz/live/fhzw/stream.m3u8, From: subscribe, IPv_Type: ipv6, Location: 美国, ISP: CloudFlare Inc., Date: None, Delay: -1 ms, Speed: 0.00 M/s, Resolution: None
Name: 凤凰中文, URL: http://cdn5.1678520.xyz/live/, From: subscribe, IPv_Type: ipv6, Location: 美国, ISP: CloudFlare Inc., Date: None, Delay: -1 ms, Speed: 0.00 M/s, Resolution: None
Name: 凤凰中文, URL: https://migu.188766.xyz/?migutoken=fc1818847c94879c9882d8261fa3bd8c&id=fhzw&pp=1, From: subscribe, IPv_Type: ipv6, Location: 美国, ISP: CloudFlare Inc., Date: None, Delay: -1 ms, Speed: 0.00 M/s, Resolution: None
Name: 凤凰中文, URL: https://stream1.freetv.fun/4e695e885cc20b20b7e3ec874fe52ed75e27443778c8ff29e498c4c9d7cec4a0.m3u8, From: subscribe, IPv_Type: ipv6, Location: 美国, ISP: CloudFlare Inc., Date: None, Delay: -1 ms, Speed: 0.00 M/s, Resolution: None
Name: 凤凰中文, URL: https://k44991.kylintv.tv/live/pxna_iphone.m3u8, From: subscribe, IPv_Type: ipv6, Location: 美国-德克萨斯州-奥斯汀, ISP: Confluence-Networks, Date: None, Delay: -1 ms, Speed: 0.00 M/s, Resolution: None
Name: 凤凰中文, URL: http://wouu.net:9977/rtp/239.93.0.162:2192?Cf=cfss.cc, From: subscribe, IPv_Type: ipv6, Location: 保留地址, ISP: 主机之间的链路本地地址, Date: None, Delay: -1 ms, Speed: 0.00 M/s, Resolution: None
Name: 凤凰中文, URL: http://www.terrykang.cn:5678/sxg.php?id=test1_4000, From: subscribe, IPv_Type: ipv6, Location: 中国, ISP: 中国电信, Date: None, Delay: -1 ms, Speed: 0.00 M/s, Resolution: None
Name: 凤凰中文, URL: http://r.jdshipin.com/cCCzW, From: subscribe, IPv_Type: ipv6, Location: 美国, ISP: CloudFlare Inc., Date: None, Delay: -1 ms, Speed: 0.00 M/s, Resolution: None
Name: 凤凰中文, URL: https://smart.pendy.dpdns.org/Smart.php?id=phoenixtv_hd, From: subscribe, IPv_Type: ipv6, Location: 美国, ISP: CloudFlare Inc., Date: None, Delay: -1 ms, Speed: 0.00 M/s, Resolution: None
Name: 凤凰中文, URL: https://cdn9.163189.xyz/smt3.1.1.php?id=phoenixtv_hd, From: subscribe, IPv_Type: ipv6, Location: 美国, ISP: CloudFlare Inc., Date: None, Delay: -1 ms, Speed: 0.00 M/s, Resolution: None
Name: 凤凰中文, URL: https://smt.1678520.xyz/smt3.2.1.php?id=phoenixtv_hd, From: subscribe, IPv_Type: ipv6, Location: 美国, ISP: CloudFlare Inc., Date: None, Delay: -1 ms, Speed: 0.00 M/s, Resolution: None
Name: 凤凰中文, URL: https://mgev.188766.xyz/?migutoken=0fabb9606d68ff6d521628c0dbdefab5&id=fhzw&pp=1, From: subscribe, IPv_Type: ipv6, Location: 美国, ISP: CloudFlare Inc., Date: None, Delay: -1 ms, Speed: 0.00 M/s, Resolution: None
Name: 凤凰中文, URL: https://cdn6.101.qzz.io/163189/fhzw, From: subscribe, IPv_Type: ipv6, Location: 美国, ISP: CloudFlare Inc., Date: None, Delay: -1 ms, Speed: 0.00 M/s, Resolution: None
Name: 凤凰中文, URL: https://hk.188766.xyz/?migutoken=acd0ca5b8ef7ec659301ecb92f7803f3&id=hk_fhzw&type=dy, From: subscribe, IPv_Type: ipv6, Location: 美国, ISP: CloudFlare Inc., Date: None, Delay: -1 ms, Speed: 0.00 M/s, Resolution: None
Name: 凤凰中文, URL: http://cdn6.163189.xyz/163189/fhzw, From: subscribe, IPv_Type: ipv6, Location: 新加坡, ISP: Aceville Pte.Ltd., Date: None, Delay: -1 ms, Speed: 0.00 M/s, Resolution: None
Name: 凤凰中文, URL: https://cdn6.163189.xyz/163189/fhzw, From: subscribe, IPv_Type: ipv6, Location: 新加坡, ISP: Aceville Pte.Ltd., Date: None, Delay: -1 ms, Speed: 0.00 M/s, Resolution: None
Name: 凤凰中文, URL: http://api.kkitv.itv888.vip:8080/streams/vny1wblsnch/index.m3u8, From: subscribe, IPv_Type: ipv6, Location: 美国, ISP: CloudFlare Inc., Date: None, Delay: -1 ms, Speed: 0.00 M/s, Resolution: None
Name: 凤凰中文, URL: http://smt.veryfast.filegear-sg.me/smt3.2.1.php?id=phoenixtv_hd, From: subscribe, IPv_Type: ipv6, Location: 新加坡, ISP: Aceville Pte.Ltd., Date: None, Delay: -1 ms, Speed: 0.00 M/s, Resolution: None
Name: 凤凰中文, URL: http://k.061899.xyz/k.php?id=fhzw, From: subscribe, IPv_Type: ipv6, Location: 新加坡, ISP: Aceville Pte.Ltd., Date: None, Delay: -1 ms, Speed: 0.00 M/s, Resolution: None
Name: 凤凰中文, URL: https://5.edge.101.qzz.io/smt3.2.1.php?id=phoenixtv_hd, From: subscribe, IPv_Type: ipv6, Location: 新加坡, ISP: Aceville Pte.Ltd., Date: None, Delay: -1 ms, Speed: 0.00 M/s, Resolution: None
Name: 凤凰中文, URL: https://t.freetv.fun/live/feng-huang-zhong-wen.m3u8, From: subscribe, IPv_Type: ipv6, Location: 美国, ISP: CloudFlare Inc., Date: None, Delay: -1 ms, Speed: 0.00 M/s, Resolution: None
Name: 凤凰中文, URL: rtmp://oc-play-ali.vipkid.com.cn/live/xianajiaoge-fhzw, From: subscribe, IPv_Type: ipv4, Location: 美国-科罗拉多州-布鲁姆菲尔德, ISP: Level3, Date: None, Delay: -1 ms, Speed: inf M/s, Resolution: 1920x1080
Name: 凤凰中文, URL: http://218.206.193.218:8888/hls/66/index.m3u8, From: subscribe, IPv_Type: ipv4, Location: 中国-河南-郑州, ISP: 移动, Date: None, Delay: 10700 ms, Speed: 0.25 M/s, Resolution: 720x576
Name: tvN, URL: https://hls-gateway.vpstv.net/streams/709507.m3u8, From: subscribe, IPv_Type: ipv6, Location: 美国, ISP: CloudFlare Inc., Date: None, Delay: -1 ms, Speed: 0.00 M/s, Resolution: None
Name: tvN, URL: https://live.catvod.com/live.php?id=TVN&token=08ac095f01839fe93dfd3054fff6ca70366bbcff92aa63778c5503601192da6d%3A1760231823%3AMTcyLjIxMi4xNjUuNjc%3D, From: subscribe, IPv_Type: ipv6, Location: 美国, ISP: CloudFlare Inc., Date: None, Delay: -1 ms, Speed: 0.00 M/s, Resolution: None
Name: tvN, URL: https://hls.iill.top/api/tvN/playlist.m3u8, From: subscribe, IPv_Type: ipv6, Location: 美国, ISP: CloudFlare Inc., Date: None, Delay: -1 ms, Speed: 0.00 M/s, Resolution: None
Name: tvN, URL: https://tvb.go-iptv.ggff.net/stream/tvb/tvn/master.m3u8?u=admins&p=fa956b808c8f8e3b59be14d7d584761e041a8359d58ba7e1829f12605d76203a, From: subscribe, IPv_Type: ipv6, Location: 美国, ISP: CloudFlare Inc., Date: None, Delay: -1 ms, Speed: 0.00 M/s, Resolution: None
Name: PopC, URL: http://tl.061833.xyz/tl/popc, From: subscribe, IPv_Type: ipv6, Location: 美国, ISP: CloudFlare Inc., Date: None, Delay: -1 ms, Speed: 0.00 M/s, Resolution: None
Name: PopC, URL: https://tvb.go-iptv.ggff.net/stream/tvb/popc/master.m3u8?u=admins&p=fa956b808c8f8e3b59be14d7d584761e041a8359d58ba7e1829f12605d76203a, From: subscribe, IPv_Type: ipv6, Location: 美国, ISP: CloudFlare Inc., Date: None, Delay: -1 ms, Speed: 0.00 M/s, Resolution: None
Name: J2, URL: http://api.kkitv.itv888.vip:8080/streams/48uxa7dlbga/index.m3u8, From: subscribe, IPv_Type: ipv6, Location: 美国, ISP: CloudFlare Inc., Date: None, Delay: -1 ms, Speed: 0.00 M/s, Resolution: None
Name: 明珠台, URL: http://o12.1678520.xyz/hls/mzt/playlist.m3u8, From: subscribe, IPv_Type: ipv6, Location: 美国, ISP: CloudFlare Inc., Date: None, Delay: -1 ms, Speed: 0.00 M/s, Resolution: None
Name: 明珠台, URL: http://php.jdshipin.com/TVOD/iptv.php?id=mzt2, From: None, IPv_Type: ipv6, Location: 美国, ISP: CloudFlare Inc., Date: None, Delay: -1 ms, Speed: 0.00 M/s, Resolution: None
Name: 明珠台, URL: http://cdn9.163189.xyz/smt1.1.php?id=pearl_twn, From: subscribe, IPv_Type: ipv6, Location: 美国, ISP: CloudFlare Inc., Date: None, Delay: -1 ms, Speed: 0.00 M/s, Resolution: None
Name: 明珠台, URL: https://migu.188766.xyz/?migutoken=94f5fe6e841eda5b13e23511bf788e4c&id=pearl_twn&type=dy, From: subscribe, IPv_Type: ipv6, Location: 美国, ISP: CloudFlare Inc., Date: None, Delay: -1 ms, Speed: 0.00 M/s, Resolution: None
Name: 明珠台, URL: https://mytv.cdn.loc.cc/o12.php?id=mzt, From: subscribe, IPv_Type: ipv6, Location: 美国, ISP: CloudFlare Inc., Date: None, Delay: -1 ms, Speed: 0.00 M/s, Resolution: None
Name: 明珠台, URL: https://stream1.freetv.fun/ming-zhu-1.m3u8, From: subscribe, IPv_Type: ipv6, Location: 美国, ISP: CloudFlare Inc., Date: None, Delay: -1 ms, Speed: 0.00 M/s, Resolution: None
Name: 明珠台, URL: https://hk.188766.xyz/?migutoken=d4a1b1957bf78a8dc0f7168dda78a81e&id=hk_mzt&type=dy, From: subscribe, IPv_Type: ipv6, Location: 美国, ISP: CloudFlare Inc., Date: None, Delay: -1 ms, Speed: 0.00 M/s, Resolution: None
Name: 明珠台, URL: https://live.catvod.com/iptv.php?id=mztsub&token=d98f532aded8a74e4e96f19b9e2b23448d4b7b68490aaf6ed1c33fd658b2342a%3A1764897761%3AMTcyLjE4My45MS4zMg%3D%3D, From: subscribe, IPv_Type: ipv6, Location: 美国, ISP: CloudFlare Inc., Date: None, Delay: -1 ms, Speed: 0.00 M/s, Resolution: None
Name: 明珠台, URL: https://mgev.188766.xyz/?migutoken=d1b1409f9b8855b82ef75d6a3410eb58&id=hk_mzt&type=dy, From: subscribe, IPv_Type: ipv6, Location: 美国, ISP: CloudFlare Inc., Date: None, Delay: -1 ms, Speed: 0.00 M/s, Resolution: None
Name: 明珠台, URL: http://r.jdshipin.com/ZQ4kN, From: subscribe, IPv_Type: ipv6, Location: 美国, ISP: CloudFlare Inc., Date: None, Delay: -1 ms, Speed: 0.00 M/s, Resolution: None
Name: 明珠台, URL: http://api.kkitv.itv888.vip:8080/streams/qi0oiujn7hh/index.m3u8, From: subscribe, IPv_Type: ipv6, Location: 美国, ISP: CloudFlare Inc., Date: None, Delay: -1 ms, Speed: 0.00 M/s, Resolution: None
Name: 明珠台, URL: http://hls.168.us.kg/u/84/master.m3u8, From: subscribe, IPv_Type: ipv6, Location: 美国, ISP: CloudFlare Inc., Date: None, Delay: -1 ms, Speed: 0.00 M/s, Resolution: None
Name: 明珠台, URL: https://t.freetv.fun/live/ming-zhu-11.m3u8, From: subscribe, IPv_Type: ipv6, Location: 美国, ISP: CloudFlare Inc., Date: None, Delay: -1 ms, Speed: 0.00 M/s, Resolution: None
Name: 明珠台, URL: https://o11.163189.xyz/stream/tvb/mzt/, From: subscribe, IPv_Type: ipv6, Location: 美国, ISP: CloudFlare Inc., Date: None, Delay: -1 ms, Speed: 0.00 M/s, Resolution: None
Name: 明珠台, URL: https://smt.1678520.xyz/smt3.2.1.php?id=pearl_twn, From: subscribe, IPv_Type: ipv6, Location: 美国, ISP: CloudFlare Inc., Date: None, Delay: -1 ms, Speed: 0.00 M/s, Resolution: None
Name: 明珠台, URL: http://mytv.cdn.loc.cc/o12.php?id=mzt, From: subscribe, IPv_Type: ipv6, Location: 美国, ISP: CloudFlare Inc., Date: None, Delay: -1 ms, Speed: 0.00 M/s, Resolution: None
Name: 明珠台, URL: http://o11.163189.xyz/stream/tvb/mzt/, From: subscribe, IPv_Type: ipv6, Location: 美国, ISP: CloudFlare Inc., Date: None, Delay: -1 ms, Speed: 0.00 M/s, Resolution: None
Name: 明珠台, URL: http://67.220.71.199:2347/livehttpplay?channel_id=30026, From: subscribe, IPv_Type: ipv4, Location: 加拿大, ISP: , Date: None, Delay: 88 ms, Speed: 0.28 M/s, Resolution: 1920x1080
Name: 无线明珠, URL: http://o12.1678520.xyz/hls/mzt/playlist.m3u8, From: subscribe, IPv_Type: ipv6, Location: 美国, ISP: CloudFlare Inc., Date: None, Delay: -1 ms, Speed: 0.00 M/s, Resolution: None
Name: 无线明珠, URL: https://smt.1789.dpdns.org/smt3.2.1.php, From: subscribe, IPv_Type: ipv6, Location: 美国, ISP: CloudFlare Inc., Date: None, Delay: -1 ms, Speed: 0.00 M/s, Resolution: None
Name: 无线明珠, URL: https://cdn5.163189.xyz/live/mzt/stream.m3u8, From: subscribe, IPv_Type: ipv6, Location: 美国, ISP: CloudFlare Inc., Date: None, Delay: -1 ms, Speed: 0.00 M/s, Resolution: None
Name: 无线明珠, URL: http://tl.061833.xyz/tl/null-12, From: subscribe, IPv_Type: ipv6, Location: 美国, ISP: CloudFlare Inc., Date: None, Delay: -1 ms, Speed: 0.00 M/s, Resolution: None
Name: 无线明珠, URL: http://pullpackage.alivecdn.com/live/fiUuXZC6C8vRRfGvuUTOUJqf5P6UZDdH9BhEE7d6usSBcnv4Ar.flv, From: subscribe, IPv_Type: ipv6, Location: 美国-加利福尼亚州-洛杉矶, ISP: Level3, Date: None, Delay: -1 ms, Speed: 0.00 M/s, Resolution: None
Name: 无线明珠, URL: http://php.jdshipin.com:8880/smt.php?id=pearl_twn, From: subscribe, IPv_Type: ipv6, Location: 美国, ISP: CloudFlare Inc., Date: None, Delay: -1 ms, Speed: 0.00 M/s, Resolution: None
Name: 无线明珠, URL: http://cdn5.132.us.kg/live/mzt/stream.m3u8, From: subscribe, IPv_Type: ipv6, Location: 美国, ISP: CloudFlare Inc., Date: None, Delay: -1 ms, Speed: 0.00 M/s, Resolution: None
Name: 无线明珠, URL: https://vx65267199.18cn.dpdns.org/10.m3u8, From: subscribe, IPv_Type: ipv6, Location: 美国, ISP: CloudFlare Inc., Date: None, Delay: -1 ms, Speed: 0.00 M/s, Resolution: None
Name: 无线明珠, URL: http://cdn.101.qzz.io/live/mzt/stream.m3u8, From: subscribe, IPv_Type: ipv6, Location: 美国, ISP: CloudFlare Inc., Date: None, Delay: -1 ms, Speed: 0.00 M/s, Resolution: None
Name: 无线明珠, URL: https://cdn9.163189.xyz/smt3.1.1.php?id=pearl_twn, From: subscribe, IPv_Type: ipv6, Location: 美国, ISP: CloudFlare Inc., Date: None, Delay: -1 ms, Speed: 0.00 M/s, Resolution: None
Name: 无线明珠, URL: https://smt.1678520.xyz/smt3.2.1.php?id=pearl_twn, From: subscribe, IPv_Type: ipv6, Location: 美国, ISP: CloudFlare Inc., Date: None, Delay: -1 ms, Speed: 0.00 M/s, Resolution: None
Name: 无线明珠, URL: https://mytv.cdn.loc.cc/o12.php?id=mzt, From: subscribe, IPv_Type: ipv6, Location: 美国, ISP: CloudFlare Inc., Date: None, Delay: -1 ms, Speed: 0.00 M/s, Resolution: None
Name: 无线明珠, URL: https://smt.go-iptv.ggff.net/smart.php?id=pearl_twn&token=Goiptv, From: subscribe, IPv_Type: ipv6, Location: 美国, ISP: CloudFlare Inc., Date: None, Delay: -1 ms, Speed: 0.00 M/s, Resolution: None
Name: 无线明珠, URL: http://free.cnlive.club/channel/n75ab7db0.m3u8?q=111.170.171.148, From: subscribe, IPv_Type: ipv6, Location: 美国, ISP: CloudFlare Inc., Date: None, Delay: -1 ms, Speed: 0.00 M/s, Resolution: None
Name: 无线明珠, URL: https://cdn6.163189.xyz/163189/mzt, From: subscribe, IPv_Type: ipv6, Location: 美国, ISP: CloudFlare Inc., Date: None, Delay: -1 ms, Speed: 0.00 M/s, Resolution: None
Name: 有线新闻, URL: http://api.mg.itv888.cn:8080/hls/5e12ccd9191/index.m3u8, From: subscribe, IPv_Type: ipv6, Location: 新加坡, ISP: Aceville Pte.Ltd., Date: None, Delay: -1 ms, Speed: 0.00 M/s, Resolution: None
Name: 有线新闻, URL: https://stream1.freetv.fun/you-xian-xin-wen-1.m3u8, From: subscribe, IPv_Type: ipv6, Location: 美国, ISP: CloudFlare Inc., Date: None, Delay: -1 ms, Speed: 0.00 M/s, Resolution: None
Name: TVBS新闻, URL: http://pullpackage.alivecdn.com/live/AocNA7nvWaoTEOU1kWJnR67lprbfd2y0CHqgjYOaOYV5JSmoP2.flv, From: subscribe, IPv_Type: ipv6, Location: 美国-加利福尼亚州-洛杉矶, ISP: Level3, Date: None, Delay: -1 ms, Speed: 0.00 M/s, Resolution: None
Name: TVBS新闻, URL: https://www.judy.xx.kg/judy.php?id=4gtv-4gtv072, From: subscribe, IPv_Type: ipv6, Location: 美国, ISP: CloudFlare Inc., Date: None, Delay: -1 ms, Speed: 0.00 M/s, Resolution: None
Name: TVBS新闻, URL: http://breezy-audrie-zspace-7524863c.koyeb.app/vipsir?token=leifeng&id=4gtv-4gtv072, From: subscribe, IPv_Type: ipv6, Location: 美国, ISP: CloudFlare Inc., Date: None, Delay: -1 ms, Speed: 0.00 M/s, Resolution: None
Name: TVBS新闻, URL: https://4gtv.dxjc.pp.ua/li-4gtv-4gtv072/index.m3u8, From: subscribe, IPv_Type: ipv6, Location: 新加坡, ISP: Aceville Pte.Ltd., Date: None, Delay: -1 ms, Speed: 0.00 M/s, Resolution: None
Name: TVBS新闻, URL: https://tmxk.pp.ua/litv.php?token=tmxk&id=4gtv-4gtv072, From: subscribe, IPv_Type: ipv6, Location: 美国, ISP: Oracle Corporation, Date: None, Delay: -1 ms, Speed: 0.00 M/s, Resolution: None
Name: TVBS欢乐, URL: http://breezy-audrie-zspace-7524863c.koyeb.app/vipsir?token=leifeng&id=4gtv-4gtv068, From: subscribe, IPv_Type: ipv6, Location: 美国, ISP: CloudFlare Inc., Date: None, Delay: -1 ms, Speed: 0.00 M/s, Resolution: None
Name: TVBS欢乐, URL: https://4gtv.dxjc.pp.ua/li-4gtv-4gtv068/index.m3u8, From: subscribe, IPv_Type: ipv6, Location: 新加坡, ISP: Aceville Pte.Ltd., Date: None, Delay: -1 ms, Speed: 0.00 M/s, Resolution: None
Name: TVBS欢乐, URL: https://tmxk.pp.ua/litv.php?token=tmxk&id=4gtv-4gtv068, From: subscribe, IPv_Type: ipv6, Location: 美国, ISP: Oracle Corporation, Date: None, Delay: -1 ms, Speed: 0.00 M/s, Resolution: None
Name: now新闻, URL: https://cdn.163189.xyz/163189/now, From: subscribe, IPv_Type: ipv6, Location: 美国, ISP: CloudFlare Inc., Date: None, Delay: -1 ms, Speed: 0.00 M/s, Resolution: None
Name: now新闻, URL: https://stream1.freetv.fun/nowxin-wen-1.m3u8, From: subscribe, IPv_Type: ipv6, Location: 美国, ISP: CloudFlare Inc., Date: None, Delay: -1 ms, Speed: 0.00 M/s, Resolution: None
Name: now新闻, URL: https://t.freetv.fun/live/nowxin-wen.m3u8, From: subscribe, IPv_Type: ipv6, Location: 美国, ISP: CloudFlare Inc., Date: None, Delay: -1 ms, Speed: 0.00 M/s, Resolution: None
Name: ROCK Action, URL: https://hls-gateway.vpstv.net/streams/709551.m3u8, From: subscribe, IPv_Type: ipv6, Location: 美国, ISP: CloudFlare Inc., Date: None, Delay: -1 ms, Speed: 0.00 M/s, Resolution: None
Name: ROCK Action, URL: http://tl.061833.xyz/tl/rockaction, From: subscribe, IPv_Type: ipv6, Location: 美国, ISP: CloudFlare Inc., Date: None, Delay: -1 ms, Speed: 0.00 M/s, Resolution: None
Name: ROCK Action, URL: http://116.241.240.176:5050/4gtv-live138/index.m3u8, From: subscribe, IPv_Type: ipv4, Location: 中国-台湾-台中市, ISP: 台湾宽频通讯TBC, Date: None, Delay: 3194 ms, Speed: 0.65 M/s, Resolution: None
Name: TVB星河, URL: http://php.jdshipin.com:8880/TVOD/iptv.php?id=xinghe, From: subscribe, IPv_Type: ipv6, Location: 美国, ISP: CloudFlare Inc., Date: None, Delay: -1 ms, Speed: 0.00 M/s, Resolution: None
Name: TVB星河, URL: http://v2hcdn.jdshipin.com/xinghe_1/xinghe_1.stream/chunklist_w1006.m3u8, From: subscribe, IPv_Type: ipv6, Location: 美国, ISP: CloudFlare Inc., Date: None, Delay: -1 ms, Speed: 0.00 M/s, Resolution: None
Name: TVB星河, URL: http://cdn9.163189.xyz/smt1.1.php, From: subscribe, IPv_Type: ipv6, Location: 美国, ISP: CloudFlare Inc., Date: None, Delay: -1 ms, Speed: 0.00 M/s, Resolution: None
Name: TVB星河, URL: https://migu.188766.xyz/?migutoken=961349166626779432dfbef9e029b48a&id=Xinhe&type=dy, From: subscribe, IPv_Type: ipv6, Location: 美国, ISP: CloudFlare Inc., Date: None, Delay: -1 ms, Speed: 0.00 M/s, Resolution: None
Name: TVB星河, URL: http://v2h.jdshipin.com/xinghe_1/xinghe_1.stream/chunklist_w106.m3u8, From: subscribe, IPv_Type: ipv6, Location: 美国, ISP: CloudFlare Inc., Date: None, Delay: -1 ms, Speed: 0.00 M/s, Resolution: None
Name: TVB星河, URL: http://r.jdshipin.com/sXuuD, From: subscribe, IPv_Type: ipv6, Location: 美国, ISP: CloudFlare Inc., Date: None, Delay: -1 ms, Speed: 0.00 M/s, Resolution: None
Name: TVB星河, URL: https://hk.188766.xyz/?migutoken=4a73f8ed1782d6ff6716355414d39657&id=hk_tvbxh&type=dy, From: subscribe, IPv_Type: ipv6, Location: 美国, ISP: CloudFlare Inc., Date: None, Delay: -1 ms, Speed: 0.00 M/s, Resolution: None
Name: TVB星河, URL: https://mgev.188766.xyz/?migutoken=c5b515cd26c06543d9991a70dbcee1c7&id=hk_tvbxh&type=dy, From: subscribe, IPv_Type: ipv6, Location: 美国, ISP: CloudFlare Inc., Date: None, Delay: -1 ms, Speed: 0.00 M/s, Resolution: None
Name: TVB星河, URL: https://cdn6.101.qzz.io/163189/tvbxh, From: subscribe, IPv_Type: ipv6, Location: 美国, ISP: CloudFlare Inc., Date: None, Delay: -1 ms, Speed: 0.00 M/s, Resolution: None
Name: TVB星河, URL: https://o11.163189.xyz/stream/live/tvbxh/, From: subscribe, IPv_Type: ipv6, Location: 美国, ISP: CloudFlare Inc., Date: None, Delay: -1 ms, Speed: 0.00 M/s, Resolution: None
Name: TVB星河, URL: https://cdn10.163189.xyz/stream/163189/xinghe/, From: subscribe, IPv_Type: ipv6, Location: 美国, ISP: CloudFlare Inc., Date: None, Delay: -1 ms, Speed: 0.00 M/s, Resolution: None
Name: 千禧经典台, URL: http://php.jdshipin.com:8880/smt.php?id=Tvbclassic, From: None, IPv_Type: ipv6, Location: 美国, ISP: CloudFlare Inc., Date: None, Delay: -1 ms, Speed: 0.00 M/s, Resolution: None
Name: Animax, URL: https://smart.pendy.dpdns.org/Smart.php?id=Animax, From: subscribe, IPv_Type: ipv6, Location: 美国, ISP: CloudFlare Inc., Date: None, Delay: -1 ms, Speed: 0.00 M/s, Resolution: None
Name: Animax, URL: https://hls-gateway.vpstv.net/streams/709503.m3u8, From: subscribe, IPv_Type: ipv6, Location: 美国, ISP: CloudFlare Inc., Date: None, Delay: -1 ms, Speed: 0.00 M/s, Resolution: None
Name: Animax, URL: https://live.catvod.com/catvod_com.php?id=Animax&token=88f494f88330d2dbc33d599b2a6da2cc923cc0b3912df2eaceb8d2448bb6c706%3A1758241876, From: subscribe, IPv_Type: ipv6, Location: 美国, ISP: CloudFlare Inc., Date: None, Delay: -1 ms, Speed: 0.00 M/s, Resolution: None
Name: 美亚电影台, URL: http://php.jdshipin.com:8880/smt.php?id=meiyamovie_twn, From: None, IPv_Type: ipv6, Location: 美国, ISP: CloudFlare Inc., Date: None, Delay: -1 ms, Speed: 0.00 M/s, Resolution: None
Name: 美亚电影国, URL: http://php.jdshipin.com:8880/smt.php?id=meiyamovie_twn, From: subscribe, IPv_Type: ipv6, Location: 美国, ISP: CloudFlare Inc., Date: None, Delay: -1 ms, Speed: 0.00 M/s, Resolution: None
Name: HOYTV, URL: https://stream1.freetv.fun/hoy-tv-3.m3u8, From: subscribe, IPv_Type: ipv6, Location: 美国, ISP: CloudFlare Inc., Date: None, Delay: -1 ms, Speed: 0.00 M/s, Resolution: None
Name: HOYTV, URL: https://live.catvod.com/live.php?id=hoycaijing_twn&token=aabf680831190bd6124b64d792830b401d0e73cbc6786962ba2a97f54d7d5bc2%3A1760231823%3AMTcyLjIxMi4xNjUuNjc%3D, From: subscribe, IPv_Type: ipv6, Location: 美国, ISP: CloudFlare Inc., Date: None, Delay: -1 ms, Speed: 0.00 M/s, Resolution: None
Name: HOYTV, URL: http://cdn6.163189.xyz/163189/hoy, From: subscribe, IPv_Type: ipv6, Location: 美国, ISP: CloudFlare Inc., Date: None, Delay: -1 ms, Speed: 0.00 M/s, Resolution: None
Name: TVB Plus, URL: http://php.jdshipin.com/TVOD/iptv.php?id=j2, From: None, IPv_Type: ipv6, Location: 美国, ISP: CloudFlare Inc., Date: None, Delay: -1 ms, Speed: 0.00 M/s, Resolution: None
Name: TVB Plus, URL: http://cdn5.1678520.xyz/live/, From: subscribe, IPv_Type: ipv6, Location: 美国, ISP: CloudFlare Inc., Date: None, Delay: -1 ms, Speed: 0.00 M/s, Resolution: None
Name: TVB Plus, URL: https://stream1.freetv.fun/tvb-j2-1.m3u8, From: subscribe, IPv_Type: ipv6, Location: 美国, ISP: CloudFlare Inc., Date: None, Delay: -1 ms, Speed: 0.00 M/s, Resolution: None
Name: TVB Plus, URL: https://cdn.163189.xyz/live/tvbp/stream.m3u8, From: subscribe, IPv_Type: ipv6, Location: 美国, ISP: CloudFlare Inc., Date: None, Delay: -1 ms, Speed: 0.00 M/s, Resolution: None
Name: TVB Plus, URL: http://r.jdshipin.com/ndGgS, From: subscribe, IPv_Type: ipv6, Location: 美国, ISP: CloudFlare Inc., Date: None, Delay: -1 ms, Speed: 0.00 M/s, Resolution: None
Name: TVB Plus, URL: http://live.catvod.com/smart.php?id=j2_twn, From: subscribe, IPv_Type: ipv6, Location: 美国, ISP: CloudFlare Inc., Date: None, Delay: -1 ms, Speed: 0.00 M/s, Resolution: None
Name: TVB Plus, URL: https://migu.188766.xyz/?migutoken=4de0eaad9d9a1d8be4fe64452714f80a&id=hk_tvbp&type=dy, From: subscribe, IPv_Type: ipv6, Location: 美国, ISP: CloudFlare Inc., Date: None, Delay: -1 ms, Speed: 0.00 M/s, Resolution: None
Name: TVB Plus, URL: https://live.catvod.com/iptv.php?id=wxxwt, From: subscribe, IPv_Type: ipv6, Location: 美国, ISP: CloudFlare Inc., Date: None, Delay: -1 ms, Speed: 0.00 M/s, Resolution: None
Name: TVB Plus, URL: https://hk.188766.xyz/?migutoken=b04fa4dffe66bd60c8d7fd58ae6592b9&id=hk_tvbp&type=dy, From: subscribe, IPv_Type: ipv6, Location: 美国, ISP: CloudFlare Inc., Date: None, Delay: -1 ms, Speed: 0.00 M/s, Resolution: None
Name: TVB Plus, URL: https://mgev.188766.xyz/?migutoken=c0f52d80a328b5d5d79b830c35f1dc52&id=hk_tvbp&type=dy, From: subscribe, IPv_Type: ipv6, Location: 美国, ISP: CloudFlare Inc., Date: None, Delay: -1 ms, Speed: 0.00 M/s, Resolution: None
Name: TVB Plus, URL: https://tvb.go-iptv.ggff.net/stream/tvb/tvbplus/master.m3u8?u=admins&p=fa956b808c8f8e3b59be14d7d584761e041a8359d58ba7e1829f12605d76203a, From: subscribe, IPv_Type: ipv6, Location: 美国, ISP: CloudFlare Inc., Date: None, Delay: -1 ms, Speed: 0.00 M/s, Resolution: None
Name: TVB Plus, URL: http://hls.168.us.kg/u/82/master.m3u8, From: subscribe, IPv_Type: ipv6, Location: 美国, ISP: CloudFlare Inc., Date: None, Delay: -1 ms, Speed: 0.00 M/s, Resolution: None
Name: TVB Plus, URL: https://hls.iill.top/api/TVB-Plus/index.m3u8, From: subscribe, IPv_Type: ipv6, Location: 美国, ISP: CloudFlare Inc., Date: None, Delay: -1 ms, Speed: 0.00 M/s, Resolution: None
Name: TVB Plus, URL: https://smt.1678520.xyz/163189/18e96648d4420d9e, From: subscribe, IPv_Type: ipv6, Location: 美国, ISP: CloudFlare Inc., Date: None, Delay: -1 ms, Speed: 0.00 M/s, Resolution: None
Name: TVB Plus, URL: https://php.jdshipin.com:2096/TVOD/iptv.php?id=tvbp, From: subscribe, IPv_Type: ipv6, Location: 美国, ISP: CloudFlare Inc., Date: None, Delay: -1 ms, Speed: 0.00 M/s, Resolution: None
Name: TVB Plus, URL: https://test.tvbjack.de5.net/proxy/a8587523ddf2f847, From: subscribe, IPv_Type: ipv6, Location: 美国, ISP: CloudFlare Inc., Date: None, Delay: -1 ms, Speed: 0.00 M/s, Resolution: None
Name: Viutv, URL: http://php.jdshipin.com:8880/PLTV/iptv.php?id=viutv, From: subscribe, IPv_Type: ipv6, Location: 美国, ISP: CloudFlare Inc., Date: None, Delay: -1 ms, Speed: 0.00 M/s, Resolution: None
Name: 三立台湾, URL: https://smt.iktv.ddns-ip.net/Smart.php, From: subscribe, IPv_Type: ipv6, Location: 美国, ISP: CloudFlare Inc., Date: None, Delay: -1 ms, Speed: 0.00 M/s, Resolution: None
Name: 三立台湾, URL: https://stream1.freetv.fun/san-li-tai-wan-5.m3u8, From: subscribe, IPv_Type: ipv6, Location: 美国, ISP: CloudFlare Inc., Date: None, Delay: -1 ms, Speed: 0.00 M/s, Resolution: None
Name: 三立新闻, URL: https://stream1.freetv.fun/san-li-xin-wen-4.m3u8, From: subscribe, IPv_Type: ipv6, Location: 美国, ISP: CloudFlare Inc., Date: None, Delay: -1 ms, Speed: 0.00 M/s, Resolution: None
Name: 三立新闻, URL: http://pullpackage.alivecdn.com/live/GDGMQBLKWMPhyKJYSPPR6dnb2lS3FvykpFuj8AZf19Mbfd2yjx.flv, From: subscribe, IPv_Type: ipv6, Location: 美国-加利福尼亚州-洛杉矶, ISP: Level3, Date: None, Delay: -1 ms, Speed: 0.00 M/s, Resolution: None
Name: 三立新闻, URL: https://raw.githubusercontent.com/ChiSheng9/iptv/master/TV32.m3u8, From: subscribe, IPv_Type: ipv6, Location: 美国, ISP: , Date: None, Delay: -1 ms, Speed: 0.00 M/s, Resolution: None
Name: 三立新闻, URL: https://hls-gateway.vpstv.net/streams/492922.m3u8, From: subscribe, IPv_Type: ipv6, Location: 美国, ISP: CloudFlare Inc., Date: None, Delay: -1 ms, Speed: 0.00 M/s, Resolution: None
Name: 三立新闻, URL: https://tv.iill.top/4gtv/229, From: subscribe, IPv_Type: ipv6, Location: 美国, ISP: CloudFlare Inc., Date: None, Delay: -1 ms, Speed: 0.00 M/s, Resolution: None
Name: 三立新闻, URL: https://epg.pw/stream/6b49e3faa38adda85abab446f032dc1e686baa0760a9cfa66e2df8fd6fe3b445.m3u8, From: subscribe, IPv_Type: ipv6, Location: 美国, ISP: CloudFlare Inc., Date: None, Delay: -1 ms, Speed: 0.00 M/s, Resolution: None
Name: 东森综合, URL: https://smt.iktv.ddns-ip.net/Smart.php, From: subscribe, IPv_Type: ipv6, Location: 美国, ISP: CloudFlare Inc., Date: None, Delay: -1 ms, Speed: 0.00 M/s, Resolution: None
Name: 东森综合, URL: https://hls-gateway.vpstv.net/streams/476987.m3u8, From: subscribe, IPv_Type: ipv6, Location: 美国, ISP: CloudFlare Inc., Date: None, Delay: -1 ms, Speed: 0.00 M/s, Resolution: None
Name: 东森超视, URL: https://smart.pendy.dpdns.org/Smart.php?id=ettvsuper, From: subscribe, IPv_Type: ipv6, Location: 美国, ISP: CloudFlare Inc., Date: None, Delay: -1 ms, Speed: 0.00 M/s, Resolution: None
Name: 东森超视, URL: https://hls-gateway.vpstv.net/streams/476234.m3u8, From: subscribe, IPv_Type: ipv6, Location: 美国, ISP: CloudFlare Inc., Date: None, Delay: -1 ms, Speed: 0.00 M/s, Resolution: None
Name: 东森超视, URL: https://stream1.freetv.fun/dong-sen-chao-shi-9.m3u8, From: subscribe, IPv_Type: ipv6, Location: 美国, ISP: CloudFlare Inc., Date: None, Delay: -1 ms, Speed: 0.00 M/s, Resolution: None
Name: 东森电影, URL: https://smt.iktv.ddns-ip.net/Smart.php, From: subscribe, IPv_Type: ipv6, Location: 美国, ISP: CloudFlare Inc., Date: None, Delay: -1 ms, Speed: 0.00 M/s, Resolution: None
Name: 东森电影, URL: https://hls-gateway.vpstv.net/streams/476995.m3u8, From: subscribe, IPv_Type: ipv6, Location: 美国, ISP: CloudFlare Inc., Date: None, Delay: -1 ms, Speed: 0.00 M/s, Resolution: None
Name: 东森电影, URL: https://stream1.freetv.fun/dong-sen-dian-ying-6.ctv, From: subscribe, IPv_Type: ipv6, Location: 美国, ISP: CloudFlare Inc., Date: None, Delay: -1 ms, Speed: 0.00 M/s, Resolution: None
Name: Now剧集, URL: http://pullpackage.alivecdn.com/live/B9AKX0X3gSWZVv91H6UZDdsYyM8Fie9HvmJFzg3XN8JiR27kog.flv, From: subscribe, IPv_Type: ipv6, Location: 美国-加利福尼亚州-洛杉矶, ISP: Level3, Date: None, Delay: -1 ms, Speed: 0.00 M/s, Resolution: None
Name: 靖天资讯, URL: https://hls-gateway.vpstv.net/streams/476258.m3u8, From: subscribe, IPv_Type: ipv6, Location: 美国, ISP: CloudFlare Inc., Date: None, Delay: -1 ms, Speed: 0.00 M/s, Resolution: None
Name: 靖天资讯, URL: http://pullpackage.alivecdn.com/live/jSi62v69ef4x6iYBScl4GTgr9WaWuRtR1v7DfyIDrCzlEjd4oO.flv, From: subscribe, IPv_Type: ipv6, Location: 美国-加利福尼亚州-洛杉矶, ISP: Level3, Date: None, Delay: -1 ms, Speed: 0.00 M/s, Resolution: None
Name: 靖天资讯, URL: https://stream1.freetv.fun/jing-tian-zi-xun-2.ctv, From: subscribe, IPv_Type: ipv6, Location: 美国, ISP: CloudFlare Inc., Date: None, Delay: -1 ms, Speed: 0.00 M/s, Resolution: None
Name: 靖天资讯, URL: http://breezy-audrie-zspace-7524863c.koyeb.app/vipsir?token=leifeng&id=4gtv-4gtv065, From: subscribe, IPv_Type: ipv6, Location: 美国, ISP: CloudFlare Inc., Date: None, Delay: -1 ms, Speed: 0.00 M/s, Resolution: None
Name: 靖天资讯, URL: https://mao.ffmking888.dpdns.org/?id=6Z2W5aSp6LOH6KiK5Yaw&auth=30234cedf871581989d3c91a3daec1e9f50e024aafcfa2247e7d44d91bb8d02fbc3f571b2d67f9d82642cc1d0f133d89, From: subscribe, IPv_Type: ipv6, Location: 美国, ISP: CloudFlare Inc., Date: None, Delay: -1 ms, Speed: 0.00 M/s, Resolution: None
Name: 靖天资讯, URL: https://tmxk.pp.ua/litv.php?token=tmxk&id=4gtv-4gtv065, From: subscribe, IPv_Type: ipv6, Location: 美国, ISP: Oracle Corporation, Date: None, Delay: -1 ms, Speed: 0.00 M/s, Resolution: None
Name: 靖天资讯, URL: https://4gtv.mytvsuper.xyz/litv/4gtv-4gtv065, From: subscribe, IPv_Type: ipv6, Location: 美国, ISP: CloudFlare Inc., Date: None, Delay: -1 ms, Speed: 0.00 M/s, Resolution: None
Name: 靖天资讯, URL: https://t.freetv.fun/live/jing-tian-zi-xun-10.m3u8, From: subscribe, IPv_Type: ipv6, Location: 美国, ISP: CloudFlare Inc., Date: None, Delay: -1 ms, Speed: 0.00 M/s, Resolution: None
Name: 靖天资讯, URL: https://litv.tzh911.qzz.io/litv.php?id=4gtv-4gtv065&token=https://t.me/GPT_858, From: subscribe, IPv_Type: ipv6, Location: 美国, ISP: CloudFlare Inc., Date: None, Delay: -1 ms, Speed: 0.00 M/s, Resolution: None
Name: 新加坡中文, URL: https://d2e1asnsl7br7b.cloudfront.net/7782e205e72f43aeb4a48ec97f66ebbe/index_4.m3u8?zshijd, From: subscribe, IPv_Type: ipv6, Location: 美国, ISP: Amazon, Date: None, Delay: -1 ms, Speed: 0.00 M/s, Resolution: None
Name: 香港卫视, URL: http://cctvtxyh5c.liveplay.myqcloud.com/cstv/xianggangweishi_2/index.m3u8, From: subscribe, IPv_Type: ipv6, Location: 中国, ISP: 中国联通, Date: None, Delay: -1 ms, Speed: 0.00 M/s, Resolution: None
Name: 香港卫视, URL: https://stream1.freetv.fun/5335c88a9a7d8b74173b491f480d4f94e8d3bd596af54478106aa2399e6c7917.m3u8, From: subscribe, IPv_Type: ipv6, Location: 美国, ISP: CloudFlare Inc., Date: None, Delay: -1 ms, Speed: 0.00 M/s, Resolution: None
Name: 香港卫视, URL: https://yvxymm.tv12.xyz/175.m3u8, From: subscribe, IPv_Type: ipv6, Location: 美国, ISP: CloudFlare Inc., Date: None, Delay: -1 ms, Speed: 0.00 M/s, Resolution: None
Name: 香港卫视, URL: https://migu.188766.xyz/?migutoken=6804cde09f4133e69f2aaf5406a2bcc5&id=%E9%A6%99%E6%B8%AF%E5%8D%AB%E8%A7%86&type=yy, From: subscribe, IPv_Type: ipv6, Location: 美国, ISP: CloudFlare Inc., Date: None, Delay: -1 ms, Speed: 0.00 M/s, Resolution: None
Name: 香港卫视, URL: http://webcast.hkstv.tv/livestream/mutfysrq/playlist.m3u8, From: subscribe, IPv_Type: ipv6, Location: 美国, ISP: , Date: None, Delay: -1 ms, Speed: 0.00 M/s, Resolution: None
Name: TVBS亚洲, URL: http://d2e1asnsl7br7b.cloudfront.net/7782e205e72f43aeb4a48ec97f66ebbe/index_5.m3u8?zshijd, From: subscribe, IPv_Type: ipv6, Location: 美国, ISP: Amazon, Date: None, Delay: -1 ms, Speed: 0.00 M/s, Resolution: None
Name: 纬来体育, URL: https://smt.iktv.ddns-ip.net/Smart.php, From: subscribe, IPv_Type: ipv6, Location: 美国, ISP: CloudFlare Inc., Date: None, Delay: -1 ms, Speed: 0.00 M/s, Resolution: None
Name: 纬来体育, URL: https://stream1.freetv.fun/wei-lai-ti-yu-9.ctv, From: subscribe, IPv_Type: ipv6, Location: 美国, ISP: CloudFlare Inc., Date: None, Delay: -1 ms, Speed: 0.00 M/s, Resolution: None
Name: 纬来体育, URL: https://smart.pendy.dpdns.org/Smart.php?id=videolandsport, From: subscribe, IPv_Type: ipv6, Location: 美国, ISP: CloudFlare Inc., Date: None, Delay: -1 ms, Speed: 0.00 M/s, Resolution: None
Name: 纬来体育, URL: https://epg.pw/stream/8855a9936e37e608a0ec8a014cce1673dee9c5d68d560da376cc92e5edef2b25.m3u8, From: subscribe, IPv_Type: ipv6, Location: 美国, ISP: CloudFlare Inc., Date: None, Delay: -1 ms, Speed: 0.00 M/s, Resolution: None
Name: 纬来体育, URL: https://hls-gateway.vpstv.net/streams/477026.m3u8, From: subscribe, IPv_Type: ipv6, Location: 美国, ISP: CloudFlare Inc., Date: None, Delay: -1 ms, Speed: 0.00 M/s, Resolution: None
Name: 纬来育乐, URL: https://vx65267199.18cn.dpdns.org/48.m3u8, From: subscribe, IPv_Type: ipv6, Location: 美国, ISP: CloudFlare Inc., Date: None, Delay: -1 ms, Speed: 0.00 M/s, Resolution: None
Name: 纬来育乐, URL: https://hls-gateway.vpstv.net/streams/477081.m3u8, From: subscribe, IPv_Type: ipv6, Location: 美国, ISP: CloudFlare Inc., Date: None, Delay: -1 ms, Speed: 0.00 M/s, Resolution: None
Name: 纬来育乐, URL: https://smart.pendy.dpdns.org/Smart.php?id=videolandyule, From: subscribe, IPv_Type: ipv6, Location: 美国, ISP: CloudFlare Inc., Date: None, Delay: -1 ms, Speed: 0.00 M/s, Resolution: None
Name: 纬来育乐, URL: https://live.catvod.com/catvod_com.php?id=videolandmax&token=d6d84c2a31e9094a5478d5d376177e7859090faf183ada5b1cf997ccd5d9df5a%3A1758241876, From: subscribe, IPv_Type: ipv6, Location: 美国, ISP: CloudFlare Inc., Date: None, Delay: -1 ms, Speed: 0.00 M/s, Resolution: None
Name: 纬来育乐, URL: http://free.cnlive.club/channel/581c988d.m3u8?q=111.170.171.148, From: subscribe, IPv_Type: ipv6, Location: 美国, ISP: CloudFlare Inc., Date: None, Delay: -1 ms, Speed: 0.00 M/s, Resolution: None
Name: BBC Cbeebies, URL: https://hls-gateway.vpstv.net/streams/709102.m3u8, From: subscribe, IPv_Type: ipv6, Location: 美国, ISP: CloudFlare Inc., Date: None, Delay: -1 ms, Speed: 0.00 M/s, Resolution: None
Name: BBC Earth, URL: https://smart.pendy.dpdns.org/Smart.php?id=bbcearth_twn, From: subscribe, IPv_Type: ipv6, Location: 美国, ISP: CloudFlare Inc., Date: None, Delay: -1 ms, Speed: 0.00 M/s, Resolution: None
Name: BBC Earth, URL: https://hls-gateway.vpstv.net/streams/477040.m3u8, From: subscribe, IPv_Type: ipv6, Location: 美国, ISP: CloudFlare Inc., Date: None, Delay: -1 ms, Speed: 0.00 M/s, Resolution: None
Name: BBC Earth, URL: https://live.catvod.com/catvod_com.php?id=bbcearth_twn&token=f75e0f8eaa02d4dc3be9633d943e53df22615f232f25f6c53e90dfe0f15d4105%3A1758241876, From: subscribe, IPv_Type: ipv6, Location: 美国, ISP: CloudFlare Inc., Date: None, Delay: -1 ms, Speed: 0.00 M/s, Resolution: None
Name: BBC Earth, URL: https://hls.iill.top/api/BBC-Earth/playlist.m3u8, From: subscribe, IPv_Type: ipv6, Location: 美国, ISP: CloudFlare Inc., Date: None, Delay: -1 ms, Speed: 0.00 M/s, Resolution: None
Name: BBC Earth, URL: https://amg00793-amg00793c6-xumo-us-2669.playouts.now.amagi.tv/BBCStudios-BBCEarthA-hls/playlist.m3u8, From: subscribe, IPv_Type: ipv6, Location: 美国, ISP: Amazon, Date: None, Delay: -1 ms, Speed: 0.00 M/s, Resolution: None
Name: BBC Lifestyle, URL: https://hls-gateway.vpstv.net/streams/476671.m3u8, From: subscribe, IPv_Type: ipv6, Location: 美国, ISP: CloudFlare Inc., Date: None, Delay: -1 ms, Speed: 0.00 M/s, Resolution: None
Name: BBC Lifestyle, URL: https://hls.iill.top/api/BBC-Lifestyle/playlist.m3u8, From: subscribe, IPv_Type: ipv6, Location: 美国, ISP: CloudFlare Inc., Date: None, Delay: -1 ms, Speed: 0.00 M/s, Resolution: None
Name: BBC NEWS, URL: http://nor2live.win:80/livehttpplay?channel_id=16531, From: subscribe, IPv_Type: ipv6, Location: 美国, ISP: CloudFlare Inc., Date: None, Delay: -1 ms, Speed: 0.00 M/s, Resolution: None
Name: Bloomberg TV, URL: https://4gtv.mytvsuper.xyz/4gtv/283, From: subscribe, IPv_Type: ipv6, Location: 美国, ISP: CloudFlare Inc., Date: None, Delay: -1 ms, Speed: 0.00 M/s, Resolution: None
Name: Bloomberg TV, URL: https://live.catvod.com/live.php?id=Bloomberg, From: subscribe, IPv_Type: ipv6, Location: 美国, ISP: CloudFlare Inc., Date: None, Delay: -1 ms, Speed: 0.00 M/s, Resolution: None
Name: Discovery Asia, URL: https://smart.pendy.dpdns.org/Smart.php?id=discoverytwn_twn, From: subscribe, IPv_Type: ipv6, Location: 美国, ISP: CloudFlare Inc., Date: None, Delay: -1 ms, Speed: 0.00 M/s, Resolution: None
Name: Discovery Asia, URL: https://hls-gateway.vpstv.net/streams/708899.m3u8, From: subscribe, IPv_Type: ipv6, Location: 美国, ISP: CloudFlare Inc., Date: None, Delay: -1 ms, Speed: 0.00 M/s, Resolution: None
Name: Discovery Asia, URL: https://live.catvod.com/catvod_com.php?id=discoverytwn_twn&token=4b6da7059ee23a7dbdbbf684bfe3426ddf29e8ae3431dc9f5969c49754f5446e%3A1758241876, From: subscribe, IPv_Type: ipv6, Location: 美国, ISP: CloudFlare Inc., Date: None, Delay: -1 ms, Speed: 0.00 M/s, Resolution: None
Name: Discovery DMAX, URL: https://hls-gateway.vpstv.net/streams/708900.m3u8, From: subscribe, IPv_Type: ipv6, Location: 美国, ISP: CloudFlare Inc., Date: None, Delay: -1 ms, Speed: 0.00 M/s, Resolution: None
Name: Discovery Science, URL: https://hls-gateway.vpstv.net/streams/708903.m3u8, From: subscribe, IPv_Type: ipv6, Location: 美国, ISP: CloudFlare Inc., Date: None, Delay: -1 ms, Speed: 0.00 M/s, Resolution: None
Name: Eurosport, URL: https://live.catvod.com/live.php?id=Eurosport, From: subscribe, IPv_Type: ipv6, Location: 美国, ISP: CloudFlare Inc., Date: None, Delay: -1 ms, Speed: 0.00 M/s, Resolution: None
Name: Global Trekker, URL: https://4gtv.mytvsuper.xyz/4gtv/252, From: subscribe, IPv_Type: ipv6, Location: 美国, ISP: CloudFlare Inc., Date: None, Delay: -1 ms, Speed: 0.00 M/s, Resolution: None
Name: Love Nature, URL: https://d2wh06mmk97552.cloudfront.net/playlist/bamusaAAA-bamus-lovenature-lg/playlist.m3u8, From: subscribe, IPv_Type: ipv4, Location: 美国, ISP: Amazon数据中心, Date: None, Delay: 143 ms, Speed: 24.49 M/s, Resolution: 426x240
Name: Love Nature, URL: http://220.135.64.124:5050/4gtv-live208/index.m3u8?proxy=true, From: subscribe, IPv_Type: ipv4, Location: 中国-台湾, ISP: 中华电信, Date: None, Delay: 10239 ms, Speed: 0.06 M/s, Resolution: None
Name: 中天娱乐 CTI Entertaiment, URL: https://live.catvod.com/catvod_com.php?id=ctient&token=fa252c7126d9f2b8aff5de2a699965bad077f0e1425ff8719f8f53f58e30c301%3A1758241876, From: subscribe, IPv_Type: ipv6, Location: 美国, ISP: CloudFlare Inc., Date: None, Delay: -1 ms, Speed: 0.00 M/s, Resolution: None
Name: 中天综合 CTI Metro, URL: https://live.catvod.com/catvod_com.php?id=ctizhonghe&token=a0bd82670ef82164dfe1e7ffd8a84dc8fdc68b067044d6606ad3f385e49e44db%3A1758241876, From: subscribe, IPv_Type: ipv6, Location: 美国, ISP: CloudFlare Inc., Date: None, Delay: -1 ms, Speed: 0.00 M/s, Resolution: None
Name: 台视新闻台, URL: https://www.youtube.com/watch?v=xL0ch83RAK8, From: subscribe, IPv_Type: ipv6, Location: 美国, ISP: Google LLC, Date: None, Delay: -1 ms, Speed: 0.00 M/s, Resolution: None
Name: 中视新闻台, URL: https://www.youtube.com/watch?v=TCnaIE_SAtM, From: subscribe, IPv_Type: ipv6, Location: 美国, ISP: Google LLC, Date: None, Delay: -1 ms, Speed: 0.00 M/s, Resolution: None
Name: 民视新闻台 FTV News, URL: https://live.catvod.com/catvod_com.php?id=ftvnew_taiwan&token=837258c2f9cc01212ac415ab62194c097d87f267196d9cad434b3689da9bd43d%3A1758241876, From: subscribe, IPv_Type: ipv6, Location: 美国, ISP: CloudFlare Inc., Date: None, Delay: -1 ms, Speed: 0.00 M/s, Resolution: None
Name: 民视台湾台, URL: https://smart.pendy.dpdns.org/Smart.php?id=ftvtaiwan_twn, From: subscribe, IPv_Type: ipv6, Location: 美国, ISP: CloudFlare Inc., Date: None, Delay: -1 ms, Speed: 0.00 M/s, Resolution: None
Name: 民视台湾台, URL: https://hls-gateway.vpstv.net/streams/476244.m3u8, From: subscribe, IPv_Type: ipv6, Location: 美国, ISP: CloudFlare Inc., Date: None, Delay: -1 ms, Speed: 0.00 M/s, Resolution: None
Name: 公视 CTV, URL: https://live.catvod.com/catvod_com.php?id=ctv_taiwan&token=d0ced1fed54882ec301d12ed93bad4293d1cf94f862e742323808f2241fa9522%3A1758241876, From: subscribe, IPv_Type: ipv6, Location: 美国, ISP: CloudFlare Inc., Date: None, Delay: -1 ms, Speed: 0.00 M/s, Resolution: None
Name: 八大第一 GTV First, URL: https://live.catvod.com/catvod_com.php?id=badafirst&token=9015b4069b916365de026a9bb6d4b6eb056ce58797c0a9227f790cfe47258a4d%3A1758241876, From: subscribe, IPv_Type: ipv6, Location: 美国, ISP: CloudFlare Inc., Date: None, Delay: -1 ms, Speed: 0.00 M/s, Resolution: None
Name: 八大综合 GTV Metro, URL: https://live.catvod.com/catvod_com.php?id=badazhonghe&token=ff360cbb80411b9670194c25493b4c0d0eb15dee8655463573c0b69e93adcfec%3A1758241876, From: subscribe, IPv_Type: ipv6, Location: 美国, ISP: CloudFlare Inc., Date: None, Delay: -1 ms, Speed: 0.00 M/s, Resolution: None
Name: 八大戏剧 GTV Drama, URL: https://live.catvod.com/catvod_com.php?id=badadrama&token=bc30d23a6cad782b0de980457f4786a737bcf87b9780197a4d12c669ab14244c%3A1758241876, From: subscribe, IPv_Type: ipv6, Location: 美国, ISP: CloudFlare Inc., Date: None, Delay: -1 ms, Speed: 0.00 M/s, Resolution: None
Name: 八大娱乐 GTV Entertainment, URL: https://live.catvod.com/live.php?id=badaentertain, From: subscribe, IPv_Type: ipv6, Location: 美国, ISP: CloudFlare Inc., Date: None, Delay: -1 ms, Speed: 0.00 M/s, Resolution: None
Name: HBO_HITS, URL: https://live.catvod.com/catvod_com.php?id=hbohit_twn&token=a7bbd59e89e3555d9f627af7a4bb5e3347fea09f6ba3ff683c769d511ddbbf9f%3A1758241876, From: subscribe, IPv_Type: ipv6, Location: 美国, ISP: CloudFlare Inc., Date: None, Delay: -1 ms, Speed: 0.00 M/s, Resolution: None
Name: Hollywood Movies, URL: https://live.catvod.com/catvod_com.php?id=hollywoodmovies_twn&token=0979028fb7a8f120d3b01a0bd5f828a215443e9ab2c85f9418abf1e98e8e5cb5%3A1758241876, From: subscribe, IPv_Type: ipv6, Location: 美国, ISP: CloudFlare Inc., Date: None, Delay: -1 ms, Speed: 0.00 M/s, Resolution: None
Name: 三立台湾 Sanli Taiwan, URL: https://live.catvod.com/catvod_com.php?id=sanlitaiwan&token=29bae930ac977ef1e62b4ec3e1576dc20272b842a2e3af369822b9d756fd7912%3A1758241876, From: subscribe, IPv_Type: ipv6, Location: 美国, ISP: CloudFlare Inc., Date: None, Delay: -1 ms, Speed: 0.00 M/s, Resolution: None
Name: 三立综合 Sanli Metro, URL: https://live.catvod.com/catvod_com.php?id=sanlizhonghe&token=8c441937e079c60112ee6e10fcc723cec548df33fedec1febb01392ab523b5f8%3A1758241876, From: subscribe, IPv_Type: ipv6, Location: 美国, ISP: CloudFlare Inc., Date: None, Delay: -1 ms, Speed: 0.00 M/s, Resolution: None
Name: 三立都会台, URL: https://hls-gateway.vpstv.net/streams/476232.m3u8, From: subscribe, IPv_Type: ipv6, Location: 美国, ISP: CloudFlare Inc., Date: None, Delay: -1 ms, Speed: 0.00 M/s, Resolution: None
Name: 东森新闻 ETTV News, URL: https://live.catvod.com/catvod_com.php?id=ettvnews&token=3e6bb214fa1690f5e0ae4e9689005856d68160c4c8753552709188a33614deb7%3A1758241876, From: subscribe, IPv_Type: ipv6, Location: 美国, ISP: CloudFlare Inc., Date: None, Delay: -1 ms, Speed: 0.00 M/s, Resolution: None
Name: CINEMAX, URL: https://hls-gateway.vpstv.net/streams/476283.m3u8, From: subscribe, IPv_Type: ipv6, Location: 美国, ISP: CloudFlare Inc., Date: None, Delay: -1 ms, Speed: 0.00 M/s, Resolution: None
Name: CINEMAX, URL: https://live.catvod.com/catvod_com.php?id=cinemax_twn&token=033c28781462321284b99e5fbb04a3377dbb74a68f4711972df83ba70a7e9ed9%3A1758241876, From: subscribe, IPv_Type: ipv6, Location: 美国, ISP: CloudFlare Inc., Date: None, Delay: -1 ms, Speed: 0.00 M/s, Resolution: None
Name: CINEMAX, URL: https://smart.pendy.dpdns.org/Smart.php?id=cinemax_twn, From: subscribe, IPv_Type: ipv6, Location: 美国, ISP: CloudFlare Inc., Date: None, Delay: -1 ms, Speed: 0.00 M/s, Resolution: None
Name: 东森综合 ETTV Metro, URL: https://live.catvod.com/catvod_com.php?id=ettvzhonghe&token=9631ed3b06b458a6de560919e2e08aa1fa7f32fbcab596f4e6714e6638eea16d%3A1758241876, From: subscribe, IPv_Type: ipv6, Location: 美国, ISP: CloudFlare Inc., Date: None, Delay: -1 ms, Speed: 0.00 M/s, Resolution: None
Name: 东森戏剧 ETTV Drama, URL: https://live.catvod.com/catvod_com.php?id=ettvdrama&token=5633a3f3b5f46bdaed6d7889431e30b462b7ec672a12785b3eceb6a5a3593426%3A1758241876, From: subscribe, IPv_Type: ipv6, Location: 美国, ISP: CloudFlare Inc., Date: None, Delay: -1 ms, Speed: 0.00 M/s, Resolution: None
Name: 东森超视, URL: https://smart.pendy.dpdns.org/Smart.php?id=ettvsuper, From: subscribe, IPv_Type: ipv6, Location: 美国, ISP: CloudFlare Inc., Date: None, Delay: -1 ms, Speed: 0.00 M/s, Resolution: None
Name: 东森超视, URL: https://hls-gateway.vpstv.net/streams/476234.m3u8, From: subscribe, IPv_Type: ipv6, Location: 美国, ISP: CloudFlare Inc., Date: None, Delay: -1 ms, Speed: 0.00 M/s, Resolution: None
Name: 东森超视, URL: https://stream1.freetv.fun/dong-sen-chao-shi-9.m3u8, From: subscribe, IPv_Type: ipv6, Location: 美国, ISP: CloudFlare Inc., Date: None, Delay: -1 ms, Speed: 0.00 M/s, Resolution: None
Name: 东森财经新闻 ETTV Business, URL: https://live.catvod.com/catvod_com.php?id=ettvcaijing_twn&token=b2d962638d840ba93ae48710b305c61da40e1485765526658b168d91edd95128%3A1758241876, From: subscribe, IPv_Type: ipv6, Location: 美国, ISP: CloudFlare Inc., Date: None, Delay: -1 ms, Speed: 0.00 M/s, Resolution: None
Name: 寰宇财经, URL: https://live.iill.top/youtube/WTRQiVWK1jY, From: subscribe, IPv_Type: ipv6, Location: 美国, ISP: CloudFlare Inc., Date: None, Delay: -1 ms, Speed: 0.00 M/s, Resolution: None
Name: 寰宇财经, URL: https://smart.pendy.dpdns.org/Smart.php?id=huanyutaiwan_twn, From: subscribe, IPv_Type: ipv6, Location: 美国, ISP: CloudFlare Inc., Date: None, Delay: -1 ms, Speed: 0.00 M/s, Resolution: None
Name: 寰宇财经, URL: https://hls-gateway.vpstv.net/streams/488994.m3u8, From: subscribe, IPv_Type: ipv6, Location: 美国, ISP: CloudFlare Inc., Date: None, Delay: -1 ms, Speed: 0.00 M/s, Resolution: None
Name: 寰宇财经, URL: https://live.catvod.com/catvod_com.php?id=huanyutaiwan_twn&token=b354e9f3a2b32886dcca998bb3fa616ded67171382a357cb383f0a4eff2ab343%3A1758241876, From: subscribe, IPv_Type: ipv6, Location: 美国, ISP: CloudFlare Inc., Date: None, Delay: -1 ms, Speed: 0.00 M/s, Resolution: None
Name: 寰宇财经, URL: https://stream1.freetv.fun/huan-yu-cai-jing-2.ctv, From: subscribe, IPv_Type: ipv6, Location: 美国, ISP: CloudFlare Inc., Date: None, Delay: -1 ms, Speed: 0.00 M/s, Resolution: None
Name: 寰宇财经, URL: https://edgeone.passwdword.xyz/ofiii.php?token=passwd&id=4gtv-4gtv158, From: subscribe, IPv_Type: ipv6, Location: 美国, ISP: CloudFlare Inc., Date: None, Delay: -1 ms, Speed: 0.00 M/s, Resolution: None
Name: 寰宇财经, URL: http://jp.809899.xyz/smt.php?id=huanyutaiwan_twn, From: subscribe, IPv_Type: ipv6, Location: 美国, ISP: CloudFlare Inc., Date: None, Delay: -1 ms, Speed: 0.00 M/s, Resolution: None
Name: 寰宇财经, URL: http://php.666230.xyz/smt.php?id=huanyutaiwan_twn, From: subscribe, IPv_Type: ipv6, Location: 美国, ISP: CloudFlare Inc., Date: None, Delay: -1 ms, Speed: 0.00 M/s, Resolution: None
Name: 寰宇财经, URL: https://smt.858.qzz.io/Smart.php?id=huanyutaiwan_twn, From: subscribe, IPv_Type: ipv6, Location: 美国, ISP: CloudFlare Inc., Date: None, Delay: -1 ms, Speed: 0.00 M/s, Resolution: None
Name: 寰宇财经, URL: https://smt.go-iptv.ggff.net/smart.php?id=huanyutaiwan_twn&token=Goiptv, From: subscribe, IPv_Type: ipv6, Location: 美国, ISP: CloudFlare Inc., Date: None, Delay: -1 ms, Speed: 0.00 M/s, Resolution: None
Name: 寰宇财经, URL: https://t.freetv.fun/live/huan-yu-cai-jing-10.m3u8, From: subscribe, IPv_Type: ipv6, Location: 美国, ISP: CloudFlare Inc., Date: None, Delay: -1 ms, Speed: 0.00 M/s, Resolution: None
Name: 寰宇财经, URL: http://xclasvgas.sylu.cc:8880/?token=dbm&id=4gtv-4gtv158, From: subscribe, IPv_Type: ipv6, Location: 美国, ISP: CloudFlare Inc., Date: None, Delay: -1 ms, Speed: 0.00 M/s, Resolution: None
Name: 寰宇新闻台, URL: https://www.youtube.com/watch?v=6IquAgfvYmc, From: subscribe, IPv_Type: ipv6, Location: 美国, ISP: Google LLC, Date: None, Delay: -1 ms, Speed: 0.00 M/s, Resolution: None
Name: 公视2, URL: https://smart.pendy.dpdns.org/Smart.php?id=ctv2_twn, From: subscribe, IPv_Type: ipv6, Location: 美国, ISP: CloudFlare Inc., Date: None, Delay: -1 ms, Speed: 0.00 M/s, Resolution: None
Name: 公视2, URL: https://hls-gateway.vpstv.net/streams/708888.m3u8, From: subscribe, IPv_Type: ipv6, Location: 美国, ISP: CloudFlare Inc., Date: None, Delay: -1 ms, Speed: 0.00 M/s, Resolution: None
Name: 公视2, URL: https://live.catvod.com/catvod_com.php?id=ctv2_twn&token=f91bf0e5b565835508ee78a823593513109e95d08f185345617ac249f0ca99d5%3A1758241876, From: subscribe, IPv_Type: ipv6, Location: 美国, ISP: CloudFlare Inc., Date: None, Delay: -1 ms, Speed: 0.00 M/s, Resolution: None
Name: 龙华戏剧 Lunghua Drama, URL: https://live.catvod.com/catvod_com.php?id=lunghuaxiju_twn&token=a0085cd17e033f8ec04cb77f70f71d5c415dcb7aa7d2008b5c360936ba9474da%3A1758241876, From: subscribe, IPv_Type: ipv6, Location: 美国, ISP: CloudFlare Inc., Date: None, Delay: -1 ms, Speed: 0.00 M/s, Resolution: None
Name: 龙华偶像, URL: https://cdn3.132.us.kg/live/lhox/stream.m3u8, From: subscribe, IPv_Type: ipv6, Location: 美国, ISP: CloudFlare Inc., Date: None, Delay: -1 ms, Speed: 0.00 M/s, Resolution: None
Name: 龙华偶像, URL: https://smt.iktv.ddns-ip.net/Smart.php, From: subscribe, IPv_Type: ipv6, Location: 美国, ISP: CloudFlare Inc., Date: None, Delay: -1 ms, Speed: 0.00 M/s, Resolution: None
Name: 龙华偶像, URL: https://cdn8.163189.xyz/live/lhox/stream.m3u8, From: subscribe, IPv_Type: ipv6, Location: 美国, ISP: CloudFlare Inc., Date: None, Delay: -1 ms, Speed: 0.00 M/s, Resolution: None
Name: 龙华偶像, URL: http://pullpackage.alivecdn.com/live/vt4dCOecf7kVYoIZ1Pu9Ct6Y6ZuwIHPUMgKpobfd2ympw7hb6B.flv, From: subscribe, IPv_Type: ipv6, Location: 美国-加利福尼亚州-洛杉矶, ISP: Level3, Date: None, Delay: -1 ms, Speed: 0.00 M/s, Resolution: None
Name: 龙华偶像, URL: https://hls-gateway.vpstv.net/streams/708930.m3u8, From: subscribe, IPv_Type: ipv6, Location: 美国, ISP: CloudFlare Inc., Date: None, Delay: -1 ms, Speed: 0.00 M/s, Resolution: None
Name: 龙华偶像, URL: https://live.catvod.com/catvod_com.php?id=lunghuaidol_twn&token=18f76f608b41e887c1fe1152a10ee0f42c66f5c143e5c1dcfa37d959d2f86fe6%3A1758241876, From: subscribe, IPv_Type: ipv6, Location: 美国, ISP: CloudFlare Inc., Date: None, Delay: -1 ms, Speed: 0.00 M/s, Resolution: None
Name: 龙华偶像, URL: http://live.catvod.com/smart.php?id=lunghuaidol_twn, From: subscribe, IPv_Type: ipv6, Location: 美国, ISP: CloudFlare Inc., Date: None, Delay: -1 ms, Speed: 0.00 M/s, Resolution: None
Name: 龙华偶像, URL: http://breezy-audrie-zspace-7524863c.koyeb.app/vipsir?token=leifeng&id=litv-longturn12, From: subscribe, IPv_Type: ipv6, Location: 美国, ISP: CloudFlare Inc., Date: None, Delay: -1 ms, Speed: 0.00 M/s, Resolution: None
Name: 龙华偶像, URL: http://cdn8.163189.xyz/163189/lhox, From: subscribe, IPv_Type: ipv6, Location: 美国, ISP: CloudFlare Inc., Date: None, Delay: -1 ms, Speed: 0.00 M/s, Resolution: None
Name: 龙华偶像, URL: https://edgeone.passwdword.xyz/ofiii.php?token=passwd&id=litv-longturn12, From: subscribe, IPv_Type: ipv6, Location: 美国, ISP: CloudFlare Inc., Date: None, Delay: -1 ms, Speed: 0.00 M/s, Resolution: None
Name: 龙华偶像, URL: http://jp.809899.xyz/smt.php?id=lunghuaidol_twn, From: subscribe, IPv_Type: ipv6, Location: 美国, ISP: CloudFlare Inc., Date: None, Delay: -1 ms, Speed: 0.00 M/s, Resolution: None
Name: 龙华偶像, URL: http://php.666230.xyz/smt.php?id=lunghuaidol_twn, From: subscribe, IPv_Type: ipv6, Location: 美国, ISP: CloudFlare Inc., Date: None, Delay: -1 ms, Speed: 0.00 M/s, Resolution: None
Name: 龙华偶像, URL: https://smt.go-iptv.ggff.net/smart.php?id=lunghuaidol_twn&token=Goiptv, From: subscribe, IPv_Type: ipv6, Location: 美国, ISP: CloudFlare Inc., Date: None, Delay: -1 ms, Speed: 0.00 M/s, Resolution: None
Name: 龙华偶像, URL: http://cdn8.veryfast.filegear-sg.me/live/lhox/stream.m3u8, From: subscribe, IPv_Type: ipv6, Location: 新加坡, ISP: Aceville Pte.Ltd., Date: None, Delay: -1 ms, Speed: 0.00 M/s, Resolution: None
Name: 龙华偶像, URL: http://xclasvgas.sylu.cc:8880/?token=dbm&id=litv-xinchuang12, From: subscribe, IPv_Type: ipv6, Location: 美国, ISP: CloudFlare Inc., Date: None, Delay: -1 ms, Speed: 0.00 M/s, Resolution: None
Name: 龙华偶像, URL: http://kaniptv.com/xz/xz_f09181ac93/wwkds.php?id=lhox, From: subscribe, IPv_Type: ipv6, Location: 美国, ISP: CloudFlare Inc., Date: None, Delay: -1 ms, Speed: 0.00 M/s, Resolution: None
Name: AXN Taiwan, URL: https://live.catvod.com/catvod_com.php?id=axn_twn&token=f5758b14c1137b27f5ac4fb6f96a053b4ccb58e6884593bb576ffa05b7cceab3%3A1758241876, From: subscribe, IPv_Type: ipv6, Location: 美国, ISP: CloudFlare Inc., Date: None, Delay: -1 ms, Speed: 0.00 M/s, Resolution: None
Name: 年代新闻, URL: https://smt.iktv.ddns-ip.net/Smart.php, From: subscribe, IPv_Type: ipv6, Location: 美国, ISP: CloudFlare Inc., Date: None, Delay: -1 ms, Speed: 0.00 M/s, Resolution: None
Name: 年代新闻, URL: https://stream1.freetv.fun/nian-dai-xin-wen-7.m3u8, From: subscribe, IPv_Type: ipv6, Location: 美国, ISP: CloudFlare Inc., Date: None, Delay: -1 ms, Speed: 0.00 M/s, Resolution: None
Name: 年代新闻, URL: http://pullpackage.alivecdn.com/live/ruqTd9DCQm8ZG3MvLBN6uqJ6DB6owtfo2R9Kvitv9fNrV82Z1V.flv, From: subscribe, IPv_Type: ipv6, Location: 美国-加利福尼亚州-洛杉矶, ISP: Level3, Date: None, Delay: -1 ms, Speed: 0.00 M/s, Resolution: None
Name: 年代新闻, URL: https://hls-gateway.vpstv.net/streams/709037.m3u8, From: subscribe, IPv_Type: ipv6, Location: 美国, ISP: CloudFlare Inc., Date: None, Delay: -1 ms, Speed: 0.00 M/s, Resolution: None
Name: 年代新闻, URL: https://vx65267199.18cn.dpdns.org/26.m3u8, From: subscribe, IPv_Type: ipv6, Location: 美国, ISP: CloudFlare Inc., Date: None, Delay: -1 ms, Speed: 0.00 M/s, Resolution: None
Name: 年代新闻, URL: https://live.catvod.com/catvod_com.php?id=niandainews_twn&token=c4ec83cbeb681ae4faf227703d56ae097804e12b57e6ac0d9e6976b24ef5c0e2%3A1758241876, From: subscribe, IPv_Type: ipv6, Location: 美国, ISP: CloudFlare Inc., Date: None, Delay: -1 ms, Speed: 0.00 M/s, Resolution: None
Name: 年代新闻, URL: http://live.catvod.com/smart.php?id=niandainews_twn, From: subscribe, IPv_Type: ipv6, Location: 美国, ISP: CloudFlare Inc., Date: None, Delay: -1 ms, Speed: 0.00 M/s, Resolution: None
Name: 年代新闻, URL: https://smart.pendy.dpdns.org/Smart.php?id=niandainews_twn, From: subscribe, IPv_Type: ipv6, Location: 美国, ISP: CloudFlare Inc., Date: None, Delay: -1 ms, Speed: 0.00 M/s, Resolution: None
Name: 年代新闻, URL: https://t.freetv.fun/live/nian-dai-xin-wen.php, From: subscribe, IPv_Type: ipv6, Location: 美国, ISP: CloudFlare Inc., Date: None, Delay: -1 ms, Speed: 0.00 M/s, Resolution: None
Name: 年代新闻, URL: http://kaniptv.com/xz/xz_f09181ac93/wwkds.php?id=ndxw, From: subscribe, IPv_Type: ipv6, Location: 美国, ISP: CloudFlare Inc., Date: None, Delay: -1 ms, Speed: 0.00 M/s, Resolution: None
Name: 纬来育乐, URL: https://vx65267199.18cn.dpdns.org/48.m3u8, From: subscribe, IPv_Type: ipv6, Location: 美国, ISP: CloudFlare Inc., Date: None, Delay: -1 ms, Speed: 0.00 M/s, Resolution: None
Name: 纬来育乐, URL: https://hls-gateway.vpstv.net/streams/477081.m3u8, From: subscribe, IPv_Type: ipv6, Location: 美国, ISP: CloudFlare Inc., Date: None, Delay: -1 ms, Speed: 0.00 M/s, Resolution: None
Name: 纬来育乐, URL: https://smart.pendy.dpdns.org/Smart.php?id=videolandyule, From: subscribe, IPv_Type: ipv6, Location: 美国, ISP: CloudFlare Inc., Date: None, Delay: -1 ms, Speed: 0.00 M/s, Resolution: None
Name: 纬来育乐, URL: https://live.catvod.com/catvod_com.php?id=videolandmax&token=d6d84c2a31e9094a5478d5d376177e7859090faf183ada5b1cf997ccd5d9df5a%3A1758241876, From: subscribe, IPv_Type: ipv6, Location: 美国, ISP: CloudFlare Inc., Date: None, Delay: -1 ms, Speed: 0.00 M/s, Resolution: None
Name: 纬来育乐, URL: http://free.cnlive.club/channel/581c988d.m3u8?q=111.170.171.148, From: subscribe, IPv_Type: ipv6, Location: 美国, ISP: CloudFlare Inc., Date: None, Delay: -1 ms, Speed: 0.00 M/s, Resolution: None
Name: 纬来精彩, URL: https://hls-gateway.vpstv.net/streams/476286.m3u8, From: subscribe, IPv_Type: ipv6, Location: 美国, ISP: CloudFlare Inc., Date: None, Delay: -1 ms, Speed: 0.00 M/s, Resolution: None
Name: 纬来精彩, URL: https://live.catvod.com/catvod_com.php?id=videolandspecial_twn&token=5a08cf504a5c1e466cb3d81847eaff3b9792894ae4eedc09aced2467f9a531fd%3A1758241876, From: subscribe, IPv_Type: ipv6, Location: 美国, ISP: CloudFlare Inc., Date: None, Delay: -1 ms, Speed: 0.00 M/s, Resolution: None
Name: 纬来精彩, URL: https://smt.go-iptv.ggff.net/smart.php?id=videolandspecial_twn&token=Goiptv, From: subscribe, IPv_Type: ipv6, Location: 美国, ISP: CloudFlare Inc., Date: None, Delay: -1 ms, Speed: 0.00 M/s, Resolution: None
Name: 亚洲美食, URL: https://smt.iktv.ddns-ip.net/Smart.php, From: subscribe, IPv_Type: ipv6, Location: 美国, ISP: CloudFlare Inc., Date: None, Delay: -1 ms, Speed: 0.00 M/s, Resolution: None
Name: 亚洲美食, URL: http://pullpackage.alivecdn.com/live/p5HpHnJAym8SCQH745OfVD3vebxkKjhoHVzddBzXJs4Z8nFnxO.flv, From: subscribe, IPv_Type: ipv6, Location: 美国-加利福尼亚州-洛杉矶, ISP: Level3, Date: None, Delay: -1 ms, Speed: 0.00 M/s, Resolution: None
Name: 亚洲美食, URL: https://live.catvod.com/catvod_com.php?id=afc_twn&token=665f0825e06290392aede9218079bf8bafd299f160d432b2bc73913d052ec24c%3A1758241876, From: subscribe, IPv_Type: ipv6, Location: 美国, ISP: CloudFlare Inc., Date: None, Delay: -1 ms, Speed: 0.00 M/s, Resolution: None
Name: 亚洲美食, URL: https://smart.pendy.dpdns.org/Smart.php?id=afc_twn, From: subscribe, IPv_Type: ipv6, Location: 美国, ISP: CloudFlare Inc., Date: None, Delay: -1 ms, Speed: 0.00 M/s, Resolution: None
Name: 亚洲美食, URL: http://kaniptv.com/xz/xz_f09181ac93/wwkds.php?id=afc, From: subscribe, IPv_Type: ipv6, Location: 美国, ISP: CloudFlare Inc., Date: None, Delay: -1 ms, Speed: 0.00 M/s, Resolution: None
Name: 美食星球, URL: https://smt.iktv.ddns-ip.net/Smart.php, From: subscribe, IPv_Type: ipv6, Location: 美国, ISP: CloudFlare Inc., Date: None, Delay: -1 ms, Speed: 0.00 M/s, Resolution: None
Name: 美食星球, URL: https://hls-gateway.vpstv.net/streams/709110.m3u8, From: subscribe, IPv_Type: ipv6, Location: 美国, ISP: CloudFlare Inc., Date: None, Delay: -1 ms, Speed: 0.00 M/s, Resolution: None
Name: 亚洲旅游 TLC Asia, URL: https://live.catvod.com/catvod_com.php?id=tlc_twn&token=21b305e2295b2fe846b3f473dec286e202c6b4c4414731eec9a90812e21205ed%3A1758241876, From: subscribe, IPv_Type: ipv6, Location: 美国, ISP: CloudFlare Inc., Date: None, Delay: -1 ms, Speed: 0.00 M/s, Resolution: None
Name: 东森电影 ETTV Movie, URL: https://live.catvod.com/catvod_com.php?id=ettvmovie&token=93f7e14f2ceba494f13e0b5d000357f02000d10f713c9f65570da302a5da0fee%3A1758241876, From: subscribe, IPv_Type: ipv6, Location: 美国, ISP: CloudFlare Inc., Date: None, Delay: -1 ms, Speed: 0.00 M/s, Resolution: None
Name: 阿里郎 Arirang, URL: https://live.catvod.com/catvod_com.php?id=arirang_twn&token=709001fa182f1023aac8d0c4fe3d36c696cf285a8357c2e3ecdb69a3314b18a2%3A1758241876, From: subscribe, IPv_Type: ipv6, Location: 美国, ISP: CloudFlare Inc., Date: None, Delay: -1 ms, Speed: 0.00 M/s, Resolution: None
Name: 阿里郎 Arirang, URL: https://smart.pendy.dpdns.org/Smart.php?id=arirang_twn, From: subscribe, IPv_Type: ipv6, Location: 美国, ISP: CloudFlare Inc., Date: None, Delay: -1 ms, Speed: 0.00 M/s, Resolution: None
Name: 东森洋片 ETTV Western, URL: https://live.catvod.com/catvod_com.php?id=ettvwestern&token=e9a3c887d3375ac8bcf1995b2918537263bd4c65e61950c826c5f3505ddb2d81%3A1758241876, From: subscribe, IPv_Type: ipv6, Location: 美国, ISP: CloudFlare Inc., Date: None, Delay: -1 ms, Speed: 0.00 M/s, Resolution: None
Name: 龙华洋片 Lunghua Western, URL: https://live.catvod.com/catvod_com.php?id=lunghuawestern_twn&token=2095aadc830940f802363bae16becb6c22b593659ab07cab13357d5eecf4a81f%3A1758241876, From: subscribe, IPv_Type: ipv6, Location: 美国, ISP: CloudFlare Inc., Date: None, Delay: -1 ms, Speed: 0.00 M/s, Resolution: None
Name: 博斯无限, URL: https://smt.iktv.ddns-ip.net/Smart.php, From: subscribe, IPv_Type: ipv6, Location: 美国, ISP: CloudFlare Inc., Date: None, Delay: -1 ms, Speed: 0.00 M/s, Resolution: None
Name: 博斯无限, URL: http://pullpackage.alivecdn.com/live/TCD7pgTmDrjoVbmKVzddBzotStrXuppbuDp6ZH4Vg1Px3le2Nf.flv, From: subscribe, IPv_Type: ipv6, Location: 美国-加利福尼亚州-洛杉矶, ISP: Level3, Date: None, Delay: -1 ms, Speed: 0.00 M/s, Resolution: None
Name: 博斯无限, URL: https://hls-gateway.vpstv.net/streams/477603.m3u8, From: subscribe, IPv_Type: ipv6, Location: 美国, ISP: CloudFlare Inc., Date: None, Delay: -1 ms, Speed: 0.00 M/s, Resolution: None
Name: 博斯无限, URL: https://live.catvod.com/catvod_com.php?id=bosiunlimited_twn&token=f3d4c9580120b8b724c12d7547db24ad797b61e301a9076304dd459ec58825a2%3A1758241876, From: subscribe, IPv_Type: ipv6, Location: 美国, ISP: CloudFlare Inc., Date: None, Delay: -1 ms, Speed: 0.00 M/s, Resolution: None
Name: 博斯无限, URL: https://stream1.freetv.fun/bo-si-wu-xian-5.ctv, From: subscribe, IPv_Type: ipv6, Location: 美国, ISP: CloudFlare Inc., Date: None, Delay: -1 ms, Speed: 0.00 M/s, Resolution: None
Name: 博斯无限, URL: https://t.freetv.fun/live/bo-si-wu-xian.php, From: subscribe, IPv_Type: ipv6, Location: 美国, ISP: CloudFlare Inc., Date: None, Delay: -1 ms, Speed: 0.00 M/s, Resolution: None
Name: MTV Live, URL: https://live.catvod.com/catvod_com.php?id=mtvhd_twn&token=2c45d7dbdfae2c2461991be9559003816bb930dddc51b20f18ec9d548fc18178%3A1758241876, From: subscribe, IPv_Type: ipv6, Location: 美国, ISP: CloudFlare Inc., Date: None, Delay: -1 ms, Speed: 0.00 M/s, Resolution: None
Name: MTV Live, URL: https://smart.pendy.dpdns.org/Smart.php?id=mtvhd_twn, From: subscribe, IPv_Type: ipv6, Location: 美国, ISP: CloudFlare Inc., Date: None, Delay: -1 ms, Speed: 0.00 M/s, Resolution: None
Name: MTV Live, URL: http://kaniptv.com/xz/xz_f09181ac93/wwkds.php?id=mtv, From: subscribe, IPv_Type: ipv6, Location: 美国, ISP: CloudFlare Inc., Date: None, Delay: -1 ms, Speed: 0.00 M/s, Resolution: None
Name: 龙详时代, URL: https://live.catvod.com/catvod_com.php?id=lungxiangtime_twn&token=d774192313b6396e775a81030f053e92e4e22e02faaccb84c5c20f6353b5564a%3A1758241876, From: subscribe, IPv_Type: ipv6, Location: 美国, ISP: CloudFlare Inc., Date: None, Delay: -1 ms, Speed: 0.00 M/s, Resolution: None
Name: 龙详时代, URL: https://smart.pendy.dpdns.org/Smart.php?id=lungxiangtime_twn, From: subscribe, IPv_Type: ipv6, Location: 美国, ISP: CloudFlare Inc., Date: None, Delay: -1 ms, Speed: 0.00 M/s, Resolution: None
Name: EYETV 旅游, URL: https://live.catvod.com/catvod_com.php?id=eyetvtravel_twn&token=af695aa0a2e897a8be2037ee5c414745edceaf4fa5c586d6367ef4daf8e74196%3A1758241876, From: subscribe, IPv_Type: ipv6, Location: 美国, ISP: CloudFlare Inc., Date: None, Delay: -1 ms, Speed: 0.00 M/s, Resolution: None
Name: EYETV 戏剧, URL: https://live.catvod.com/catvod_com.php?id=eyetvxiju_twn&token=aaa3bc7f3fdaf2707e59e570924165edb39b9e1a8ef783797bd78203e1c4f817%3A1758241876, From: subscribe, IPv_Type: ipv6, Location: 美国, ISP: CloudFlare Inc., Date: None, Delay: -1 ms, Speed: 0.00 M/s, Resolution: None
Name: 卫视中文台 Star Movies Chinese, URL: https://live.catvod.com/catvod_com.php?id=weishichinese_twn&token=d88ec39c182ae1bf66d95d2c54b15992175adfbc3ff9b0a8a90ccb18a1612941%3A1758241876, From: subscribe, IPv_Type: ipv6, Location: 美国, ISP: CloudFlare Inc., Date: None, Delay: -1 ms, Speed: 0.00 M/s, Resolution: None
Name: 东森幼幼 Yoyo TV, URL: https://live.catvod.com/catvod_com.php?id=yoyo_twn&token=551f2cdb0203df0437ab1c9ae9d319c88f56abf30ab92d0852e57ae8a57ddddc%3A1758241876, From: subscribe, IPv_Type: ipv6, Location: 美国, ISP: CloudFlare Inc., Date: None, Delay: -1 ms, Speed: 0.00 M/s, Resolution: None
Name: 美亚电影, URL: http://cdn9.163189.xyz/smt1.1.php, From: subscribe, IPv_Type: ipv6, Location: 美国, ISP: CloudFlare Inc., Date: None, Delay: -1 ms, Speed: 0.00 M/s, Resolution: None
Name: 美亚电影, URL: http://php.jdshipin.com:8880/smt.php?id=meiyamovie_twn, From: None, IPv_Type: ipv6, Location: 美国, ISP: CloudFlare Inc., Date: None, Delay: -1 ms, Speed: 0.00 M/s, Resolution: None
Name: 美亚电影, URL: https://hls-gateway.vpstv.net/streams/709286.m3u8, From: subscribe, IPv_Type: ipv6, Location: 美国, ISP: CloudFlare Inc., Date: None, Delay: -1 ms, Speed: 0.00 M/s, Resolution: None
Name: 美亚电影, URL: https://stream1.freetv.fun/mei-ya-dian-ying-5.ctv, From: subscribe, IPv_Type: ipv6, Location: 美国, ISP: CloudFlare Inc., Date: None, Delay: -1 ms, Speed: 0.00 M/s, Resolution: None
Name: 美亚电影, URL: https://smart.pendy.dpdns.org/Smart.php?id=meiyamovie_twn, From: subscribe, IPv_Type: ipv6, Location: 美国, ISP: CloudFlare Inc., Date: None, Delay: -1 ms, Speed: 0.00 M/s, Resolution: None
Name: 美亚电影, URL: http://tl.061833.xyz/tl/null-5, From: subscribe, IPv_Type: ipv6, Location: 美国, ISP: CloudFlare Inc., Date: None, Delay: -1 ms, Speed: 0.00 M/s, Resolution: None
Name: 美亚电影, URL: https://smt.1678520.xyz/smt3.2.1.php?id=meiyamovie_twn, From: subscribe, IPv_Type: ipv6, Location: 美国, ISP: CloudFlare Inc., Date: None, Delay: -1 ms, Speed: 0.00 M/s, Resolution: None
Name: 美亚电影, URL: https://cdn9.163189.xyz/smt3.1.1.php?id=meiyamovie_twn, From: subscribe, IPv_Type: ipv6, Location: 美国, ISP: CloudFlare Inc., Date: None, Delay: -1 ms, Speed: 0.00 M/s, Resolution: None
Name: 美亚电影, URL: https://live.catvod.com/live.php?id=meiyamovie_twn, From: subscribe, IPv_Type: ipv6, Location: 美国, ISP: CloudFlare Inc., Date: None, Delay: -1 ms, Speed: 0.00 M/s, Resolution: None
Name: 美亚电影, URL: https://t.freetv.fun/live/mei-ya-dian-ying-3.m3u8, From: subscribe, IPv_Type: ipv6, Location: 美国, ISP: CloudFlare Inc., Date: None, Delay: -1 ms, Speed: 0.00 M/s, Resolution: None
Name: 星卫电影, URL: https://live.catvod.com/catvod_com.php?id=xingwei_movie&token=9fc769fa54ee6931bd3795ba37a404df1b3a9d4e186d1f277c77be263c164296%3A1758241876, From: subscribe, IPv_Type: ipv6, Location: 美国, ISP: CloudFlare Inc., Date: None, Delay: -1 ms, Speed: 0.00 M/s, Resolution: None
Name: 浙江钱江, URL: https://stream1.freetv.fun/zhe-jiang-qian-jiang-du-shi-2.m3u8, From: subscribe, IPv_Type: ipv6, Location: 美国, ISP: CloudFlare Inc., Date: None, Delay: -1 ms, Speed: 0.00 M/s, Resolution: None
Name: 浙江钱江, URL: https://ali-m-l.cztv.com/channels/lantian/channel002/1080p.m3u8\r\n, From: subscribe, IPv_Type: ipv4, Location: 中国-陕西, ISP: 移动, Date: None, Delay: 2344 ms, Speed: 0.70 M/s, Resolution: 1920x1080
Name: 浙江钱江都市, URL: https://t.freetv.fun/live/zhe-jiang-qian-jiang-du-shi-1.m3u8, From: subscribe, IPv_Type: ipv6, Location: 美国, ISP: CloudFlare Inc., Date: None, Delay: -1 ms, Speed: 0.00 M/s, Resolution: None
Name: 浙江生活, URL: https://stream1.freetv.fun/zhe-jiang-jing-ji-sheng-huo-1.ctv, From: subscribe, IPv_Type: ipv6, Location: 美国, ISP: CloudFlare Inc., Date: None, Delay: -1 ms, Speed: 0.00 M/s, Resolution: None
Name: 浙江生活, URL: http://ls.qingting.fm/live/1099.m3u8, From: subscribe, IPv_Type: ipv6, Location: 美国, ISP: , Date: None, Delay: -1 ms, Speed: 0.00 M/s, Resolution: None
Name: 浙江生活, URL: http://ali-vl.cztv.com/channels/lantian/channel003/360p.m3u8, From: subscribe, IPv_Type: ipv6, Location: 中国, ISP: 中国电信, Date: None, Delay: -1 ms, Speed: 0.00 M/s, Resolution: None
Name: 浙江经济生活, URL: http://ali-vl.cztv.com/channels/lantian/channel003/360p.m3u8, From: subscribe, IPv_Type: ipv6, Location: 中国, ISP: 中国电信, Date: None, Delay: -1 ms, Speed: 0.00 M/s, Resolution: None
Name: 浙江经济生活, URL: http://ls.qingting.fm/live/1099.m3u8, From: subscribe, IPv_Type: ipv6, Location: 美国, ISP: , Date: None, Delay: -1 ms, Speed: 0.00 M/s, Resolution: None
Name: 浙江经济生活, URL: https://t.freetv.fun/live/zhe-jiang-jing-ji-sheng-huo-2.m3u8, From: subscribe, IPv_Type: ipv6, Location: 美国, ISP: CloudFlare Inc., Date: None, Delay: -1 ms, Speed: 0.00 M/s, Resolution: None
Name: 浙江经济生活, URL: http://ali-m-l.cztv.com/channels/lantian/channel003/1080p.m3u8, From: subscribe, IPv_Type: ipv4, Location: 中国-陕西, ISP: 移动, Date: None, Delay: 2170 ms, Speed: 0.86 M/s, Resolution: 1920x1080
Name: 浙江经济生活, URL: https://ali-m-l.cztv.com/channels/lantian/channel003/1080p.m3u8, From: subscribe, IPv_Type: ipv4, Location: 中国-陕西, ISP: 移动, Date: None, Delay: 2596 ms, Speed: 0.79 M/s, Resolution: 1920x1080
Name: 浙江教育, URL: http://ali-vl.cztv.com/channels/lantian/channel004/360p.m3u8, From: subscribe, IPv_Type: ipv6, Location: 中国, ISP: 中国电信, Date: None, Delay: -1 ms, Speed: 0.00 M/s, Resolution: None
Name: 浙江民生, URL: https://stream1.freetv.fun/zhe-jiang-min-sheng-9.m3u8, From: subscribe, IPv_Type: ipv6, Location: 美国, ISP: CloudFlare Inc., Date: None, Delay: -1 ms, Speed: 0.00 M/s, Resolution: None
Name: 浙江民生, URL: https://t.freetv.fun/live/zhe-jiang-min-sheng-1.m3u8, From: subscribe, IPv_Type: ipv6, Location: 美国, ISP: CloudFlare Inc., Date: None, Delay: -1 ms, Speed: 0.00 M/s, Resolution: None
Name: 浙江新闻, URL: http://ali-vl.cztv.com/channels/lantian/channel007/360p.m3u8, From: subscribe, IPv_Type: ipv6, Location: 中国, ISP: 中国电信, Date: None, Delay: -1 ms, Speed: 0.00 M/s, Resolution: None
Name: 浙江新闻, URL: https://stream1.freetv.fun/7fa07158e038a9bae3747a0cb9f8e8ff1aaba32669d28d99a498716f16569c1d.m3u8, From: subscribe, IPv_Type: ipv6, Location: 美国, ISP: CloudFlare Inc., Date: None, Delay: -1 ms, Speed: 0.00 M/s, Resolution: None
Name: 浙江新闻, URL: https://t.freetv.fun/live/zhe-jiang-xin-wen-1.m3u8, From: subscribe, IPv_Type: ipv6, Location: 美国, ISP: CloudFlare Inc., Date: None, Delay: -1 ms, Speed: 0.00 M/s, Resolution: None
Name: 浙江新闻, URL: https://ali-m-l.cztv.com/channels/lantian/channel07/1080p.m3u8, From: subscribe, IPv_Type: ipv4, Location: 中国-陕西, ISP: 移动, Date: None, Delay: 2814 ms, Speed: 1.18 M/s, Resolution: 1920x1080
Name: 浙江少儿, URL: https://stream1.freetv.fun/zhe-jiang-shao-er-4.m3u8, From: subscribe, IPv_Type: ipv6, Location: 美国, ISP: CloudFlare Inc., Date: None, Delay: -1 ms, Speed: 0.00 M/s, Resolution: None
Name: 浙江少儿, URL: http://ali-vl.cztv.com/channels/lantian/channel008/360p.m3u8, From: subscribe, IPv_Type: ipv6, Location: 中国, ISP: 中国电信, Date: None, Delay: -1 ms, Speed: 0.00 M/s, Resolution: None
Name: 杭州综合, URL: https://stream1.freetv.fun/hang-zhou-zong-he-4.m3u8, From: subscribe, IPv_Type: ipv6, Location: 美国, ISP: CloudFlare Inc., Date: None, Delay: -1 ms, Speed: 0.00 M/s, Resolution: None
Name: 杭州明珠, URL: https://stream1.freetv.fun/hang-zhou-ming-zhu-2.ctv, From: subscribe, IPv_Type: ipv6, Location: 美国, ISP: CloudFlare Inc., Date: None, Delay: -1 ms, Speed: 0.00 M/s, Resolution: None
Name: 杭州生活, URL: https://stream1.freetv.fun/hang-zhou-sheng-huo-2.ctv, From: subscribe, IPv_Type: ipv6, Location: 美国, ISP: CloudFlare Inc., Date: None, Delay: -1 ms, Speed: 0.00 M/s, Resolution: None
Name: 杭州影视, URL: https://stream1.freetv.fun/hang-zhou-ying-shi-2.ctv, From: subscribe, IPv_Type: ipv6, Location: 美国, ISP: CloudFlare Inc., Date: None, Delay: -1 ms, Speed: 0.00 M/s, Resolution: None
Name: 浙江教科, URL: http://ali-m-l.cztv.com/channels/lantian/channel004/1080p.m3u8, From: subscribe, IPv_Type: ipv4, Location: 中国-陕西, ISP: 移动, Date: None, Delay: 2157 ms, Speed: 0.83 M/s, Resolution: 1920x1080
Name: 之江纪录, URL: https://ali-m-l.cztv.com/channels/lantian/channel012/1080p.m3u8, From: subscribe, IPv_Type: ipv4, Location: 中国-上海-上海, ISP: 电信, Date: None, Delay: 2567 ms, Speed: 0.71 M/s, Resolution: 1920x1080
Name: 之江纪录, URL: http://ali-m-l.cztv.com/channels/lantian/channel012/1080p.m3u8, From: subscribe, IPv_Type: ipv4, Location: 中国-陕西, ISP: 移动, Date: None, Delay: 2400 ms, Speed: 0.70 M/s, Resolution: 1920x1080
Name: 浙江国际, URL: http://ali-vl.cztv.com/channels/lantian/channel010/360p.m3u8, From: subscribe, IPv_Type: ipv6, Location: 中国, ISP: 中国电信, Date: None, Delay: -1 ms, Speed: 0.00 M/s, Resolution: None
Name: 浙江国际, URL: https://stream1.freetv.fun/zhe-jiang-guo-ji-10.m3u8, From: None, IPv_Type: ipv6, Location: 美国, ISP: CloudFlare Inc., Date: None, Delay: -1 ms, Speed: 0.00 M/s, Resolution: None
Name: 浙江国际, URL: https://t.freetv.fun/live/zhe-jiang-guo-ji-1.m3u8, From: subscribe, IPv_Type: ipv6, Location: 美国, ISP: CloudFlare Inc., Date: None, Delay: -1 ms, Speed: 0.00 M/s, Resolution: None
Name: 嘉兴新闻综合, URL: http://live.zohi.tv/video/s10001-fztv-1/index.m3u8, From: subscribe, IPv_Type: ipv6, Location: 中国, ISP: 中国电信, Date: None, Delay: -1 ms, Speed: 0.00 M/s, Resolution: None
Name: 湖州公共, URL: https://stream1.freetv.fun/hu-zhou-gong-gong-3.m3u8, From: subscribe, IPv_Type: ipv6, Location: 美国, ISP: CloudFlare Inc., Date: None, Delay: -1 ms, Speed: 0.00 M/s, Resolution: None
Name: 湖州公共, URL: https://t.freetv.fun/live/hu-zhou-gong-gong-1.m3u8, From: subscribe, IPv_Type: ipv6, Location: 美国, ISP: CloudFlare Inc., Date: None, Delay: -1 ms, Speed: 0.00 M/s, Resolution: None
Name: 湖州新闻综合, URL: http://hzcm-live.media.hugd.com/3f5fa7d64c7c46a38c6bd8ad35e836cc/65128273761b4731ae53729ea6dcf932.m3u8?auth_key=2277598215-9d21c15111244bea8d298c361d31a72e-0-d031198f58d44b0e91ba2e3f3b188865, From: subscribe, IPv_Type: ipv4, Location: 中国-上海-上海, ISP: 电信, Date: None, Delay: 1119 ms, Speed: 0.27 M/s, Resolution: 1280x720
Name: 湖州新闻综合, URL: https://hzcm-live.media.hugd.com/3f5fa7d64c7c46a38c6bd8ad35e836cc/65128273761b4731ae53729ea6dcf932.m3u8?auth_key=2277598215-9d21c15111244bea8d298c361d31a72e-0-d031198f58d44b0e91ba2e3f3b188865, From: subscribe, IPv_Type: ipv4, Location: 中国-上海-上海, ISP: 电信, Date: None, Delay: 2314 ms, Speed: 0.18 M/s, Resolution: 1280x720
Name: 湖州文化娱乐, URL: http://hzcm-live.media.hugd.com/613c47f0ab0d4eaa98b21378d0db6ded/0051d31c9dd543a7825eea4e49675b2a.m3u8?auth_key=2277598059-0a5ebfa1c0dc4671b42a60810fc37039-0-fa625b7d1feab612062453c12e3c8887, From: subscribe, IPv_Type: ipv4, Location: 中国-上海-上海, ISP: 电信, Date: None, Delay: 1993 ms, Speed: 0.64 M/s, Resolution: 1280x720
Name: 湖州文化娱乐, URL: https://hzcm-live.media.hugd.com/613c47f0ab0d4eaa98b21378d0db6ded/0051d31c9dd543a7825eea4e49675b2a.m3u8?auth_key=2277598059-0a5ebfa1c0dc4671b42a60810fc37039-0-fa625b7d1feab612062453c12e3c8887, From: subscribe, IPv_Type: ipv4, Location: 中国-上海-上海, ISP: 电信, Date: None, Delay: 3295 ms, Speed: 0.52 M/s, Resolution: 1280x720
Name: 浙江留学, URL: http://ali-vl.cztv.com/channels/lantian/channel009/360p.m3u8, From: subscribe, IPv_Type: ipv6, Location: 中国, ISP: 中国电信, Date: None, Delay: -1 ms, Speed: 0.00 M/s, Resolution: None
Name: 浙江留学, URL: https://ali-m-l.cztv.com/channels/lantian/channel009/1080p.m3u8, From: subscribe, IPv_Type: ipv4, Location: 中国-陕西, ISP: 移动, Date: None, Delay: 1438 ms, Speed: 0.26 M/s, Resolution: 1920x1080
Name: 浙江民生休闲, URL: http://ali-vl.cztv.com/channels/lantian/channel006/360p.m3u8, From: subscribe, IPv_Type: ipv6, Location: 中国, ISP: 中国电信, Date: None, Delay: -1 ms, Speed: 0.00 M/s, Resolution: None
Name: 浙江民生休闲, URL: https://stream1.freetv.fun/zhe-jiang-min-sheng-xiu-xian-5.m3u8, From: subscribe, IPv_Type: ipv6, Location: 美国, ISP: CloudFlare Inc., Date: None, Delay: -1 ms, Speed: 0.00 M/s, Resolution: None
Name: 浙江民生休闲, URL: http://ali-xwl.cztv.com/live/channel06720Plxw.m3u8, From: subscribe, IPv_Type: ipv6, Location: 中国, ISP: 中国电信, Date: None, Delay: -1 ms, Speed: 0.00 M/s, Resolution: None
Name: 浙江数码时代, URL: https://ali-m-l.cztv.com/channels/lantian/channel012/1080p.m3u8\r\n, From: subscribe, IPv_Type: ipv4, Location: 中国-上海-上海, ISP: 电信, Date: None, Delay: 2243 ms, Speed: 0.77 M/s, Resolution: 1920x1080
Name: 浙江教科影视, URL: http://ali-vl.cztv.com/channels/lantian/channel004/360p.m3u8, From: subscribe, IPv_Type: ipv6, Location: 中国, ISP: 中国电信, Date: None, Delay: -1 ms, Speed: 0.00 M/s, Resolution: None
Name: 浙江公共新闻, URL: https://stream1.freetv.fun/zhe-jiang-gong-gong-xin-wen-1.m3u8, From: subscribe, IPv_Type: ipv6, Location: 美国, ISP: CloudFlare Inc., Date: None, Delay: -1 ms, Speed: 0.00 M/s, Resolution: None
Name: 浙江公共新闻, URL: https://t.freetv.fun/live/zhe-jiang-gong-gong-xin-wen-1.m3u8, From: subscribe, IPv_Type: ipv6, Location: 美国, ISP: CloudFlare Inc., Date: None, Delay: -1 ms, Speed: 0.00 M/s, Resolution: None
Name: 浙江休闲台, URL: http://ali-m-l.cztv.com/channels/lantian/channel006/720p.m3u8, From: subscribe, IPv_Type: ipv4, Location: 中国-上海-上海, ISP: 电信, Date: None, Delay: 2266 ms, Speed: 0.67 M/s, Resolution: 1280x720
Name: 浙江青田, URL: http://l.cztvcloud.com/channels/lantian/SXqingtian1/720p.m3u8, From: subscribe, IPv_Type: ipv4, Location: 中国-上海-上海, ISP: 电信, Date: None, Delay: 10675 ms, Speed: 0.18 M/s, Resolution: 1920x1080
Name: 浙江遂昌, URL: http://play-sh13.quklive.com/live/1708426592499070.m3u8?auth_key=2028414342-e92bda8423ad478c987a8b7ae82abe0e-0-c616f7fabb9675e1ed1d84d9edae7e07, From: subscribe, IPv_Type: ipv4, Location: 美国, ISP: 阿里云, Date: None, Delay: 3386 ms, Speed: 0.43 M/s, Resolution: 1920x1080
Name: 浙江遂昌, URL: http://l.cztvcloud.com/channels/lantian/SXsuichang1/720p.m3u8, From: subscribe, IPv_Type: ipv4, Location: 中国-江苏-南通, ISP: 电信, Date: None, Delay: 10452 ms, Speed: 0.04 M/s, Resolution: 1920x1080
Name: 诸暨新闻综合, URL: https://l.cztvcloud.com/channels/lantian/SXzhuji3/720p.m3u8, From: subscribe, IPv_Type: ipv4, Location: 中国-上海-上海, ISP: 电信, Date: None, Delay: 10331 ms, Speed: 0.29 M/s, Resolution: 1920x1080
Name: 诸暨新闻综合, URL: http://l.cztvcloud.com/channels/lantian/SXzhuji3/720p.m3u8?zzhed, From: subscribe, IPv_Type: ipv4, Location: 中国-上海-上海, ISP: 电信, Date: None, Delay: 10442 ms, Speed: 0.12 M/s, Resolution: 1920x1080
Name: 龙游生活娱乐, URL: http://l.cztvcloud.com/channels/lantian/SXlongyou2/720p.m3u8?zzhed, From: subscribe, IPv_Type: ipv4, Location: 中国-上海-上海, ISP: 电信, Date: None, Delay: 10457 ms, Speed: 0.09 M/s, Resolution: 1280x720
Name: 龙游生活娱乐, URL: https://l.cztvcloud.com/channels/lantian/SXlongyou2/720p.m3u8, From: subscribe, IPv_Type: ipv4, Location: 中国-上海-上海, ISP: 电信, Date: None, Delay: 2130 ms, Speed: 0.00 M/s, Resolution: 1280x720
Name: 龙游新闻综合, URL: https://l.cztvcloud.com/channels/lantian/SXlongyou1/720p.m3u8, From: subscribe, IPv_Type: ipv4, Location: 中国-上海-上海, ISP: 电信, Date: None, Delay: 10896 ms, Speed: 0.27 M/s, Resolution: 1280x720
Name: 龙游新闻综合, URL: http://l.cztvcloud.com/channels/lantian/SXlongyou1/720p.m3u8?zzhed, From: subscribe, IPv_Type: ipv4, Location: 中国-上海-上海, ISP: 电信, Date: None, Delay: 1987 ms, Speed: 0.00 M/s, Resolution: 1280x720
Name: 象山综合, URL: http://play-sh13.quklive.com/live/1702360350551252.m3u8?auth_key=2037107484-800189c57a5a44d3b823b60cf84f6756-0-a6f6828a62d5c167cff5e68735fa0d39, From: subscribe, IPv_Type: ipv4, Location: 美国-加利福尼亚州-圣克拉拉, ISP: AMD公司, Date: None, Delay: 728 ms, Speed: 1.95 M/s, Resolution: 1920x1080
Name: 衢江新闻综合, URL: https://stream1.freetv.fun/qu-jiang-xin-wen-zong-he-1.m3u8, From: subscribe, IPv_Type: ipv6, Location: 美国, ISP: CloudFlare Inc., Date: None, Delay: -1 ms, Speed: 0.00 M/s, Resolution: None
Name: 衢江新闻综合, URL: https://t.freetv.fun/live/qu-jiang-xin-wen-zong-he.m3u8, From: subscribe, IPv_Type: ipv6, Location: 美国, ISP: CloudFlare Inc., Date: None, Delay: -1 ms, Speed: 0.00 M/s, Resolution: None
Name: 萧山生活, URL: https://l.cztvcloud.com/channels/lantian/SXxiaoshan2/720p.m3u8, From: subscribe, IPv_Type: ipv4, Location: 中国-上海-上海, ISP: 电信, Date: None, Delay: 2800 ms, Speed: 0.00 M/s, Resolution: 1280x720
Name: 萧山生活, URL: http://l.cztvcloud.com/channels/lantian/SXxiaoshan2/720p.m3u8?zzhed, From: subscribe, IPv_Type: ipv4, Location: 中国-上海-上海, ISP: 电信, Date: None, Delay: 10804 ms, Speed: 0.00 M/s, Resolution: 1280x720
Name: 萧山新闻综合, URL: https://stream1.freetv.fun/xiao-shan-xin-wen-zong-he-6.m3u8, From: subscribe, IPv_Type: ipv6, Location: 美国, ISP: CloudFlare Inc., Date: None, Delay: -1 ms, Speed: 0.00 M/s, Resolution: None
Name: 萧山新闻综合, URL: https://t.freetv.fun/live/xiao-shan-xin-wen-zong-he-2.m3u8, From: subscribe, IPv_Type: ipv6, Location: 美国, ISP: CloudFlare Inc., Date: None, Delay: -1 ms, Speed: 0.00 M/s, Resolution: None
Name: 苍南新闻综合, URL: https://stream1.freetv.fun/cang-nan-xin-wen-zong-he-5.m3u8, From: subscribe, IPv_Type: ipv6, Location: 美国, ISP: CloudFlare Inc., Date: None, Delay: -1 ms, Speed: 0.00 M/s, Resolution: None
Name: 苍南新闻综合, URL: https://t.freetv.fun/live/cang-nan-xin-wen-zong-he-1.m3u8, From: subscribe, IPv_Type: ipv6, Location: 美国, ISP: CloudFlare Inc., Date: None, Delay: -1 ms, Speed: 0.00 M/s, Resolution: None
Name: 缙云综合, URL: http://l.cztvcloud.com/channels/lantian/SXjinyun1/720p.m3u8?zzhed, From: subscribe, IPv_Type: ipv6, Location: 中国, ISP: 中国电信, Date: None, Delay: -1 ms, Speed: 0.00 M/s, Resolution: None
Name: 缙云新闻综合, URL: http://l.cztvcloud.com/channels/lantian/SXjinyun1/720p.m3u8, From: subscribe, IPv_Type: ipv4, Location: 中国-上海-上海, ISP: 电信, Date: None, Delay: 3131 ms, Speed: 0.61 M/s, Resolution: 1280x720
Name: 绍兴电视台公共, URL: http://live.shaoxing.com.cn/video/s10001-sxtv2/index.m3u8?%E5%85%B3%E6%B3%A8%E5%BE%AE%E4%BF%A1%E5%85%AC%E4%BC%97%E5%8F%B7[%E6%99%B4%E5%9B%AD], From: subscribe, IPv_Type: ipv4, Location: 中国-浙江-绍兴, ISP: 电信, Date: None, Delay: 7693 ms, Speed: 0.10 M/s, Resolution: 1280x720
Name: 绍兴新闻综合, URL: https://stream1.freetv.fun/shao-xing-xin-wen-zong-he-4.m3u8, From: subscribe, IPv_Type: ipv6, Location: 美国, ISP: CloudFlare Inc., Date: None, Delay: -1 ms, Speed: 0.00 M/s, Resolution: None
Name: 绍兴新闻综合, URL: https://t.freetv.fun/live/shao-xing-xin-wen-zong-he-3-1.m3u8, From: subscribe, IPv_Type: ipv6, Location: 美国, ISP: CloudFlare Inc., Date: None, Delay: -1 ms, Speed: 0.00 M/s, Resolution: None
Name: 绍兴文化影院, URL: https://stream1.freetv.fun/shao-xing-wen-hua-ying-yuan-4.m3u8, From: subscribe, IPv_Type: ipv6, Location: 美国, ISP: CloudFlare Inc., Date: None, Delay: -1 ms, Speed: 0.00 M/s, Resolution: None
Name: 绍兴文化影院, URL: https://t.freetv.fun/live/shao-xing-wen-hua-ying-yuan-2.m3u8, From: subscribe, IPv_Type: ipv6, Location: 美国, ISP: CloudFlare Inc., Date: None, Delay: -1 ms, Speed: 0.00 M/s, Resolution: None
Name: 绍兴文化影视, URL: https://stream1.freetv.fun/shao-xing-wen-hua-ying-shi-1.m3u8, From: subscribe, IPv_Type: ipv6, Location: 美国, ISP: CloudFlare Inc., Date: None, Delay: -1 ms, Speed: 0.00 M/s, Resolution: None
Name: 绍兴文化影视, URL: https://t.freetv.fun/live/shao-xing-wen-hua-ying-shi-1.m3u8, From: subscribe, IPv_Type: ipv6, Location: 美国, ISP: CloudFlare Inc., Date: None, Delay: -1 ms, Speed: 0.00 M/s, Resolution: None
Name: 绍兴公共, URL: https://stream1.freetv.fun/shao-xing-gong-gong-2.m3u8, From: subscribe, IPv_Type: ipv6, Location: 美国, ISP: CloudFlare Inc., Date: None, Delay: -1 ms, Speed: 0.00 M/s, Resolution: None
Name: 绍兴公共, URL: https://t.freetv.fun/live/shao-xing-gong-gong-pin-dao-1.m3u8, From: subscribe, IPv_Type: ipv6, Location: 美国, ISP: CloudFlare Inc., Date: None, Delay: -1 ms, Speed: 0.00 M/s, Resolution: None
Name: 湖州公共民生, URL: http://hzcm-live.media.hugd.com/1e6b554b9ab74513958c0e1ffe664d22/9acaa7634309494cb29a85eb12136607.m3u8?auth_key=2272900830-9a2389b8bf4e49d580d4ad807423d326-0-ea78a5c7a678c436263582d368f5009e, From: subscribe, IPv_Type: ipv4, Location: 中国-上海-上海, ISP: 电信, Date: None, Delay: 1275 ms, Speed: 0.30 M/s, Resolution: 1280x720
Name: 海宁新闻综合, URL: https://p2hs.vzan.com/slowlive/317913155078575177/live.m3u8, From: subscribe, IPv_Type: ipv4, Location: 中国-广东-东莞, ISP: 鹏博士BGP, Date: None, Delay: 514 ms, Speed: 1.31 M/s, Resolution: 1280x720
Name: 海宁新闻综合, URL: http://p2hs.vzan.com/slowlive/317913155078575177/live.m3u8, From: subscribe, IPv_Type: ipv4, Location: 中国-广东-东莞, ISP: 鹏博士BGP, Date: None, Delay: 375 ms, Speed: 1.20 M/s, Resolution: 1280x720
Name: 洞头综合, URL: http://l.cztvcloud.com/channels/lantian/SXdongtou1/720p.m3u8?zzhed, From: subscribe, IPv_Type: ipv6, Location: 中国, ISP: 中国电信, Date: None, Delay: -1 ms, Speed: 0.00 M/s, Resolution: None
Name: 永嘉新闻综合, URL: https://stream1.freetv.fun/yong-jia-xin-wen-zong-he-1.m3u8, From: subscribe, IPv_Type: ipv6, Location: 美国, ISP: CloudFlare Inc., Date: None, Delay: -1 ms, Speed: 0.00 M/s, Resolution: None
Name: 永嘉新闻综合, URL: https://t.freetv.fun/live/yong-jia-xin-wen-zong-he-1.m3u8, From: subscribe, IPv_Type: ipv6, Location: 美国, ISP: CloudFlare Inc., Date: None, Delay: -1 ms, Speed: 0.00 M/s, Resolution: None
Name: 武义新闻综合, URL: https://stream1.freetv.fun/wu-yi-xin-wen-zong-he-3.m3u8, From: subscribe, IPv_Type: ipv6, Location: 美国, ISP: CloudFlare Inc., Date: None, Delay: -1 ms, Speed: 0.00 M/s, Resolution: None
Name: 松阳新闻综合, URL: http://l.cztvcloud.com/channels/lantian/SXsongyang1/720p.m3u8?fbl=, From: subscribe, IPv_Type: ipv4, Location: 中国-上海-上海, ISP: 电信, Date: None, Delay: 10531 ms, Speed: 0.94 M/s, Resolution: 1920x1080
Name: 普陀电视台, URL: http://l.cztvcloud.com/channels/lantian/SXputuo1/720p.m3u8?zzhed#http://l.cztvcloud.com/channels/lantian/SXputuo1/720p.m3u8, From: subscribe, IPv_Type: ipv4, Location: 中国-上海-上海, ISP: 电信, Date: None, Delay: 3169 ms, Speed: 0.60 M/s, Resolution: 1280x720
Name: 普陀电视台, URL: https://l.cztvcloud.com/channels/lantian/SXputuo1/720p.m3u8, From: subscribe, IPv_Type: ipv4, Location: 中国-上海-上海, ISP: 电信, Date: None, Delay: 10363 ms, Speed: 0.06 M/s, Resolution: 1280x720
Name: 普陀新闻综合, URL: http://l.cztvcloud.com/channels/lantian/SXputuo1/720p.m3u8?zzhed, From: subscribe, IPv_Type: ipv4, Location: 中国-上海-上海, ISP: 电信, Date: None, Delay: 10312 ms, Speed: 0.19 M/s, Resolution: 1280x720
Name: 新昌生活, URL: http://l.cztvcloud.com/channels/lantian/SXxinchang2/720p.m3u8, From: subscribe, IPv_Type: ipv4, Location: 中国-上海-上海, ISP: 电信, Date: None, Delay: 10751 ms, Speed: 0.03 M/s, Resolution: 1920x1080
Name: 新昌新闻综合, URL: https://stream1.freetv.fun/xin-chang-xin-wen-zong-he-4.m3u8, From: subscribe, IPv_Type: ipv6, Location: 美国, ISP: CloudFlare Inc., Date: None, Delay: -1 ms, Speed: 0.00 M/s, Resolution: None
Name: 新昌新闻综合, URL: https://t.freetv.fun/live/xin-chang-xin-wen-zong-he.m3u8, From: subscribe, IPv_Type: ipv6, Location: 美国, ISP: CloudFlare Inc., Date: None, Delay: -1 ms, Speed: 0.00 M/s, Resolution: None
Name: 文成综合, URL: http://l.cztvcloud.com/channels/lantian/SXwencheng1/720p.m3u8?zzhed, From: subscribe, IPv_Type: ipv6, Location: 中国, ISP: 中国电信, Date: None, Delay: -1 ms, Speed: 0.00 M/s, Resolution: None
Name: 文成新闻综合, URL: http://l.cztvcloud.com/channels/lantian/SXwencheng1/720p.m3u8, From: subscribe, IPv_Type: ipv4, Location: 中国-上海-上海, ISP: 电信, Date: None, Delay: 10784 ms, Speed: 0.06 M/s, Resolution: 1280x720
Name: 开化新闻综合, URL: https://stream1.freetv.fun/kai-hua-xin-wen-zong-he-1.m3u8, From: subscribe, IPv_Type: ipv6, Location: 美国, ISP: CloudFlare Inc., Date: None, Delay: -1 ms, Speed: 0.00 M/s, Resolution: None
Name: 开化国家公园, URL: http://l.cztvcloud.com/channels/lantian/SXkaihua2/720p.m3u8?zzhed#http://l.cztvcloud.com/channels/lantian/SXkaihua2/720p.m3u8zzhed#http://l.cztvcloud.com/channels/lantian/SXkaihua2/720p.m3u8, From: subscribe, IPv_Type: ipv6, Location: 中国, ISP: 中国电信, Date: None, Delay: -1 ms, Speed: 0.00 M/s, Resolution: None
Name: 庆元新闻综合, URL: http://l.cztvcloud.com/channels/lantian/SXqingyuan1/720p.m3u8?fbl=, From: subscribe, IPv_Type: ipv4, Location: 中国-上海-上海, ISP: 电信, Date: None, Delay: 10540 ms, Speed: 0.19 M/s, Resolution: 1920x1080
Name: 平湖民生休闲, URL: http://l.cztvcloud.com/channels/lantian/SXpinghu2/720p.m3u8?zzhed, From: subscribe, IPv_Type: ipv4, Location: 中国-上海-上海, ISP: 电信, Date: None, Delay: 10753 ms, Speed: 0.02 M/s, Resolution: 1280x720
Name: 平湖新闻综合, URL: https://stream1.freetv.fun/ping-hu-xin-wen-zong-he-5.m3u8, From: subscribe, IPv_Type: ipv6, Location: 美国, ISP: CloudFlare Inc., Date: None, Delay: -1 ms, Speed: 0.00 M/s, Resolution: None
Name: 平湖新闻综合, URL: https://t.freetv.fun/live/ping-hu-xin-wen-zong-he-1.m3u8, From: subscribe, IPv_Type: ipv6, Location: 美国, ISP: CloudFlare Inc., Date: None, Delay: -1 ms, Speed: 0.00 M/s, Resolution: None
Name: 嵊泗综合, URL: http://l.cztvcloud.com/channels/lantian/SXshengsi1/720p.m3u8, From: subscribe, IPv_Type: ipv6, Location: 中国, ISP: 中国电信, Date: None, Delay: -1 ms, Speed: 0.00 M/s, Resolution: None
Name: 嵊泗综合, URL: https://stream1.freetv.fun/sheng-zhou-xin-wen-zong-he-2.ctv, From: subscribe, IPv_Type: ipv6, Location: 美国, ISP: CloudFlare Inc., Date: None, Delay: -1 ms, Speed: 0.00 M/s, Resolution: None
Name: 嵊泗新闻综合, URL: http://l.cztvcloud.com/channels/lantian/SXshengsi1/720p.m3u8, From: subscribe, IPv_Type: ipv4, Location: 中国-上海-上海, ISP: 电信, Date: None, Delay: 10350 ms, Speed: 0.25 M/s, Resolution: 720x576
Name: 嵊州新闻综合, URL: https://stream1.freetv.fun/sheng-zhou-xin-wen-zong-he-1.m3u8, From: subscribe, IPv_Type: ipv6, Location: 美国, ISP: CloudFlare Inc., Date: None, Delay: -1 ms, Speed: 0.00 M/s, Resolution: None
Name: 兰溪新闻综合, URL: https://stream1.freetv.fun/lan-xi-xin-wen-zong-he-1.m3u8, From: subscribe, IPv_Type: ipv6, Location: 美国, ISP: CloudFlare Inc., Date: None, Delay: -1 ms, Speed: 0.00 M/s, Resolution: None
Name: 兰溪新闻综合, URL: https://t.freetv.fun/live/lan-xi-xin-wen-zong-he-1.m3u8, From: subscribe, IPv_Type: ipv6, Location: 美国, ISP: CloudFlare Inc., Date: None, Delay: -1 ms, Speed: 0.00 M/s, Resolution: None
Name: 余杭综合, URL: http://l.cztvcloud.com/channels/lantian/SXyuhang1/720p.m3u8?zzhed, From: subscribe, IPv_Type: ipv6, Location: 中国, ISP: 中国电信, Date: None, Delay: -1 ms, Speed: 0.00 M/s, Resolution: None
Name: 余杭未来E, URL: http://l.cztvcloud.com/channels/lantian/SXyuhang3/720p.m3u8?zzhed, From: subscribe, IPv_Type: ipv4, Location: 中国-江苏-南通, ISP: 电信, Date: None, Delay: 10432 ms, Speed: 0.00 M/s, Resolution: 1920x1080
Name: 余姚姚江文化, URL: https://l.cztvcloud.com/channels/lantian/SXyuyao3/720p.m3u8, From: subscribe, IPv_Type: ipv4, Location: 中国-上海-上海, ISP: 电信, Date: None, Delay: 10125 ms, Speed: 0.05 M/s, Resolution: 720x576
Name: 余姚姚江文化, URL: http://l.cztvcloud.com/channels/lantian/SXyuyao3/720p.m3u8?zzhed, From: subscribe, IPv_Type: ipv4, Location: 中国-上海-上海, ISP: 电信, Date: None, Delay: 10242 ms, Speed: 0.00 M/s, Resolution: 720x576
Name: 云和新闻综合, URL: http://l.cztvcloud.com/channels/lantian/SXyunhe1/720p.m3u8?zzhed, From: subscribe, IPv_Type: ipv4, Location: 中国-上海-上海, ISP: 电信, Date: None, Delay: 6318 ms, Speed: 0.58 M/s, Resolution: 1280x720
Name: 东阳影视生活, URL: http://l.cztvcloud.com/channels/lantian/SXdongyang1/720p.m3u8, From: subscribe, IPv_Type: ipv4, Location: 中国-上海-上海, ISP: 电信, Date: None, Delay: 10413 ms, Speed: 0.31 M/s, Resolution: 1280x720
Name: 上虞新商都, URL: https://stream1.freetv.fun/shang-yu-xin-shang-du-2.m3u8, From: subscribe, IPv_Type: ipv6, Location: 美国, ISP: CloudFlare Inc., Date: None, Delay: -1 ms, Speed: 0.00 M/s, Resolution: None
Name: 上虞新商都, URL: https://t.freetv.fun/live/shang-yu-xin-shang-du-1.m3u8, From: subscribe, IPv_Type: ipv6, Location: 美国, ISP: CloudFlare Inc., Date: None, Delay: -1 ms, Speed: 0.00 M/s, Resolution: None
Name: 上虞文化影院, URL: https://stream1.freetv.fun/shang-yu-wen-hua-ying-yuan-1.m3u8, From: subscribe, IPv_Type: ipv6, Location: 美国, ISP: CloudFlare Inc., Date: None, Delay: -1 ms, Speed: 0.00 M/s, Resolution: None
Name: 上虞文化影院, URL: https://t.freetv.fun/live/shang-yu-wen-hua-ying-yuan.m3u8, From: subscribe, IPv_Type: ipv6, Location: 美国, ISP: CloudFlare Inc., Date: None, Delay: -1 ms, Speed: 0.00 M/s, Resolution: None
Name: 上虞文化影院, URL: http://l.cztvcloud.com/channels/lantian/SXshangyu2/720p.m3u8, From: subscribe, IPv_Type: ipv4, Location: 中国-江苏-南通, ISP: 电信, Date: None, Delay: 10156 ms, Speed: 0.32 M/s, Resolution: 1920x1080
Name: 北京卡酷少儿, URL: http://n1.gzbody.com:85/rtp/239.77.0.79:5146, From: subscribe, IPv_Type: ipv6, Location: 中国, ISP: 中国电信, Date: None, Delay: -1 ms, Speed: 0.00 M/s, Resolution: None
Name: 北京卡酷少儿, URL: http://[2409:8087:1a15:10d1::33]/ottrrs.hl.chinamobile.com/PLTV/88888888/224/3221225654/index.m3u8, From: subscribe, IPv_Type: ipv6, Location: 中国, ISP: 中国移动, Date: None, Delay: -1 ms, Speed: 0.00 M/s, Resolution: None
Name: 北京卡酷少儿, URL: http://[2409:8087:5e08:25::16]:6610/200000001898/460000089800010081/1.m3u8, From: subscribe, IPv_Type: ipv6, Location: 中国, ISP: 中国移动, Date: None, Delay: -1 ms, Speed: 0.00 M/s, Resolution: None
Name: 北京卡酷少儿, URL: https://migu.188766.xyz/?migutoken=1023983db6b5249e61d4950c1654cd84&id=%E5%8C%97%E4%BA%AC%E5%8D%A1%E9%85%B7%E5%B0%91%E5%84%BF&type=yy, From: subscribe, IPv_Type: ipv6, Location: 美国, ISP: CloudFlare Inc., Date: None, Delay: -1 ms, Speed: 0.00 M/s, Resolution: None
Name: 北京卡酷少儿, URL: http://b.xiongnas.top:8888/rtp/239.3.1.189:8000, From: subscribe, IPv_Type: ipv6, Location: 中国, ISP: 中国联通, Date: None, Delay: -1 ms, Speed: 0.00 M/s, Resolution: None
Name: 北京卡酷少儿, URL: https://cc06.tv12.xyz/29.m3u8, From: subscribe, IPv_Type: ipv6, Location: 美国, ISP: CloudFlare Inc., Date: None, Delay: -1 ms, Speed: 0.00 M/s, Resolution: None
Name: 北京卡酷少儿, URL: http://k.061899.xyz/k.php?id=bjkk, From: subscribe, IPv_Type: ipv6, Location: 新加坡, ISP: Aceville Pte.Ltd., Date: None, Delay: -1 ms, Speed: 0.00 M/s, Resolution: None
Name: 北京新闻, URL: https://migu.188766.xyz/?migutoken=94c21e1be99b2bdaef3c31a04da6ebf6&id=%E5%8C%97%E4%BA%AC%E6%96%B0%E9%97%BB&type=yy, From: subscribe, IPv_Type: ipv6, Location: 美国, ISP: CloudFlare Inc., Date: None, Delay: -1 ms, Speed: 0.00 M/s, Resolution: None
Name: 北京新闻, URL: http://dsj.motem.top:8880/bptv/10000100000000050000000003870780.m3u8, From: subscribe, IPv_Type: ipv6, Location: 美国, ISP: CloudFlare Inc., Date: None, Delay: -1 ms, Speed: 0.00 M/s, Resolution: None
Name: 北京新闻, URL: https://ls.qingting.fm/live/339/64k.m3u8, From: subscribe, IPv_Type: ipv6, Location: 美国, ISP: , Date: None, Delay: -1 ms, Speed: 0.00 M/s, Resolution: None
Name: 北京新闻, URL: http://iptv.huuc.edu.cn/hls/btv9hd.m3u8, From: subscribe, IPv_Type: ipv6, Location: 中国, ISP: 教育网, Date: None, Delay: -1 ms, Speed: 0.00 M/s, Resolution: None
Name: 北京新闻, URL: https://brtv-radiolive.rbc.cn/alive/fm945.m3u8, From: subscribe, IPv_Type: ipv6, Location: 美国, ISP: 阿里云, Date: None, Delay: -1 ms, Speed: 0.00 M/s, Resolution: None
Name: 北京新闻, URL: http://b.xiongnas.top:8888/rtp/239.3.1.159:8000, From: subscribe, IPv_Type: ipv6, Location: 中国, ISP: 中国联通, Date: None, Delay: -1 ms, Speed: 0.00 M/s, Resolution: None
Name: 北京新闻, URL: https://satellitepull.cnr.cn/live/wxbjxwgb/playlist.m3u8, From: subscribe, IPv_Type: ipv4, Location: 美国-伊利诺伊州-库克, ISP: 网宿CDN节点, Date: None, Delay: 9 ms, Speed: 13.29 M/s, Resolution: None
Name: 北京生活, URL: https://migu.188766.xyz/?migutoken=f19960a54e1d6247589c6fa8453da1fe&id=%E5%8C%97%E4%BA%ACi%E7%94%9F%E6%B4%BB&type=yy, From: subscribe, IPv_Type: ipv6, Location: 美国, ISP: CloudFlare Inc., Date: None, Delay: -1 ms, Speed: 0.00 M/s, Resolution: None
Name: 北京生活, URL: http://b.xiongnas.top:8888/rtp/239.3.1.117:8000, From: subscribe, IPv_Type: ipv6, Location: 中国, ISP: 中国联通, Date: None, Delay: -1 ms, Speed: 0.00 M/s, Resolution: None
Name: 北京生活, URL: https://wstvcpudali.v.myalicdn.com/wstvcpud/udrmbtv7_1/index.m3u8?adapt=0&BR=audio, From: subscribe, IPv_Type: ipv4, Location: 中国-上海-上海, ISP: 电信, Date: None, Delay: 1250 ms, Speed: 0.08 M/s, Resolution: None
Name: 北京科教, URL: http://player.cntv.cn/standard/live_HLSDRM20180606.swf?ChannelID=btv3&P2PChannelID=pd://cctv_p2p_hdbtv3, From: subscribe, IPv_Type: ipv4, Location: 美国-华盛顿州-金, ISP: 网宿CDN西雅图节点, Date: None, Delay: 3 ms, Speed: 98.97 M/s, Resolution: 19x24
Name: 北京财经, URL: https://migu.188766.xyz/?migutoken=0581f5e0eb5a51d99234b4cdc3448c07&id=%E5%8C%97%E4%BA%AC%E8%B4%A2%E7%BB%8F&type=yy, From: subscribe, IPv_Type: ipv6, Location: 美国, ISP: CloudFlare Inc., Date: None, Delay: -1 ms, Speed: 0.00 M/s, Resolution: None
Name: 北京财经, URL: http://b.xiongnas.top:8888/rtp/239.3.1.116:8000, From: subscribe, IPv_Type: ipv6, Location: 中国, ISP: 中国联通, Date: None, Delay: -1 ms, Speed: 0.00 M/s, Resolution: None
Name: 北京青年, URL: http://player.cntv.cn/standard/live_HLSDRM20180919.swf?v=180.171.5.8.9.6.3.9&ChannelID=btv8&videoTVChannel=btv8&P2PChannelID=pd://cctv_p2p_hdbtv8&tai=btv8&VideoName=btv8&channelID=btv8, From: subscribe, IPv_Type: ipv4, Location: 美国-华盛顿州-金, ISP: 网宿CDN西雅图节点, Date: None, Delay: 4 ms, Speed: 71.35 M/s, Resolution: 19x24
Name: 七彩戏剧, URL: http://[2409:8087:5e00:24::29]:6610/000000001000/2000000002000000010/index.m3u8?stbId=3&livemode=1&HlsProfileId=&channel-id=hnbblive&Contentid=2000000002000000010&IASHttpSessionId=OTT19019320240419154124000281, From: subscribe, IPv_Type: ipv6, Location: 中国, ISP: 中国移动, Date: None, Delay: -1 ms, Speed: 0.00 M/s, Resolution: None
Name: 上海外语, URL: http://[2409:8087:5e00:24::29]:6610/000000001000/2000000002000000001/index.m3u8?stbId=3&livemode=1&HlsProfileId=&channel-id=hnbblive&Contentid=2000000002000000001&IASHttpSessionId=OTT19019320240419154124000281, From: subscribe, IPv_Type: ipv6, Location: 中国, ISP: 中国移动, Date: None, Delay: -1 ms, Speed: 0.00 M/s, Resolution: None
Name: 上海新闻综合, URL: http://gslbmgsplive.miguvideo.com/wd_r4/dfl/xinwenzonghehd/600/index.m3u8?msisdn=20250907150032d93a84b9205c440ea6539df3ccbc53b1&mdspid=&spid=699212&netType=0&sid=5500002275&pid=2028597139&timestamp=20250907150032&Channel_ID=0116_2600037000-99000-200300220100002&ProgramID=651632657&ParentNodeID=-99&assertID=5500002275&client_ip=106.13.250.89&SecurityKey=20250907150032&promotionId=&mvid=5100001716&mcid=500020&playurlVersion=WX-A1-8.8.1-RELEASE&userid=&jmhm=&videocodec=h264&bean=mgspad&tid=android&conFee=0&puData=925fcafc6adbd330e0df6a428ddf5446&ddCalcu=6942v45a5fwfcadadf8c264aad6bfdd303e0&sv=10004&ct=android, From: subscribe, IPv_Type: ipv6, Location: 中国, ISP: 中国移动, Date: None, Delay: -1 ms, Speed: 0.00 M/s, Resolution: None
Name: 上海新闻综合, URL: http://[2409:8087:5e00:24::29]:6610/000000001000/2000000002000000005/index.m3u8?stbId=3&livemode=1&HlsProfileId=&channel-id=hnbblive&Contentid=2000000002000000005&IASHttpSessionId=OTT19019320240419154124000281, From: subscribe, IPv_Type: ipv6, Location: 中国, ISP: 中国移动, Date: None, Delay: -1 ms, Speed: 0.00 M/s, Resolution: None
Name: 上海新闻综合, URL: https://mgtv.ottiptv.cc/mg/651632657.m3u8?sign=00e9bc3c3e1380355f04be5c054088f1&tm=1757436314&token=43786eba6d0941d330d850d667949cee304257dfdc56e901f19d374a066da0f75d6c96ffd051a880f29ae22339e2338a49203d2fd9349ec50d103b4e952d3c4d16c6364be9081051cca12a2c54, From: subscribe, IPv_Type: ipv6, Location: 美国, ISP: Oracle Corporation, Date: None, Delay: -1 ms, Speed: 0.00 M/s, Resolution: None
Name: 上海新闻综合, URL: https://migu.188766.xyz/?migutoken=cfa9a5f8720d8aa4ac610b64d13d99b9&id=xwzh&type=sz, From: subscribe, IPv_Type: ipv6, Location: 美国, ISP: CloudFlare Inc., Date: None, Delay: -1 ms, Speed: 0.00 M/s, Resolution: None
Name: 上海新闻综合, URL: https://mursor.ottiptv.cc/migu/651632657.m3u8?migutoken=2c1df649aa4a05375c169ba80b0e1237948ea4ca1f76374295c3a13814b384753f3baf0671b15276cc4e08d3b8cc736174d9e248cc91974b4a90971bb67c1980a21d82ed456a9630f45e87f4b0, From: subscribe, IPv_Type: ipv6, Location: 美国-新泽西州-巴赛克, ISP: DigitalOcean, Date: None, Delay: -1 ms, Speed: 0.00 M/s, Resolution: None
Name: 上海新闻综合, URL: https://stream1.freetv.fun/shang-hai-xin-wen-zong-he-3.m3u8, From: subscribe, IPv_Type: ipv6, Location: 美国, ISP: CloudFlare Inc., Date: None, Delay: -1 ms, Speed: 0.00 M/s, Resolution: None
Name: 上海新闻综合, URL: https://iptv.catvod.com/live.php?id=%E4%B8%8A%E6%B5%B7%E6%96%B0%E9%97%BB%E7%BB%BC%E5%90%88, From: subscribe, IPv_Type: ipv6, Location: 美国, ISP: CloudFlare Inc., Date: None, Delay: -1 ms, Speed: 0.00 M/s, Resolution: None
Name: 上海新闻综合, URL: https://live.chinacert.cftest5.cn/mg/?id=651632657, From: subscribe, IPv_Type: ipv6, Location: 中国, ISP: 中国电信, Date: None, Delay: -1 ms, Speed: 0.00 M/s, Resolution: None
Name: 上海新闻综合, URL: http://bp-livetytv.bestv.cn/ch/bestvxwzh.m3u8, From: subscribe, IPv_Type: ipv6, Location: 中国, ISP: 中国电信, Date: None, Delay: -1 ms, Speed: 0.00 M/s, Resolution: None
Name: 上海新闻综合, URL: http://k.061899.xyz/k.php?id=shxw, From: subscribe, IPv_Type: ipv6, Location: 新加坡, ISP: Aceville Pte.Ltd., Date: None, Delay: -1 ms, Speed: 0.00 M/s, Resolution: None
Name: 上海新闻综合, URL: https://t.freetv.fun/live/shang-hai-xin-wen-zong-he-1.m3u8, From: subscribe, IPv_Type: ipv6, Location: 美国, ISP: CloudFlare Inc., Date: None, Delay: -1 ms, Speed: 0.00 M/s, Resolution: None
Name: 上海第一财经, URL: http://gslbmgsplive.miguvideo.com/wd_r1/2018/bestv/dycj/1000/index.m3u8?msisdn=20250907150032f12ef3f68b294ed2bb51440625700a74&mdspid=&spid=699212&netType=0&sid=2201008312&pid=2028597139&timestamp=20250907150032&Channel_ID=0116_2600037000-99000-200300220100002&ProgramID=608780988&ParentNodeID=-99&assertID=2201008312&client_ip=106.13.250.89&SecurityKey=20250907150032&promotionId=&mvid=2201008312&mcid=500020&playurlVersion=WX-A1-8.8.1-RELEASE&userid=&jmhm=&videocodec=h264&bean=mgspad&tid=android&conFee=0&puData=56c9bc6443ee94f9ee173ffce0543d5c&ddCalcu=c556vdca39l4ba5c06e4c4f3fe3e7914efe9&sv=10004&ct=android, From: subscribe, IPv_Type: ipv6, Location: 中国, ISP: 中国移动, Date: None, Delay: -1 ms, Speed: 0.00 M/s, Resolution: None
Name: 上海第一财经, URL: https://mgtv.ottiptv.cc/mg/608780988.m3u8?sign=52bcb293840525afc20f183fd4fec6f8&tm=1757436314&token=263012168c20e0fac33cc4380cfa5b8992ddd3f7e35b501980c01f58761b83a99b5992d8bbf89304fe832666b6284f43866179b28fbf43cefb52eb75e99cecf462cf4687e182ca2658389024ef, From: subscribe, IPv_Type: ipv6, Location: 美国, ISP: Oracle Corporation, Date: None, Delay: -1 ms, Speed: 0.00 M/s, Resolution: None
Name: 上海第一财经, URL: https://migu.188766.xyz/?migutoken=e083b058c05598493f5eaaa3b831a060&id=%E4%B8%8A%E6%B5%B7%E7%AC%AC%E4%B8%80%E8%B4%A2%E7%BB%8F&type=yy, From: subscribe, IPv_Type: ipv6, Location: 美国, ISP: CloudFlare Inc., Date: None, Delay: -1 ms, Speed: 0.00 M/s, Resolution: None
Name: 上海第一财经, URL: https://mursor.ottiptv.cc/migu/608780988.m3u8?migutoken=7c61765857deba36348b33b70960be142ad01112a576887cba46c30e7069797b60d888f8f8dde583e0fd4fc58620a1fe2e530a64d73661591405b25881e40fcc2c1fe608d3cc0e259c8c00d297, From: subscribe, IPv_Type: ipv6, Location: 美国-新泽西州-巴赛克, ISP: DigitalOcean, Date: None, Delay: -1 ms, Speed: 0.00 M/s, Resolution: None
Name: 上海第一财经, URL: http://ls.qingting.fm/live/276.m3u8, From: subscribe, IPv_Type: ipv6, Location: 美国, ISP: , Date: None, Delay: -1 ms, Speed: 0.00 M/s, Resolution: None
Name: 上海第一财经, URL: http://bp-livetytv.bestv.cn/ch/bestvdycj.m3u8, From: subscribe, IPv_Type: ipv6, Location: 中国, ISP: 中国电信, Date: None, Delay: -1 ms, Speed: 0.00 M/s, Resolution: None
Name: 上海第一财经, URL: http://k.061899.xyz/k.php?id=dycj, From: subscribe, IPv_Type: ipv6, Location: 新加坡, ISP: Aceville Pte.Ltd., Date: None, Delay: -1 ms, Speed: 0.00 M/s, Resolution: None
Name: 上海纪实, URL: https://stream1.freetv.fun/ipv6-shang-hai-ji-shi-ren-wen-5.m3u8, From: subscribe, IPv_Type: ipv6, Location: 美国, ISP: CloudFlare Inc., Date: None, Delay: -1 ms, Speed: 0.00 M/s, Resolution: None
Name: 上海纪实, URL: http://iptv.huuc.edu.cn/hls/docuchina.m3u8, From: subscribe, IPv_Type: ipv6, Location: 中国, ISP: 教育网, Date: None, Delay: -1 ms, Speed: 0.00 M/s, Resolution: None
Name: 上海都市, URL: http://[2409:8087:5e00:24::29]:6610/000000001000/2000000002000000012/index.m3u8?stbId=3&livemode=1&HlsProfileId=&channel-id=hnbblive&Contentid=2000000002000000012&IASHttpSessionId=OTT19019320240419154124000281, From: subscribe, IPv_Type: ipv6, Location: 中国, ISP: 中国移动, Date: None, Delay: -1 ms, Speed: 0.00 M/s, Resolution: None
Name: 上海都市, URL: https://migu.188766.xyz/?migutoken=8204d42f4f6833139dac50167824aa90&id=ds&type=sz, From: subscribe, IPv_Type: ipv6, Location: 美国, ISP: CloudFlare Inc., Date: None, Delay: -1 ms, Speed: 0.00 M/s, Resolution: None
Name: 上海都市, URL: https://stream1.freetv.fun/ipv6-shang-hai-du-shi-10.m3u8, From: subscribe, IPv_Type: ipv6, Location: 美国, ISP: CloudFlare Inc., Date: None, Delay: -1 ms, Speed: 0.00 M/s, Resolution: None
Name: 上海都市, URL: http://[2409:8087:1e01:20::3]/PLTV/11/224/3221225749/1.m3u8, From: subscribe, IPv_Type: ipv6, Location: 中国, ISP: 中国移动, Date: None, Delay: -1 ms, Speed: 0.00 M/s, Resolution: None
Name: 上海都市, URL: http://bp-livetytv.bestv.cn/ch/bestvdspd.m3u8, From: subscribe, IPv_Type: ipv6, Location: 中国, ISP: 中国电信, Date: None, Delay: -1 ms, Speed: 0.00 M/s, Resolution: None
Name: 上海都市, URL: https://t.freetv.fun/live/shang-hai-du-shi-3.m3u8, From: subscribe, IPv_Type: ipv6, Location: 美国, ISP: CloudFlare Inc., Date: None, Delay: -1 ms, Speed: 0.00 M/s, Resolution: None
Name: 东方影视, URL: http://[2409:8087:5e00:24::29]:6610/000000001000/2000000002000000013/index.m3u8?stbId=3&livemode=1&HlsProfileId=&channel-id=hnbblive&Contentid=2000000002000000013&IASHttpSessionId=OTT19019320240419154124000281, From: subscribe, IPv_Type: ipv6, Location: 中国, ISP: 中国移动, Date: None, Delay: -1 ms, Speed: 0.00 M/s, Resolution: None
Name: 东方影视, URL: https://migu.188766.xyz/?migutoken=cc0dc1ad738c483008bdb37210d24016&id=%E4%B8%8A%E8%A7%86%E4%B8%9C%E6%96%B9%E5%BD%B1%E8%A7%86&type=yy, From: subscribe, IPv_Type: ipv6, Location: 美国, ISP: CloudFlare Inc., Date: None, Delay: -1 ms, Speed: 0.00 M/s, Resolution: None
Name: 东方影视, URL: https://stream1.freetv.fun/ipv6-dong-fang-ying-shi-7.m3u8, From: subscribe, IPv_Type: ipv6, Location: 美国, ISP: CloudFlare Inc., Date: None, Delay: -1 ms, Speed: 0.00 M/s, Resolution: None
Name: 东方影视, URL: https://www.freetv.top/migu/617290047.m3u8?migutoken=86c02ad0875d5cc49d77bcc8bdb628f2c9d508ffc323b964a03c8f92dde4afafa0345cf5a8fefbdf915c748e3d11c6c18e27ae1e21a609cec31a45e6c437db26a7a243625f9cf35c271171a22c, From: subscribe, IPv_Type: ipv6, Location: 美国, ISP: Oracle Corporation, Date: None, Delay: -1 ms, Speed: 0.00 M/s, Resolution: None
Name: 东方影视, URL: http://[2409:8087:1e01:20::3]/PLTV/11/224/3221225744/1.m3u8, From: subscribe, IPv_Type: ipv6, Location: 中国, ISP: 中国移动, Date: None, Delay: -1 ms, Speed: 0.00 M/s, Resolution: None
Name: 东方影视, URL: https://t.freetv.fun/live/dong-fang-ying-shi-3.m3u8, From: subscribe, IPv_Type: ipv6, Location: 美国, ISP: CloudFlare Inc., Date: None, Delay: -1 ms, Speed: 0.00 M/s, Resolution: None
Name: 东方财经, URL: http://[2409:8087:5e00:24::29]:6610/000000001000/2000000002000000090/index.m3u8?stbId=3&livemode=1&HlsProfileId=&channel-id=hnbblive&Contentid=2000000002000000090&IASHttpSessionId=OTT19019320240419154124000281, From: subscribe, IPv_Type: ipv6, Location: 中国, ISP: 中国移动, Date: None, Delay: -1 ms, Speed: 0.00 M/s, Resolution: None
Name: 东方财经, URL: http://[2409:8087:1e01:20::3]/PLTV/11/224/3221226134/1.m3u8, From: subscribe, IPv_Type: ipv6, Location: 中国, ISP: 中国移动, Date: None, Delay: -1 ms, Speed: 0.00 M/s, Resolution: None
Name: 全纪实, URL: http://139.196.151.191/rtp/239.45.3.135:5140, From: subscribe, IPv_Type: ipv4, Location: 中国-上海-上海, ISP: 阿里云BGP数据中心, Date: None, Delay: 2446 ms, Speed: 0.07 M/s, Resolution: None
Name: 全纪实, URL: http://183.220.107.138:4022/rtp/239.10.0.105:5140, From: subscribe, IPv_Type: ipv4, Location: 中国-四川-成都, ISP: 移动, Date: None, Delay: 509 ms, Speed: 0.00 M/s, Resolution: None
Name: 动漫秀场, URL: http://php.jdshipin.com/itv6.php?cid=bestzb&id=5000000011000031113, From: subscribe, IPv_Type: ipv6, Location: 美国, ISP: CloudFlare Inc., Date: None, Delay: -1 ms, Speed: 0.00 M/s, Resolution: None
Name: 动漫秀场, URL: https://stream1.freetv.fun/ipv6-dong-man-xiu-chang-11.m3u8, From: subscribe, IPv_Type: ipv6, Location: 美国, ISP: CloudFlare Inc., Date: None, Delay: -1 ms, Speed: 0.00 M/s, Resolution: None
Name: 动漫秀场, URL: https://live.v1.mk/api/bestv.php?id=dmxc8m/8000000, From: subscribe, IPv_Type: ipv6, Location: 美国, ISP: CloudFlare Inc., Date: None, Delay: -1 ms, Speed: 0.00 M/s, Resolution: None
Name: 动漫秀场, URL: http://iptv.cdn.ha.chinamobile.com/PLTV/88888888/224/3221226608/index.m3u8, From: subscribe, IPv_Type: ipv6, Location: 中国, ISP: 中国移动, Date: None, Delay: -1 ms, Speed: 0.00 M/s, Resolution: None
Name: 动漫秀场, URL: https://hls-gateway.vpstv.net/streams/708843.m3u8, From: subscribe, IPv_Type: ipv6, Location: 美国, ISP: CloudFlare Inc., Date: None, Delay: -1 ms, Speed: 0.00 M/s, Resolution: None
Name: 动漫秀场, URL: http://[2409:8087:1e01:23::10]:8112/000000001000/5000000002000023636/1.m3u8?channel-id=bestzb&Contentid=5000000002000023636&livemode=1&stbId=m, From: subscribe, IPv_Type: ipv6, Location: 中国, ISP: 中国移动, Date: None, Delay: -1 ms, Speed: 0.00 M/s, Resolution: None
Name: 哈哈炫动, URL: http://n1.gzbody.com:85/rtp/239.77.1.139:5146, From: subscribe, IPv_Type: ipv6, Location: 中国, ISP: 中国电信, Date: None, Delay: -1 ms, Speed: 0.00 M/s, Resolution: None
Name: 哈哈炫动, URL: http://[2409:8087:1a15:10d1::39]/ottrrs.hl.chinamobile.com/PLTV/88888888/224/3221225657/index.m3u8, From: subscribe, IPv_Type: ipv6, Location: 中国, ISP: 中国移动, Date: None, Delay: -1 ms, Speed: 0.00 M/s, Resolution: None
Name: 哈哈炫动, URL: http://php.jdshipin.com/TVOD/hnyd.php?id=200000001898/460000089800010117, From: subscribe, IPv_Type: ipv6, Location: 美国, ISP: CloudFlare Inc., Date: None, Delay: -1 ms, Speed: 0.00 M/s, Resolution: None
Name: 哈哈炫动, URL: http://[2409:8087:8:21::18]:6610/otttv.bj.chinamobile.com/PLTV/88888888/224/3221226931/1.m3u8, From: subscribe, IPv_Type: ipv6, Location: 中国, ISP: 中国移动, Date: None, Delay: -1 ms, Speed: 0.00 M/s, Resolution: None
Name: 哈哈炫动, URL: https://stream1.freetv.fun/ipv6-ha-ha-xuan-dong-10.m3u8, From: subscribe, IPv_Type: ipv6, Location: 美国, ISP: CloudFlare Inc., Date: None, Delay: -1 ms, Speed: 0.00 M/s, Resolution: None
Name: 哈哈炫动, URL: http://[2409:8087:5e08:25::16]:6610/200000001898/460000089800010117/1.m3u8, From: subscribe, IPv_Type: ipv6, Location: 中国, ISP: 中国移动, Date: None, Delay: -1 ms, Speed: 0.00 M/s, Resolution: None
Name: 哈哈炫动, URL: https://migu.188766.xyz/?migutoken=b43933d6b1c41ad0333c84f94a2ed9db&id=hhxd&type=sz, From: subscribe, IPv_Type: ipv6, Location: 美国, ISP: CloudFlare Inc., Date: None, Delay: -1 ms, Speed: 0.00 M/s, Resolution: None
Name: 哈哈炫动, URL: https://t.freetv.fun/live/ha-ha-xuan-dong-2.m3u8, From: subscribe, IPv_Type: ipv6, Location: 美国, ISP: CloudFlare Inc., Date: None, Delay: -1 ms, Speed: 0.00 M/s, Resolution: None
Name: 新闻综合, URL: https://stream1.freetv.fun/shang-hai-xin-wen-zong-he-3.m3u8, From: subscribe, IPv_Type: ipv6, Location: 美国, ISP: CloudFlare Inc., Date: None, Delay: -1 ms, Speed: 0.00 M/s, Resolution: None
Name: 新闻综合, URL: https://www.freetv.top/migu/651632657.m3u8?migutoken=b4a3e55048f55ec1c8fc5b509fbdf32f2dc5d255f5f218e79e84ca9a87fb9f2239927cb11b448f18285b50b81b4cd50a1354e9be5a3283375e85372798c3f3eb3ad60adf45eb5615f68eb4825f, From: subscribe, IPv_Type: ipv6, Location: 美国, ISP: Oracle Corporation, Date: None, Delay: -1 ms, Speed: 0.00 M/s, Resolution: None
Name: 新闻综合, URL: http://[2409:8087:1e01:20::3]/PLTV/11/224/3221226136/1.m3u8, From: subscribe, IPv_Type: ipv6, Location: 中国, ISP: 中国移动, Date: None, Delay: -1 ms, Speed: 0.00 M/s, Resolution: None
Name: 新闻综合, URL: http://tvpull.dxhmt.cn:9081/tv/10326-1.m3u8, From: subscribe, IPv_Type: ipv6, Location: 加拿大, ISP: , Date: None, Delay: -1 ms, Speed: 0.00 M/s, Resolution: None
Name: 欢笑剧场, URL: http://z.b.bkpcp.top/m.php?id=hxjc, From: subscribe, IPv_Type: ipv6, Location: 美国, ISP: CloudFlare Inc., Date: None, Delay: -1 ms, Speed: 0.00 M/s, Resolution: None
Name: 欢笑剧场, URL: http://gat.bkpcp.top/ymg.php?id=hxjc, From: subscribe, IPv_Type: ipv6, Location: 美国, ISP: CloudFlare Inc., Date: None, Delay: -1 ms, Speed: 0.00 M/s, Resolution: None
Name: 欢笑剧场, URL: http://goo.bkpcp.top/mg/hxjc, From: subscribe, IPv_Type: ipv6, Location: 美国, ISP: CloudFlare Inc., Date: None, Delay: -1 ms, Speed: 0.00 M/s, Resolution: None
Name: 欢笑剧场, URL: http://iptv.cdn.ha.chinamobile.com/PLTV/88888888/224/3221226704/index.m3u8, From: subscribe, IPv_Type: ipv6, Location: 中国, ISP: 中国移动, Date: None, Delay: -1 ms, Speed: 0.00 M/s, Resolution: None
Name: 欢笑剧场, URL: http://[2409:8087:5e00:24::1e]:6060/000000001000/5000000002000009455/1.m3u8, From: subscribe, IPv_Type: ipv6, Location: 中国, ISP: 中国移动, Date: None, Delay: -1 ms, Speed: 0.00 M/s, Resolution: None
Name: 欢笑剧场, URL: http://[2409:8087:1e01:20::3]/PLTV/11/224/3221225771/index.m3u8, From: subscribe, IPv_Type: ipv6, Location: 中国, ISP: 中国移动, Date: None, Delay: -1 ms, Speed: 0.00 M/s, Resolution: None
Name: 欢笑剧场, URL: https://shyd.695847.xyz/cms001/ch00000090990000001490/index.m3u8?IASHttpSessionId=RR4967720251014100028031761&ispcode=12, From: subscribe, IPv_Type: ipv6, Location: 美国, ISP: CloudFlare Inc., Date: None, Delay: -1 ms, Speed: 0.00 M/s, Resolution: None
Name: 欢笑剧场, URL: http://iptv.666230.xyz/iptv/sxg.php/hxjc-4k_8000, From: subscribe, IPv_Type: ipv6, Location: 美国, ISP: CloudFlare Inc., Date: None, Delay: -1 ms, Speed: 0.00 M/s, Resolution: None
Name: 欢笑剧场, URL: http://[2409:8087:1e02:20::10]/000000001000PLTV/11/224/3221225771/1.m3u8, From: subscribe, IPv_Type: ipv6, Location: 中国, ISP: 中国移动, Date: None, Delay: -1 ms, Speed: 0.00 M/s, Resolution: None
Name: 欢笑剧场, URL: http://k.061899.xyz/k.php?id=hxjc, From: subscribe, IPv_Type: ipv6, Location: 新加坡, ISP: Aceville Pte.Ltd., Date: None, Delay: -1 ms, Speed: 0.00 M/s, Resolution: None
Name: 欢笑剧场, URL: http://iptvrr.sh.chinamobile.com:6060/cms001/ch00000090990000001193/index.m3u8, From: subscribe, IPv_Type: ipv6, Location: 中国, ISP: 中国移动, Date: None, Delay: -1 ms, Speed: 0.00 M/s, Resolution: None
Name: 法治天地, URL: http://[2409:8087:5e00:24::29]:6610/000000001000/2000000002000000014/index.m3u8?stbId=3&livemode=1&HlsProfileId=&channel-id=hnbblive&Contentid=2000000002000000014&IASHttpSessionId=OTT19019320240419154124000281, From: subscribe, IPv_Type: ipv6, Location: 中国, ISP: 中国移动, Date: None, Delay: -1 ms, Speed: 0.00 M/s, Resolution: None
Name: 法治天地, URL: http://php.jdshipin.com/itv6.php?cid=bestzb&id=9001547084732463424, From: subscribe, IPv_Type: ipv6, Location: 美国, ISP: CloudFlare Inc., Date: None, Delay: -1 ms, Speed: 0.00 M/s, Resolution: None
Name: 法治天地, URL: http://z.b.bkpcp.top/m.php?id=fztd, From: subscribe, IPv_Type: ipv6, Location: 美国, ISP: CloudFlare Inc., Date: None, Delay: -1 ms, Speed: 0.00 M/s, Resolution: None
Name: 法治天地, URL: http://iptv.cdn.ha.chinamobile.com/PLTV/88888888/224/3221226655/index.m3u8, From: subscribe, IPv_Type: ipv6, Location: 中国, ISP: 中国移动, Date: None, Delay: -1 ms, Speed: 0.00 M/s, Resolution: None
Name: 法治天地, URL: https://cc06.tv12.xyz/42.m3u8, From: subscribe, IPv_Type: ipv6, Location: 美国, ISP: CloudFlare Inc., Date: None, Delay: -1 ms, Speed: 0.00 M/s, Resolution: None
Name: 法治天地, URL: http://[2409:8087:5e01:24::16]:6610/000000001000/2000000002000000014/index.m3u8?stbId=3&livemode=1&HlsProfileId=&channel-id=hnbblive&Contentid=2000000002000000014&IASHttpSessionId=OTT19019320240419154124000281, From: subscribe, IPv_Type: ipv6, Location: 中国, ISP: 中国移动, Date: None, Delay: -1 ms, Speed: 0.00 M/s, Resolution: None
Name: 法治天地, URL: http://[2409:8087:5e08:25::4]:6610/000000001000/9001547084732463424/index.m3u8?channel-id=bestzb&Contentid=9001547084732463424&Ace, From: subscribe, IPv_Type: ipv6, Location: 中国, ISP: 中国移动, Date: None, Delay: -1 ms, Speed: 0.00 M/s, Resolution: None
Name: 法治天地, URL: http://[2409:8087:1e01:20::3]/PLTV/11/224/3221225994/index.m3u8, From: subscribe, IPv_Type: ipv6, Location: 中国, ISP: 中国移动, Date: None, Delay: -1 ms, Speed: 0.00 M/s, Resolution: None
Name: 法治天地, URL: http://iptv.666230.xyz/iptv/sxg.php/fztx_4000, From: subscribe, IPv_Type: ipv6, Location: 美国, ISP: CloudFlare Inc., Date: None, Delay: -1 ms, Speed: 0.00 M/s, Resolution: None
Name: 法治天地, URL: http://[2409:8087:1e02:20::10]/000000001000PLTV/11/224/3221225994/1.m3u8, From: subscribe, IPv_Type: ipv6, Location: 中国, ISP: 中国移动, Date: None, Delay: -1 ms, Speed: 0.00 M/s, Resolution: None
Name: 法治天地, URL: http://iptvrr.sh.chinamobile.com:6060/cms001/ch00000090990000001195/index.m3u8, From: subscribe, IPv_Type: ipv6, Location: 中国, ISP: 中国移动, Date: None, Delay: -1 ms, Speed: 0.00 M/s, Resolution: None
Name: 生活时尚, URL: https://stream1.freetv.fun/ipv6-sheng-huo-shi-shang-5.m3u8, From: subscribe, IPv_Type: ipv6, Location: 美国, ISP: CloudFlare Inc., Date: None, Delay: -1 ms, Speed: 0.00 M/s, Resolution: None
Name: 第一财经, URL: http://[2409:8087:5e00:24::29]:6610/000000001000/2000000002000000004/index.m3u8?stbId=3&livemode=1&HlsProfileId=&channel-id=hnbblive&Contentid=2000000002000000004&IASHttpSessionId=OTT19019320240419154124000281, From: subscribe, IPv_Type: ipv6, Location: 中国, ISP: 中国移动, Date: None, Delay: -1 ms, Speed: 0.00 M/s, Resolution: None
Name: 第一财经, URL: https://stream1.freetv.fun/ipv6-di-yi-cai-jing-11.m3u8, From: subscribe, IPv_Type: ipv6, Location: 美国, ISP: CloudFlare Inc., Date: None, Delay: -1 ms, Speed: 0.00 M/s, Resolution: None
Name: 第一财经, URL: http://ls.qingting.fm/live/276.m3u8, From: subscribe, IPv_Type: ipv6, Location: 美国, ISP: , Date: None, Delay: -1 ms, Speed: 0.00 M/s, Resolution: None
Name: 第一财经, URL: https://www.freetv.top/migu/608780988.m3u8?migutoken=62e21890acbd9928d0be0b4eae9f5e32e1879604b785ee7ce8751d5001a9ff431d7714025aa03d48a2b190ff214e5115dcb6ba455c3d26b1db0f5b3cb49c5967429ff3b1fe8e96e87cc6146543, From: subscribe, IPv_Type: ipv6, Location: 美国, ISP: Oracle Corporation, Date: None, Delay: -1 ms, Speed: 0.00 M/s, Resolution: None
Name: 第一财经, URL: http://[2409:8087:1e01:20::3]/PLTV/11/224/3221225737/1.m3u8, From: subscribe, IPv_Type: ipv6, Location: 中国, ISP: 中国移动, Date: None, Delay: -1 ms, Speed: 0.00 M/s, Resolution: None
Name: 第一财经, URL: https://cdn3.163189.xyz/163189/dycj, From: subscribe, IPv_Type: ipv6, Location: 美国, ISP: CloudFlare Inc., Date: None, Delay: -1 ms, Speed: 0.00 M/s, Resolution: None
Name: 第一财经, URL: http://bp-livetytv.bestv.cn/ch/bestvdycj.m3u8, From: subscribe, IPv_Type: ipv6, Location: 中国, ISP: 中国电信, Date: None, Delay: -1 ms, Speed: 0.00 M/s, Resolution: None
Name: 第一财经, URL: https://t.freetv.fun/live/di-yi-cai-jing-2.m3u8, From: subscribe, IPv_Type: ipv6, Location: 美国, ISP: CloudFlare Inc., Date: None, Delay: -1 ms, Speed: 0.00 M/s, Resolution: None
Name: 第一财经, URL: http://a1live.livecdn.yicai.com/live/radio_tv.m3u8, From: subscribe, IPv_Type: ipv4, Location: 中国-上海-上海, ISP: 电信, Date: None, Delay: 473 ms, Speed: 0.08 M/s, Resolution: None
Name: 纪实人文, URL: http://ottrrs.hl.chinamobile.com/PLTV/88888888/224/3221225738/index.m3u8, From: subscribe, IPv_Type: ipv6, Location: 中国, ISP: 中国移动, Date: None, Delay: -1 ms, Speed: 0.00 M/s, Resolution: None
Name: 纪实人文, URL: https://stream1.freetv.fun/ipv6-ji-shi-ren-wen-12.m3u8, From: subscribe, IPv_Type: ipv6, Location: 美国, ISP: CloudFlare Inc., Date: None, Delay: -1 ms, Speed: 0.00 M/s, Resolution: None
Name: 都市剧场, URL: http://iptv.cdn.ha.chinamobile.com/PLTV/88888888/224/3221226694/index.m3u8, From: subscribe, IPv_Type: ipv6, Location: 中国, ISP: 中国移动, Date: None, Delay: -1 ms, Speed: 0.00 M/s, Resolution: None
Name: 都市剧场, URL: https://hls-gateway.vpstv.net/streams/708845.m3u8, From: subscribe, IPv_Type: ipv6, Location: 美国, ISP: CloudFlare Inc., Date: None, Delay: -1 ms, Speed: 0.00 M/s, Resolution: None
Name: 都市剧场, URL: http://[2409:8087:5e00:24::1e]:6060/000000001000/5000000011000031111/1.m3u8, From: subscribe, IPv_Type: ipv6, Location: 中国, ISP: 中国移动, Date: None, Delay: -1 ms, Speed: 0.00 M/s, Resolution: None
Name: 都市剧场, URL: http://[2409:8087:5e08:25::4]:6610/000000001000/5000000011000031111/index.m3u8?channel-id=bestzb&Contentid=5000000011000031111&Ace, From: subscribe, IPv_Type: ipv6, Location: 中国, ISP: 中国移动, Date: None, Delay: -1 ms, Speed: 0.00 M/s, Resolution: None
Name: 都市剧场, URL: http://[2409:8087:1e01:20::3]/PLTV/11/224/3221225762/index.m3u8, From: subscribe, IPv_Type: ipv6, Location: 中国, ISP: 中国移动, Date: None, Delay: -1 ms, Speed: 0.00 M/s, Resolution: None
Name: 都市剧场, URL: https://shyd.695847.xyz/cms001/ch00000090990000001203/index.m3u8?IASHttpSessionId=RR4967720251014100028031761&ispcode=12, From: subscribe, IPv_Type: ipv6, Location: 美国, ISP: CloudFlare Inc., Date: None, Delay: -1 ms, Speed: 0.00 M/s, Resolution: None
Name: 都市剧场, URL: http://iptv.666230.xyz/iptv/hnyx.php/dsjc, From: subscribe, IPv_Type: ipv6, Location: 美国, ISP: CloudFlare Inc., Date: None, Delay: -1 ms, Speed: 0.00 M/s, Resolution: None
Name: 都市剧场, URL: http://[2409:8087:1e02:20::10]/000000001000PLTV/11/224/3221226155/1.m3u8, From: subscribe, IPv_Type: ipv6, Location: 中国, ISP: 中国移动, Date: None, Delay: -1 ms, Speed: 0.00 M/s, Resolution: None
Name: 都市剧场, URL: http://iptvrr.sh.chinamobile.com:6060/cms001/ch00000090990000001203/index.m3u8, From: subscribe, IPv_Type: ipv6, Location: 中国, ISP: 中国移动, Date: None, Delay: -1 ms, Speed: 0.00 M/s, Resolution: None
Name: 都市剧场, URL: http://hwltc.tv.cdn.zj.chinamobile.com/PLTV/88888888/224/3221229280/1/index.m3u8?fmt=ts2hls, From: subscribe, IPv_Type: ipv6, Location: 中国, ISP: 中国移动, Date: None, Delay: -1 ms, Speed: 0.00 M/s, Resolution: None
Name: 都市剧场, URL: https://satellitepull.cnr.cn/live/wxcqxwgb/playlist.m3u8, From: subscribe, IPv_Type: ipv4, Location: 美国-伊利诺伊州-库克, ISP: 网宿CDN节点, Date: None, Delay: 9 ms, Speed: 13.92 M/s, Resolution: None
Name: 都市剧场, URL: https://shcm-stream-cf1.stream.264788.xyz/cms001/ch00000090990000001203/index.m3u8, From: subscribe, IPv_Type: ipv4, Location: 美国, ISP: CloudFlare节点, Date: None, Delay: 214 ms, Speed: 8.68 M/s, Resolution: 1920x1080
Name: 金山电视台, URL: http://pili-live-hls.wdit.com.cn/wditlive/8818dfe5f4df45ba9a3f32964d172fb2b6d3.m3u8, From: subscribe, IPv_Type: ipv4, Location: 日本-东京都, ISP: NTT, Date: None, Delay: 457 ms, Speed: 6.72 M/s, Resolution: 1920x1080
Name: 金山电视台, URL: https://pili-live-hls.wdit.com.cn/wditlive/8818dfe5f4df45ba9a3f32964d172fb2b6d3.m3u8, From: subscribe, IPv_Type: ipv4, Location: 日本-东京都, ISP: NTT, Date: None, Delay: 494 ms, Speed: 6.58 M/s, Resolution: 1920x1080
Name: 铜梁综合, URL: https://tlpc01.cqliving.com/ch1.m3u8, From: subscribe, IPv_Type: ipv4, Location: 中国-上海-上海, ISP: 电信, Date: None, Delay: 2961 ms, Speed: 0.57 M/s, Resolution: 720x576
Name: 铜梁综合, URL: http://183.64.174.171:40123/ch1.m3u8?zzhongqd, From: subscribe, IPv_Type: ipv4, Location: 中国-重庆-重庆, ISP: 电信, Date: None, Delay: 8766 ms, Speed: 0.21 M/s, Resolution: 720x576
Name: 重庆汽摩, URL: http://183.230.184.51:65500/tntv1.m3u8?zzhongqd, From: subscribe, IPv_Type: ipv4, Location: 中国-重庆-重庆, ISP: 移动, Date: None, Delay: 4401 ms, Speed: 0.34 M/s, Resolution: 1920x1080
Name: 荣昌综合, URL: http://183.64.181.25:40023/rongchang01.m3u8, From: subscribe, IPv_Type: ipv4, Location: 中国-重庆-重庆, ISP: 电信, Date: None, Delay: 2271 ms, Speed: 0.22 M/s, Resolution: 720x404
Name: 潼南综合, URL: http://183.230.184.51:65500/tntv1.m3u8, From: subscribe, IPv_Type: ipv4, Location: 中国-重庆-重庆, ISP: 移动, Date: None, Delay: 5428 ms, Speed: 0.29 M/s, Resolution: 1920x1080
Name: 江津新闻综合, URL: http://222.179.155.21:1935/ch1.m3u8, From: subscribe, IPv_Type: ipv4, Location: 中国-重庆-重庆, ISP: 电信, Date: None, Delay: 10156 ms, Speed: 0.25 M/s, Resolution: 1920x1080
Name: 武隆综合, URL: https://yypull.cbg.cn/applive/wltvzh/playlist.m3u8, From: subscribe, IPv_Type: ipv4, Location: 美国-伊利诺伊州-库克, ISP: 网宿CDN节点, Date: None, Delay: 2522 ms, Speed: 0.62 M/s, Resolution: 720x576
Name: 垫江综合, URL: rtmp://play-sh.quklive.com/live/1672366847646284, From: subscribe, IPv_Type: ipv4, Location: 美国-科罗拉多州-布鲁姆菲尔德, ISP: Level3, Date: None, Delay: -1 ms, Speed: inf M/s, Resolution: 1920x1080
Name: 万州三峡移民, URL: http://wanzhoulive.cbg.cn:8017/c2F0hmi/1000/live.m3u8, From: subscribe, IPv_Type: ipv6, Location: 中国, ISP: 中国电信, Date: None, Delay: -1 ms, Speed: 0.00 M/s, Resolution: None
Name: 万州三峡移民, URL: https://wanzhoulive.cbg.cn/c2F0hmi/1000/live.m3u8, From: subscribe, IPv_Type: ipv6, Location: 中国, ISP: 中国电信, Date: None, Delay: -1 ms, Speed: 0.00 M/s, Resolution: None
Name: 重庆时尚购物, URL: http://183.220.107.138:4022/rtp/239.10.0.169:5140, From: subscribe, IPv_Type: ipv4, Location: 中国-四川-成都, ISP: 移动, Date: None, Delay: 504 ms, Speed: 0.00 M/s, Resolution: None
Name: CHC家庭影院, URL: http://php.jdshipin.com/TVOD/iptv.php, From: subscribe, IPv_Type: ipv6, Location: 美国, ISP: CloudFlare Inc., Date: None, Delay: -1 ms, Speed: 0.00 M/s, Resolution: None
Name: CHC家庭影院, URL: https://mgtv.ottiptv.cc/mg/644368373.m3u8?sign=8cb818354b21b739fe1b348da51d8c02&tm=1757436314&token=3eee8e7c0cd72a4822fbb2305567610920e5486eb65af23471395453275f96c8e3db456b59d3a43e1fcd94ff6aa0c8112fb6034bc68a50699b461e0ab82dacf50788d0f12b2bad550e181d75a9, From: subscribe, IPv_Type: ipv6, Location: 美国, ISP: Oracle Corporation, Date: None, Delay: -1 ms, Speed: 0.00 M/s, Resolution: None
Name: CHC家庭影院, URL: https://migu.188766.xyz/?migutoken=7c8d28c2b5cf06b04af7bf909a054f5e&id=CHC%E5%AE%B6%E5%BA%AD%E5%BD%B1%E9%99%A2&type=yy, From: subscribe, IPv_Type: ipv6, Location: 美国, ISP: CloudFlare Inc., Date: None, Delay: -1 ms, Speed: 0.00 M/s, Resolution: None
Name: CHC家庭影院, URL: http://sport.pendy.dpdns.org/migu/644368373?token=BCDxUPC2aE0y0iz8JYzYhWA21b8DBPXm4Tw9nHe0T-ftD1MRmsBCXZPPiHXeDz7cNybVmmXGazeeaHKpxyYgEA, From: subscribe, IPv_Type: ipv6, Location: 美国, ISP: CloudFlare Inc., Date: None, Delay: -1 ms, Speed: 0.00 M/s, Resolution: None
Name: CHC家庭影院, URL: https://mursor.ottiptv.cc/migu/644368373.m3u8?migutoken=eda0112e6a1f0fac1c6d7d1bba6e6bf6f4bad80594800fe209a244e76507b80132e671dc1045ca63e497f73f714e92acba8837381116572cad1ef61ce9ddcc4ec333dd4414d08865970e33e630, From: subscribe, IPv_Type: ipv6, Location: 美国-新泽西州-巴赛克, ISP: DigitalOcean, Date: None, Delay: -1 ms, Speed: 0.00 M/s, Resolution: None
Name: CHC家庭影院, URL: https://stream1.freetv.fun/chcjia-ting-ying-yuan-6.m3u8, From: subscribe, IPv_Type: ipv6, Location: 美国, ISP: CloudFlare Inc., Date: None, Delay: -1 ms, Speed: 0.00 M/s, Resolution: None
Name: CHC家庭影院, URL: https://www.freetv.top/migu/644368373.m3u8?migutoken=b9d9d0ba0208e949cf0736455b86290b2d1d2ff4727f523b7117dde6eb883cb4582c5ce1519685e57d54bfb562057c10a00dde58bb674d8600fd2d918b8cb440294e083e7b8f19e0dbcc9250d8, From: subscribe, IPv_Type: ipv6, Location: 美国, ISP: Oracle Corporation, Date: None, Delay: -1 ms, Speed: 0.00 M/s, Resolution: None
Name: CHC家庭影院, URL: http://eastscreen.tv/ooooo.php, From: subscribe, IPv_Type: ipv6, Location: 美国, ISP: CloudFlare Inc., Date: None, Delay: -1 ms, Speed: 0.00 M/s, Resolution: None
Name: CHC家庭影院, URL: https://iptv.catvod.com/live.php?id=CHC%E5%AE%B6%E5%BA%AD%E5%BD%B1%E9%99%A2, From: subscribe, IPv_Type: ipv6, Location: 美国, ISP: CloudFlare Inc., Date: None, Delay: -1 ms, Speed: 0.00 M/s, Resolution: None
Name: CHC家庭影院, URL: https://shyd.695847.xyz/cms001/ch00000090990000001570/index.m3u8?IASHttpSessionId=RR4967720251014100028031761&ispcode=12, From: subscribe, IPv_Type: ipv6, Location: 美国, ISP: CloudFlare Inc., Date: None, Delay: -1 ms, Speed: 0.00 M/s, Resolution: None
Name: CHC家庭影院, URL: https://live.chinacert.cftest5.cn/mg/?id=644368373, From: subscribe, IPv_Type: ipv6, Location: 中国, ISP: 中国电信, Date: None, Delay: -1 ms, Speed: 0.00 M/s, Resolution: None
Name: CHC家庭影院, URL: https://t.freetv.fun/live/chcjia-ting-ying-yuan.m3u8, From: subscribe, IPv_Type: ipv6, Location: 美国, ISP: CloudFlare Inc., Date: None, Delay: -1 ms, Speed: 0.00 M/s, Resolution: None
Name: CHC家庭影院, URL: https://live.264788.xyz/channel/chcjiatingyingyuan?streamid=136f530a61d26dc0f670f39f05291586&livekey=01WgOR41rriMmMkzNsd0UoaxJRwetZdxIvtVk, From: subscribe, IPv_Type: ipv4, Location: 美国, ISP: CloudFlare节点, Date: None, Delay: 3256 ms, Speed: 5.34 M/s, Resolution: 1920x1080
Name: CHC动作电影, URL: http://php.jdshipin.com/TVOD/iptv.php, From: subscribe, IPv_Type: ipv6, Location: 美国, ISP: CloudFlare Inc., Date: None, Delay: -1 ms, Speed: 0.00 M/s, Resolution: None
Name: CHC动作电影, URL: http://eastscreen.tv/ooooo.php, From: subscribe, IPv_Type: ipv6, Location: 美国, ISP: CloudFlare Inc., Date: None, Delay: -1 ms, Speed: 0.00 M/s, Resolution: None
Name: CHC动作电影, URL: https://mgtv.ottiptv.cc/mg/644368714.m3u8?sign=d627807e867a99f65ae396e8ae0a9675&tm=1757436314&token=1a2036875be84ba3419666483ca276e9592c27add4c18460891d1a04aa0bdbabf84604d85409f2b2aac2bb9f57314924b0962eab9dbc7b25baa78a08057d2772594cc19739165176af9236d929, From: subscribe, IPv_Type: ipv6, Location: 美国, ISP: Oracle Corporation, Date: None, Delay: -1 ms, Speed: 0.00 M/s, Resolution: None
Name: CHC动作电影, URL: https://migu.188766.xyz/?migutoken=b7d85cf384a3802ee3e697162c7cb1e4&id=CHC%E5%8A%A8%E4%BD%9C%E7%94%B5%E5%BD%B1&type=yy, From: subscribe, IPv_Type: ipv6, Location: 美国, ISP: CloudFlare Inc., Date: None, Delay: -1 ms, Speed: 0.00 M/s, Resolution: None
Name: CHC动作电影, URL: http://z.b.bkpcp.top/m.php?id=dzdy, From: subscribe, IPv_Type: ipv6, Location: 美国, ISP: CloudFlare Inc., Date: None, Delay: -1 ms, Speed: 0.00 M/s, Resolution: None
Name: CHC动作电影, URL: http://sport.pendy.dpdns.org/migu/644368714?token=BCDxUPC2aE0y0iz8JYzYhWA21b8DBPXm4Tw9nHe0T-ftD1MRmsBCXZPPiHXeDz7cNybVmmXGazeeaHKpxyYgEA, From: subscribe, IPv_Type: ipv6, Location: 美国, ISP: CloudFlare Inc., Date: None, Delay: -1 ms, Speed: 0.00 M/s, Resolution: None
Name: CHC动作电影, URL: http://[2409:8087:1a01:df::4021]:80/TVOD/88888888/224/3221225555/main.m3u8, From: subscribe, IPv_Type: ipv6, Location: 中国, ISP: 中国移动, Date: None, Delay: -1 ms, Speed: 0.00 M/s, Resolution: None
Name: CHC动作电影, URL: https://www.freetv.top/migu/644368714.m3u8?migutoken=2e48d18419793654f347e8ca29e0028ce9f3eaaa7a108b006304178b8f790f34908f8a09bbb8f4b8b8abcf36e2341f1043dde8719cf4927fcd0dcde4667f8b91e68e820314791d9b70452862c9, From: subscribe, IPv_Type: ipv6, Location: 美国, ISP: Oracle Corporation, Date: None, Delay: -1 ms, Speed: 0.00 M/s, Resolution: None
Name: CHC动作电影, URL: https://stream.freetv.fun/2f2e29b8759a2458730dc1f3686024472691952a50e787fe075944d0cb17f36e.ctv, From: subscribe, IPv_Type: ipv6, Location: 美国, ISP: CloudFlare Inc., Date: None, Delay: -1 ms, Speed: 0.00 M/s, Resolution: None
Name: CHC动作电影, URL: http://data.3g.yy.com/live/hls/1382735573/1382735573, From: subscribe, IPv_Type: ipv6, Location: 中国, ISP: 中国电信, Date: None, Delay: -1 ms, Speed: 0.00 M/s, Resolution: None
Name: CHC动作电影, URL: https://stream1.freetv.fun/413df533cc2d866bacdc87729814e66f4cf836c13b12ed783b54345fd012c6c8.m3u8, From: subscribe, IPv_Type: ipv6, Location: 美国, ISP: CloudFlare Inc., Date: None, Delay: -1 ms, Speed: 0.00 M/s, Resolution: None
Name: CHC动作电影, URL: https://shyd.695847.xyz/cms001/ch00000090990000001580/index.m3u8?IASHttpSessionId=RR4967720251014100028031761&ispcode=12, From: subscribe, IPv_Type: ipv6, Location: 美国, ISP: CloudFlare Inc., Date: None, Delay: -1 ms, Speed: 0.00 M/s, Resolution: None
Name: CHC动作电影, URL: https://iptv.catvod.com/live.php?id=CHC%E5%8A%A8%E4%BD%9C%E7%94%B5%E5%BD%B1, From: subscribe, IPv_Type: ipv6, Location: 美国, ISP: CloudFlare Inc., Date: None, Delay: -1 ms, Speed: 0.00 M/s, Resolution: None
Name: CHC动作电影, URL: https://live.chinacert.cftest5.cn/mg/?id=644368714, From: subscribe, IPv_Type: ipv6, Location: 中国, ISP: 中国电信, Date: None, Delay: -1 ms, Speed: 0.00 M/s, Resolution: None
Name: CHC动作电影, URL: https://t.freetv.fun/live/chcdong-zuo-dian-ying-2.php, From: subscribe, IPv_Type: ipv6, Location: 美国, ISP: CloudFlare Inc., Date: None, Delay: -1 ms, Speed: 0.00 M/s, Resolution: None
Name: CHC动作电影, URL: https://shcm-stream-cf1.stream.264788.xyz/cms001/ch00000090990000001580/index.m3u8?streamid=87c13b6e841ed5039d4c2ce8f266f9ef&streamkey=0gNYRWDeQgJcsRRVxgX7CXzeeNfbK5b6jgfx2dUMMXpSOjJ6HaVTnXNZIvUs7ZjMVIipZGwSqsLBoB1csVGKjUersUPcVyHJvvzH9lv6u5pQ0BcM1SFtompQvPNMFD09b&token=1775754577-a16c17c5548559fa-0-23e1bb39b278d07d81f7441cf04c41ce, From: subscribe, IPv_Type: ipv4, Location: 美国, ISP: CloudFlare节点, Date: None, Delay: 4429 ms, Speed: 5.89 M/s, Resolution: 1920x1080
Name: CHC动作电影, URL: https://live.264788.xyz/channel/chcdongzuodianying?streamid=93acb2d859f1483a3fe6f3a46516506f&livekey=01WgOR41rriMmMkzNsd0UoaxJRwetZdxIvtVk, From: subscribe, IPv_Type: ipv4, Location: 美国, ISP: CloudFlare节点, Date: None, Delay: 3192 ms, Speed: 4.26 M/s, Resolution: 1920x1080
Name: 动作电影, URL: https://mursor.ottiptv.cc/yy/1382736809, From: subscribe, IPv_Type: ipv6, Location: 美国-新泽西州-巴赛克, ISP: DigitalOcean, Date: None, Delay: -1 ms, Speed: 0.00 M/s, Resolution: None
Name: 动作电影, URL: http://php.jdshipin.com/TVOD/hnyd.php?id=200000001898/460000089800010003, From: subscribe, IPv_Type: ipv6, Location: 美国, ISP: CloudFlare Inc., Date: None, Delay: -1 ms, Speed: 0.00 M/s, Resolution: None
Name: 动作电影, URL: https://fenghuang.tv12.xyz/26.m3u8, From: subscribe, IPv_Type: ipv6, Location: 美国, ISP: CloudFlare Inc., Date: None, Delay: -1 ms, Speed: 0.00 M/s, Resolution: None
Name: 动作电影, URL: http://eastscreen.tv/ooooo.php?id=chcdz, From: subscribe, IPv_Type: ipv6, Location: 美国, ISP: CloudFlare Inc., Date: None, Delay: -1 ms, Speed: 0.00 M/s, Resolution: None
Name: 动作电影, URL: https://iptv.catvod.com/live.php?id=NewTV%E5%8A%A8%E4%BD%9C%E7%94%B5%E5%BD%B1, From: subscribe, IPv_Type: ipv6, Location: 美国, ISP: CloudFlare Inc., Date: None, Delay: -1 ms, Speed: 0.00 M/s, Resolution: None
Name: 动作电影, URL: http://ott.mobaibox.com/PLTV/3/224/3221227606/index.m3u8, From: subscribe, IPv_Type: ipv6, Location: 中国, ISP: 中国移动, Date: None, Delay: -1 ms, Speed: 0.00 M/s, Resolution: None
Name: 淘剧场, URL: http://[2409:8087:1:20:20::26]/otttv.bj.chinamobile.com/PLTV/88888888/224/3221226553/1.m3u8?GuardEncType=2&accountinfo=%7E%7EV2.0%7EQaJ92NID2SpQlY6_VJVogg%7E_eNUbgU9sJGUcVVduOMKhafLvQUgE_zlz_7pvDimJNOuQYJeiYEeFWTkFfE86Vq-%2CEND, From: subscribe, IPv_Type: ipv6, Location: 中国, ISP: 中国移动, Date: None, Delay: -1 ms, Speed: 0.00 M/s, Resolution: None
Name: 淘剧场, URL: http://dsj.motem.top:8880/bptv/10000100000000050000000003887497.m3u8, From: subscribe, IPv_Type: ipv6, Location: 美国, ISP: CloudFlare Inc., Date: None, Delay: -1 ms, Speed: 0.00 M/s, Resolution: None
Name: 淘剧场, URL: http://missyao.com:35455/bptv/10000100000000050000000003887497.m3u8, From: subscribe, IPv_Type: ipv6, Location: 中国-香港, ISP: , Date: None, Delay: -1 ms, Speed: 0.00 M/s, Resolution: None
Name: 淘剧场, URL: http://zjzcf.synology.me:35455/bptv/10000100000000050000000003887497.m3u8, From: subscribe, IPv_Type: ipv6, Location: 中国, ISP: 中国移动, Date: None, Delay: -1 ms, Speed: 0.00 M/s, Resolution: None
Name: 淘剧场, URL: http://b.xiongnas.top:8888/rtp/239.3.1.95:8001, From: subscribe, IPv_Type: ipv6, Location: 中国, ISP: 中国联通, Date: None, Delay: -1 ms, Speed: 0.00 M/s, Resolution: None
Name: 淘剧场, URL: http://iptv.666230.xyz/iptv/bjyd.php/6553, From: subscribe, IPv_Type: ipv6, Location: 美国, ISP: CloudFlare Inc., Date: None, Delay: -1 ms, Speed: 0.00 M/s, Resolution: None
Name: 淘娱乐, URL: http://[2409:8087:1:20:20::2c]/otttv.bj.chinamobile.com/PLTV/88888888/224/3221226551/1.m3u8?GuardEncType=2&accountinfo=%7E%7EV2.0%7Ex0efg9fpenP8E8lWJUb5Lg%7E_eNUbgU9sJGUcVVduOMKhafLvQUgE_zlz_7pvDimJNNg3bzRax0E9tLmO9xgXVx8%2CEND, From: subscribe, IPv_Type: ipv6, Location: 中国, ISP: 中国移动, Date: None, Delay: -1 ms, Speed: 0.00 M/s, Resolution: None
Name: 淘娱乐, URL: http://dsj.motem.top:8880/bptv/10000100000000050000000003887499.m3u8, From: subscribe, IPv_Type: ipv6, Location: 美国, ISP: CloudFlare Inc., Date: None, Delay: -1 ms, Speed: 0.00 M/s, Resolution: None
Name: 淘娱乐, URL: http://missyao.com:35455/bptv/10000100000000050000000003887499.m3u8, From: subscribe, IPv_Type: ipv6, Location: 中国-香港, ISP: , Date: None, Delay: -1 ms, Speed: 0.00 M/s, Resolution: None
Name: 淘娱乐, URL: http://zjzcf.synology.me:35455/bptv/10000100000000050000000003887499.m3u8, From: subscribe, IPv_Type: ipv6, Location: 中国, ISP: 中国移动, Date: None, Delay: -1 ms, Speed: 0.00 M/s, Resolution: None
Name: 淘娱乐, URL: http://b.xiongnas.top:8888/rtp/239.3.1.100:8001, From: subscribe, IPv_Type: ipv6, Location: 中国, ISP: 中国联通, Date: None, Delay: -1 ms, Speed: 0.00 M/s, Resolution: None
Name: 淘娱乐, URL: http://iptv.666230.xyz/iptv/bjyd.php/6551, From: subscribe, IPv_Type: ipv6, Location: 美国, ISP: CloudFlare Inc., Date: None, Delay: -1 ms, Speed: 0.00 M/s, Resolution: None
Name: 淘电影, URL: http://[2409:8087:1:20:20::26]/otttv.bj.chinamobile.com/PLTV/88888888/224/3221226552/1.m3u8?GuardEncType=2&accountinfo=%7E%7EV2.0%7EXOsrWMA-UCdUl1hQSR9EKw%7E_eNUbgU9sJGUcVVduOMKhafLvQUgE_zlz_7pvDimJNNg3bzRax0E9tLmO9xgXVx8%2CEND, From: subscribe, IPv_Type: ipv6, Location: 中国, ISP: 中国移动, Date: None, Delay: -1 ms, Speed: 0.00 M/s, Resolution: None
Name: 淘电影, URL: http://dsj.motem.top:8880/bptv/10000100000000050000000003887498.m3u8, From: subscribe, IPv_Type: ipv6, Location: 美国, ISP: CloudFlare Inc., Date: None, Delay: -1 ms, Speed: 0.00 M/s, Resolution: None
Name: 淘电影, URL: https://stream1.freetv.fun/ipv6-tao-dian-ying-5.m3u8, From: subscribe, IPv_Type: ipv6, Location: 美国, ISP: CloudFlare Inc., Date: None, Delay: -1 ms, Speed: 0.00 M/s, Resolution: None
Name: 淘电影, URL: http://b.xiongnas.top:8888/rtp/239.3.1.250:8001, From: subscribe, IPv_Type: ipv6, Location: 中国, ISP: 中国联通, Date: None, Delay: -1 ms, Speed: 0.00 M/s, Resolution: None
Name: NewTV动作电影, URL: https://mursor.ottiptv.cc/yy/1382736809, From: subscribe, IPv_Type: ipv6, Location: 美国-新泽西州-巴赛克, ISP: DigitalOcean, Date: None, Delay: -1 ms, Speed: 0.00 M/s, Resolution: None
Name: NewTV动作电影, URL: http://php.jdshipin.com/TVOD/hnyd.php?id=200000001898/460000089800010003, From: subscribe, IPv_Type: ipv6, Location: 美国, ISP: CloudFlare Inc., Date: None, Delay: -1 ms, Speed: 0.00 M/s, Resolution: None
Name: NewTV动作电影, URL: https://fenghuang.tv12.xyz/26.m3u8, From: subscribe, IPv_Type: ipv6, Location: 美国, ISP: CloudFlare Inc., Date: None, Delay: -1 ms, Speed: 0.00 M/s, Resolution: None
Name: NewTV动作电影, URL: http://eastscreen.tv/ooooo.php?id=chcdz, From: subscribe, IPv_Type: ipv6, Location: 美国, ISP: CloudFlare Inc., Date: None, Delay: -1 ms, Speed: 0.00 M/s, Resolution: None
Name: NewTV动作电影, URL: https://iptv.catvod.com/live.php?id=NewTV%E5%8A%A8%E4%BD%9C%E7%94%B5%E5%BD%B1, From: subscribe, IPv_Type: ipv6, Location: 美国, ISP: CloudFlare Inc., Date: None, Delay: -1 ms, Speed: 0.00 M/s, Resolution: None
Name: NewTV动作电影, URL: http://ott.mobaibox.com/PLTV/3/224/3221227606/index.m3u8, From: subscribe, IPv_Type: ipv6, Location: 中国, ISP: 中国移动, Date: None, Delay: -1 ms, Speed: 0.00 M/s, Resolution: None
Name: 黑莓电影, URL: http://[2409:8087:1a15:10d1::36]/ottrrs.hl.chinamobile.com/PLTV/88888888/224/3221225743/index.m3u8, From: subscribe, IPv_Type: ipv6, Location: 中国, ISP: 中国移动, Date: None, Delay: -1 ms, Speed: 0.00 M/s, Resolution: None
Name: 黑莓电影, URL: https://epg.pw/stream/ffcb6572863f0745a7369fbd9d901f1dfd0ab8fab8bad8bebb4e01c90b303c47.m3u8, From: subscribe, IPv_Type: ipv6, Location: 美国, ISP: CloudFlare Inc., Date: None, Delay: -1 ms, Speed: 0.00 M/s, Resolution: None
Name: 黑莓电影, URL: http://[2409:8087:1a01:df::4001]:80/TVOD/88888888/224/3221225681/main.m3u8, From: subscribe, IPv_Type: ipv6, Location: 中国, ISP: 中国移动, Date: None, Delay: -1 ms, Speed: 0.00 M/s, Resolution: None
Name: 黑莓电影, URL: http://[2409:8087:1a01:df::4077]:80/ottrrs.hl.chinamobile.com/PLTV/88888888/224/3221225666/index.m3u8, From: subscribe, IPv_Type: ipv6, Location: 中国, ISP: 中国移动, Date: None, Delay: -1 ms, Speed: 0.00 M/s, Resolution: None
Name: 黑莓电影, URL: https://fenghuang.tv12.xyz/29.m3u8, From: subscribe, IPv_Type: ipv6, Location: 美国, ISP: CloudFlare Inc., Date: None, Delay: -1 ms, Speed: 0.00 M/s, Resolution: None
Name: 黑莓电影, URL: http://sxydajtvlive.sx.chinamobile.com/PLTV/-/224/3221225775/1.m3u8, From: subscribe, IPv_Type: ipv6, Location: 中国, ISP: 中国移动, Date: None, Delay: -1 ms, Speed: 0.00 M/s, Resolution: None
Name: 黑莓电影, URL: http://hwltc.tv.cdn.zj.chinamobile.com/PLTV/88888888/224/3221236248/index.m3u8, From: subscribe, IPv_Type: ipv6, Location: 中国, ISP: 中国移动, Date: None, Delay: -1 ms, Speed: 0.00 M/s, Resolution: None
Name: 纬来电影, URL: https://smt.iktv.ddns-ip.net/Smart.php?id=videolandmovie, From: None, IPv_Type: ipv6, Location: 美国, ISP: CloudFlare Inc., Date: None, Delay: -1 ms, Speed: 0.00 M/s, Resolution: None
Name: 纬来电影, URL: https://stream1.freetv.fun/wei-lai-dian-ying-1.m3u8, From: subscribe, IPv_Type: ipv6, Location: 美国, ISP: CloudFlare Inc., Date: None, Delay: -1 ms, Speed: 0.00 M/s, Resolution: None
Name: 纬来电影, URL: https://hls-gateway.vpstv.net/streams/477063.m3u8, From: subscribe, IPv_Type: ipv6, Location: 美国, ISP: CloudFlare Inc., Date: None, Delay: -1 ms, Speed: 0.00 M/s, Resolution: None
Name: 纬来电影, URL: https://smart.pendy.dpdns.org/Smart.php?id=videolandmovie, From: subscribe, IPv_Type: ipv6, Location: 美国, ISP: CloudFlare Inc., Date: None, Delay: -1 ms, Speed: 0.00 M/s, Resolution: None
Name: 纬来电影, URL: http://pullpackage.alivecdn.com/live/LIjQbqWr0oCfwR6SjWMVXyUh5m1qsJgqORFprvbBloK6NfqVBD.flv, From: subscribe, IPv_Type: ipv6, Location: 美国-加利福尼亚州-洛杉矶, ISP: Level3, Date: None, Delay: -1 ms, Speed: 0.00 M/s, Resolution: None
Name: 纬来电影, URL: https://live.catvod.com/catvod_com.php?id=videolandmovie, From: subscribe, IPv_Type: ipv6, Location: 美国, ISP: CloudFlare Inc., Date: None, Delay: -1 ms, Speed: 0.00 M/s, Resolution: None
Name: 纬来电影, URL: http://live.catvod.com/smart.php?id=videolandmovie, From: subscribe, IPv_Type: ipv6, Location: 美国, ISP: CloudFlare Inc., Date: None, Delay: -1 ms, Speed: 0.00 M/s, Resolution: None
Name: 纬来电影, URL: http://jp.809899.xyz/smt.php?id=videolandmovie, From: subscribe, IPv_Type: ipv6, Location: 美国, ISP: CloudFlare Inc., Date: None, Delay: -1 ms, Speed: 0.00 M/s, Resolution: None
Name: 纬来电影, URL: http://php.666230.xyz/smt.php?id=videolandmovie, From: subscribe, IPv_Type: ipv6, Location: 美国, ISP: CloudFlare Inc., Date: None, Delay: -1 ms, Speed: 0.00 M/s, Resolution: None
Name: 纬来电影, URL: https://smt.858.qzz.io/Smart.php?id=videolandmovie, From: subscribe, IPv_Type: ipv6, Location: 美国, ISP: CloudFlare Inc., Date: None, Delay: -1 ms, Speed: 0.00 M/s, Resolution: None
Name: 纬来电影, URL: https://smt.go-iptv.ggff.net/smart.php?id=videolandmovie&token=Goiptv, From: subscribe, IPv_Type: ipv6, Location: 美国, ISP: CloudFlare Inc., Date: None, Delay: -1 ms, Speed: 0.00 M/s, Resolution: None
Name: 纬来电影, URL: https://tv.iill.top/x/wldy&token=886bce813f2cd4e37742d034db073fb39288ecfa7b0e43b20307dd9a2b2d0bdc, From: subscribe, IPv_Type: ipv6, Location: 美国, ISP: CloudFlare Inc., Date: None, Delay: -1 ms, Speed: 0.00 M/s, Resolution: None
Name: 纬来电影, URL: https://hls.iill.top/api/wldy/index.m3u8, From: subscribe, IPv_Type: ipv6, Location: 美国, ISP: CloudFlare Inc., Date: None, Delay: -1 ms, Speed: 0.00 M/s, Resolution: None
Name: 纬来电影, URL: https://t.freetv.fun/live/wei-lai-dian-ying-1.php, From: subscribe, IPv_Type: ipv6, Location: 美国, ISP: CloudFlare Inc., Date: None, Delay: -1 ms, Speed: 0.00 M/s, Resolution: None
Name: 靖天映画, URL: https://hls-gateway.vpstv.net/streams/476302.m3u8, From: subscribe, IPv_Type: ipv6, Location: 美国, ISP: CloudFlare Inc., Date: None, Delay: -1 ms, Speed: 0.00 M/s, Resolution: None
Name: 靖天映画, URL: http://pullpackage.alivecdn.com/live/hTZYTLKukHNqDnshCwsOBdnFoZs5a4UeCJ396iYBSzJGOEv6kg.flv, From: subscribe, IPv_Type: ipv6, Location: 美国-加利福尼亚州-洛杉矶, ISP: Level3, Date: None, Delay: -1 ms, Speed: 0.00 M/s, Resolution: None
Name: 靖天映画, URL: http://breezy-audrie-zspace-7524863c.koyeb.app/vipsir?token=leifeng&id=4gtv-4gtv055, From: subscribe, IPv_Type: ipv6, Location: 美国, ISP: CloudFlare Inc., Date: None, Delay: -1 ms, Speed: 0.00 M/s, Resolution: None
Name: 靖天映画, URL: https://4gtv.dxjc.pp.ua/li-4gtv-4gtv055/index.m3u8, From: subscribe, IPv_Type: ipv6, Location: 新加坡, ISP: Aceville Pte.Ltd., Date: None, Delay: -1 ms, Speed: 0.00 M/s, Resolution: None
Name: 靖天映画, URL: https://mao.ffmking888.dpdns.org/?id=6Z2W5aSp5pig55Wr&auth=30234cedf871581989d3c91a3daec1e9f50e024aafcfa2247e7d44d91bb8d02fbc3f571b2d67f9d82642cc1d0f133d89, From: subscribe, IPv_Type: ipv6, Location: 美国, ISP: CloudFlare Inc., Date: None, Delay: -1 ms, Speed: 0.00 M/s, Resolution: None
Name: 靖天映画, URL: https://tmxk.pp.ua/litv.php?token=tmxk&id=4gtv-4gtv055, From: subscribe, IPv_Type: ipv6, Location: 美国, ISP: Oracle Corporation, Date: None, Delay: -1 ms, Speed: 0.00 M/s, Resolution: None
Name: 靖天映画, URL: https://cdn12.178.indevs.in/163189/bd4752bd7828b2bf, From: subscribe, IPv_Type: ipv6, Location: 美国, ISP: CloudFlare Inc., Date: None, Delay: -1 ms, Speed: 0.00 M/s, Resolution: None
Name: 靖天映画, URL: https://litv.tzh911.qzz.io/litv.php?id=4gtv-4gtv055&token=https://t.me/GPT_858, From: subscribe, IPv_Type: ipv6, Location: 美国, ISP: CloudFlare Inc., Date: None, Delay: -1 ms, Speed: 0.00 M/s, Resolution: None
Name: 靖天戏剧, URL: http://serv00.bkpcp.top/litv3.php?id=4gtv-4gtv058, From: subscribe, IPv_Type: ipv6, Location: 美国, ISP: CloudFlare Inc., Date: None, Delay: -1 ms, Speed: 0.00 M/s, Resolution: None
Name: 靖天戏剧, URL: http://pullpackage.alivecdn.com/live/pU4fD0cP0dx6iXknYRcEzuZOQ6P6z5FsZ9KvAOPGsBry6iYBSe.flv, From: subscribe, IPv_Type: ipv6, Location: 美国-加利福尼亚州-洛杉矶, ISP: Level3, Date: None, Delay: -1 ms, Speed: 0.00 M/s, Resolution: None
Name: 靖天戏剧, URL: https://stream1.freetv.fun/jing-tian-xi-ju-4.ctv, From: subscribe, IPv_Type: ipv6, Location: 美国, ISP: CloudFlare Inc., Date: None, Delay: -1 ms, Speed: 0.00 M/s, Resolution: None
Name: 靖天戏剧, URL: http://breezy-audrie-zspace-7524863c.koyeb.app/vipsir?token=leifeng&id=4gtv-4gtv058, From: subscribe, IPv_Type: ipv6, Location: 美国, ISP: CloudFlare Inc., Date: None, Delay: -1 ms, Speed: 0.00 M/s, Resolution: None
Name: 靖天戏剧, URL: https://mao.ffmking888.dpdns.org/?id=6Z2W5aSp5oiy5YqH5Yaw&auth=30234cedf871581989d3c91a3daec1e9f50e024aafcfa2247e7d44d91bb8d02fbc3f571b2d67f9d82642cc1d0f133d89, From: subscribe, IPv_Type: ipv6, Location: 美国, ISP: CloudFlare Inc., Date: None, Delay: -1 ms, Speed: 0.00 M/s, Resolution: None
Name: 靖天戏剧, URL: https://tmxk.pp.ua/litv.php?token=tmxk&id=4gtv-4gtv058, From: subscribe, IPv_Type: ipv6, Location: 美国, ISP: Oracle Corporation, Date: None, Delay: -1 ms, Speed: 0.00 M/s, Resolution: None
Name: 靖天戏剧, URL: https://t.freetv.fun/live/jing-tian-xi-ju-11.m3u8, From: subscribe, IPv_Type: ipv6, Location: 美国, ISP: CloudFlare Inc., Date: None, Delay: -1 ms, Speed: 0.00 M/s, Resolution: None
Name: 靖天戏剧, URL: https://cdn12.178.indevs.in/163189/177d541552f78003, From: subscribe, IPv_Type: ipv6, Location: 美国, ISP: CloudFlare Inc., Date: None, Delay: -1 ms, Speed: 0.00 M/s, Resolution: None
Name: 靖天戏剧, URL: https://litv.tzh911.qzz.io/litv.php?id=4gtv-4gtv058&token=https://t.me/GPT_858, From: subscribe, IPv_Type: ipv6, Location: 美国, ISP: CloudFlare Inc., Date: None, Delay: -1 ms, Speed: 0.00 M/s, Resolution: None
Name: 经典电影, URL: https://mursor.ottiptv.cc/yy/1356363815, From: subscribe, IPv_Type: ipv6, Location: 美国-新泽西州-巴赛克, ISP: DigitalOcean, Date: None, Delay: -1 ms, Speed: 0.00 M/s, Resolution: None
Name: 经典电影, URL: https://tv.iill.top/4gtv/201, From: subscribe, IPv_Type: ipv6, Location: 美国, ISP: CloudFlare Inc., Date: None, Delay: -1 ms, Speed: 0.00 M/s, Resolution: None
Name: 经典电影, URL: https://stream1.freetv.fun/jing-dian-dian-ying-15.ctv, From: subscribe, IPv_Type: ipv6, Location: 美国, ISP: CloudFlare Inc., Date: None, Delay: -1 ms, Speed: 0.00 M/s, Resolution: None
Name: 经典电影, URL: https://yylunbo.ottiptv.cc/yy/1414812324, From: subscribe, IPv_Type: ipv6, Location: 美国, ISP: CloudFlare Inc., Date: None, Delay: -1 ms, Speed: 0.00 M/s, Resolution: None
Name: IPTV经典电影, URL: http://tnvcn.com:8012/rtp/239.3.1.195:9024, From: subscribe, IPv_Type: ipv4, Location: 中国-北京-北京, ISP: 联通, Date: None, Delay: 506 ms, Speed: 0.02 M/s, Resolution: 1920x1080
Name: IPTV经典电影, URL: http://183.220.107.138:4022/rtp/239.10.0.122:5140, From: subscribe, IPv_Type: ipv4, Location: 中国-四川-成都, ISP: 移动, Date: None, Delay: 512 ms, Speed: 0.01 M/s, Resolution: 1920x1080
Name: 天映经典, URL: http://frus7.jdiptv.cc/live/xgtyjdgy.m3u8kdstime=1743869071&kdssign=3f092afa312e4f7baae83a964e07bf1a, From: subscribe, IPv_Type: ipv6, Location: 美国, ISP: CloudFlare Inc., Date: None, Delay: -1 ms, Speed: 0.00 M/s, Resolution: None
Name: 天映经典, URL: http://fr-us7.jdiptv.cc/live/xgtyjdgy.m3u8, From: subscribe, IPv_Type: ipv6, Location: 美国, ISP: CloudFlare Inc., Date: None, Delay: -1 ms, Speed: 0.00 M/s, Resolution: None
Name: 天映经典, URL: https://smt.1789.dpdns.org/smt3.2.1.php, From: subscribe, IPv_Type: ipv6, Location: 美国, ISP: CloudFlare Inc., Date: None, Delay: -1 ms, Speed: 0.00 M/s, Resolution: None
Name: 天映经典, URL: http://php.jdshipin.com:8880/smt.php?id=Celestial2, From: subscribe, IPv_Type: ipv6, Location: 美国, ISP: CloudFlare Inc., Date: None, Delay: -1 ms, Speed: 0.00 M/s, Resolution: None
Name: 天映经典, URL: https://100.061833.xyz/stream/mytv/null-1/stream.m3u8, From: subscribe, IPv_Type: ipv6, Location: 美国, ISP: CloudFlare Inc., Date: None, Delay: -1 ms, Speed: 0.00 M/s, Resolution: None
Name: 天映经典, URL: https://stream1.freetv.fun/tian-ying-jing-dian-5.m3u8, From: subscribe, IPv_Type: ipv6, Location: 美国, ISP: CloudFlare Inc., Date: None, Delay: -1 ms, Speed: 0.00 M/s, Resolution: None
Name: 天映经典, URL: https://migu.188766.xyz/?migutoken=3637f4ae3861b554c9b368728cc8b391&id=Celestial2&type=dy, From: subscribe, IPv_Type: ipv6, Location: 美国, ISP: CloudFlare Inc., Date: None, Delay: -1 ms, Speed: 0.00 M/s, Resolution: None
Name: 天映经典, URL: https://hls-gateway.vpstv.net/streams/709488.m3u8, From: subscribe, IPv_Type: ipv6, Location: 美国, ISP: CloudFlare Inc., Date: None, Delay: -1 ms, Speed: 0.00 M/s, Resolution: None
Name: 天映经典, URL: https://epg.pw/stream/cb817875cf26eb683af274dd8cdf7f559a71353d9565c32447c8d98894bc8095.ctv, From: subscribe, IPv_Type: ipv6, Location: 美国, ISP: CloudFlare Inc., Date: None, Delay: -1 ms, Speed: 0.00 M/s, Resolution: None
Name: 天映经典, URL: http://tl.061833.xyz/tl/null-1, From: subscribe, IPv_Type: ipv6, Location: 美国, ISP: CloudFlare Inc., Date: None, Delay: -1 ms, Speed: 0.00 M/s, Resolution: None
Name: 天映经典, URL: https://cdn9.163189.xyz/smt1.1.php?id=Celestial2, From: subscribe, IPv_Type: ipv6, Location: 美国, ISP: CloudFlare Inc., Date: None, Delay: -1 ms, Speed: 0.00 M/s, Resolution: None
Name: 天映经典, URL: https://live.catvod.com/live.php?id=Celestial2&token=75648996c752c53e0bed7d6c1a3533696fd3abe25bff5871b4f18b3a1df5b983%3A1760231823%3AMTcyLjIxMi4xNjUuNjc%3D, From: subscribe, IPv_Type: ipv6, Location: 美国, ISP: CloudFlare Inc., Date: None, Delay: -1 ms, Speed: 0.00 M/s, Resolution: None
Name: 天映经典, URL: https://smt.1678520.xyz/smt3.2.1.php?id=Celestial2, From: subscribe, IPv_Type: ipv6, Location: 美国, ISP: CloudFlare Inc., Date: None, Delay: -1 ms, Speed: 0.00 M/s, Resolution: None
Name: 天映经典, URL: http://free.cnlive.club/channel/n7e49c99a.m3u8?q=111.170.171.148, From: subscribe, IPv_Type: ipv6, Location: 美国, ISP: CloudFlare Inc., Date: None, Delay: -1 ms, Speed: 0.00 M/s, Resolution: None
Name: 天映经典, URL: https://smt.858.qzz.io/Smart.php?id=Celestial2, From: subscribe, IPv_Type: ipv6, Location: 美国, ISP: CloudFlare Inc., Date: None, Delay: -1 ms, Speed: 0.00 M/s, Resolution: None
Name: 天映经典, URL: https://smt.go-iptv.ggff.net/smart.php?id=Celestial2&token=Goiptv, From: subscribe, IPv_Type: ipv6, Location: 美国, ISP: CloudFlare Inc., Date: None, Delay: -1 ms, Speed: 0.00 M/s, Resolution: None
Name: 天映经典, URL: http://smt.veryfast.filegear-sg.me/smt3.2.1.php?id=Celestial2, From: subscribe, IPv_Type: ipv6, Location: 新加坡, ISP: Aceville Pte.Ltd., Date: None, Delay: -1 ms, Speed: 0.00 M/s, Resolution: None
Name: 天映经典, URL: http://cdn10.163189.xyz/163189/ccm, From: subscribe, IPv_Type: ipv6, Location: 美国, ISP: CloudFlare Inc., Date: None, Delay: -1 ms, Speed: 0.00 M/s, Resolution: None
Name: 天映经典, URL: https://o11.163189.xyz/stream/live/ccm/, From: subscribe, IPv_Type: ipv6, Location: 美国, ISP: CloudFlare Inc., Date: None, Delay: -1 ms, Speed: 0.00 M/s, Resolution: None
Name: 天映经典, URL: https://cdn10.163189.xyz/stream/163189/ccm/, From: subscribe, IPv_Type: ipv6, Location: 美国, ISP: CloudFlare Inc., Date: None, Delay: -1 ms, Speed: 0.00 M/s, Resolution: None
Name: 天映经典, URL: http://o11.163189.xyz/stream/live/ccm/, From: subscribe, IPv_Type: ipv6, Location: 美国, ISP: CloudFlare Inc., Date: None, Delay: -1 ms, Speed: 0.00 M/s, Resolution: None
Name: 天映经典, URL: https://php.jdshipin.com:2096/smt.php?id=Celestial2, From: subscribe, IPv_Type: ipv6, Location: 美国, ISP: CloudFlare Inc., Date: None, Delay: -1 ms, Speed: 0.00 M/s, Resolution: None
Name: 无线星河, URL: https://smt.1789.dpdns.org/smt3.2.1.php, From: subscribe, IPv_Type: ipv6, Location: 美国, ISP: CloudFlare Inc., Date: None, Delay: -1 ms, Speed: 0.00 M/s, Resolution: None
Name: 无线星河, URL: http://cdn9.163189.xyz/smt1.1.php, From: subscribe, IPv_Type: ipv6, Location: 美国, ISP: CloudFlare Inc., Date: None, Delay: -1 ms, Speed: 0.00 M/s, Resolution: None
Name: 无线星河, URL: http://php.jdshipin.com:8880/TVOD/iptv.php, From: subscribe, IPv_Type: ipv6, Location: 美国, ISP: CloudFlare Inc., Date: None, Delay: -1 ms, Speed: 0.00 M/s, Resolution: None
Name: 无线星河, URL: http://v2h.jdshipin.com/xinghe_1/xinghe_1.stream/chunklist_w106.m3u8, From: subscribe, IPv_Type: ipv6, Location: 美国, ISP: CloudFlare Inc., Date: None, Delay: -1 ms, Speed: 0.00 M/s, Resolution: None
Name: 无线星河, URL: http://tl.061833.xyz/tl/null-7, From: subscribe, IPv_Type: ipv6, Location: 美国, ISP: CloudFlare Inc., Date: None, Delay: -1 ms, Speed: 0.00 M/s, Resolution: None
Name: 无线星河, URL: https://cdn6.101.qzz.io/163189/tvbxh, From: subscribe, IPv_Type: ipv6, Location: 美国, ISP: CloudFlare Inc., Date: None, Delay: -1 ms, Speed: 0.00 M/s, Resolution: None
Name: 无线星河, URL: https://smt.1678520.xyz/smt3.2.1.php?id=Xinhe, From: subscribe, IPv_Type: ipv6, Location: 美国, ISP: CloudFlare Inc., Date: None, Delay: -1 ms, Speed: 0.00 M/s, Resolution: None
Name: 无线星河, URL: https://cdn9.163189.xyz/smt3.1.1.php?id=Xinhe, From: subscribe, IPv_Type: ipv6, Location: 美国, ISP: CloudFlare Inc., Date: None, Delay: -1 ms, Speed: 0.00 M/s, Resolution: None
Name: 无线星河, URL: https://cdn6.163189.xyz/163189/tvbxh, From: subscribe, IPv_Type: ipv6, Location: 美国, ISP: CloudFlare Inc., Date: None, Delay: -1 ms, Speed: 0.00 M/s, Resolution: None
Name: 星空卫视, URL: http://wouu.net:9977/udp/239.93.0.156:2193, From: subscribe, IPv_Type: ipv6, Location: 保留地址, ISP: 主机之间的链路本地地址, Date: None, Delay: -1 ms, Speed: 0.00 M/s, Resolution: None
Name: 星空卫视, URL: https://stream1.freetv.fun/xing-kong-wei-shi-11.m3u8, From: subscribe, IPv_Type: ipv6, Location: 美国, ISP: CloudFlare Inc., Date: None, Delay: -1 ms, Speed: 0.00 M/s, Resolution: None
Name: 星空卫视, URL: https://t.freetv.fun/live/xing-kong-wei-shi-1.m3u8, From: subscribe, IPv_Type: ipv6, Location: 美国, ISP: CloudFlare Inc., Date: None, Delay: -1 ms, Speed: 0.00 M/s, Resolution: None
Name: 东森电影, URL: https://smt.iktv.ddns-ip.net/Smart.php, From: subscribe, IPv_Type: ipv6, Location: 美国, ISP: CloudFlare Inc., Date: None, Delay: -1 ms, Speed: 0.00 M/s, Resolution: None
Name: 东森电影, URL: https://hls-gateway.vpstv.net/streams/476995.m3u8, From: subscribe, IPv_Type: ipv6, Location: 美国, ISP: CloudFlare Inc., Date: None, Delay: -1 ms, Speed: 0.00 M/s, Resolution: None
Name: 东森电影, URL: https://stream1.freetv.fun/dong-sen-dian-ying-6.ctv, From: subscribe, IPv_Type: ipv6, Location: 美国, ISP: CloudFlare Inc., Date: None, Delay: -1 ms, Speed: 0.00 M/s, Resolution: None
Name: 龙祥电影, URL: https://smt.iktv.ddns-ip.net/Smart.php, From: subscribe, IPv_Type: ipv6, Location: 美国, ISP: CloudFlare Inc., Date: None, Delay: -1 ms, Speed: 0.00 M/s, Resolution: None
Name: 龙祥电影, URL: https://smt.858.qzz.io/Smart.php?id=lungxiangtime_twn, From: subscribe, IPv_Type: ipv6, Location: 美国, ISP: CloudFlare Inc., Date: None, Delay: -1 ms, Speed: 0.00 M/s, Resolution: None
Name: 龙祥电影, URL: https://smt.go-iptv.ggff.net/smart.php?id=lungxiangtime_twn&token=Goiptv, From: subscribe, IPv_Type: ipv6, Location: 美国, ISP: CloudFlare Inc., Date: None, Delay: -1 ms, Speed: 0.00 M/s, Resolution: None
Name: 东森洋片, URL: https://smt.iktv.ddns-ip.net/Smart.php, From: subscribe, IPv_Type: ipv6, Location: 美国, ISP: CloudFlare Inc., Date: None, Delay: -1 ms, Speed: 0.00 M/s, Resolution: None
Name: 东森洋片, URL: https://stream1.freetv.fun/dong-sen-yang-pian-3.m3u8, From: subscribe, IPv_Type: ipv6, Location: 美国, ISP: CloudFlare Inc., Date: None, Delay: -1 ms, Speed: 0.00 M/s, Resolution: None
Name: 东森洋片, URL: https://hls-gateway.vpstv.net/streams/476997.m3u8, From: subscribe, IPv_Type: ipv6, Location: 美国, ISP: CloudFlare Inc., Date: None, Delay: -1 ms, Speed: 0.00 M/s, Resolution: None
Name: 东森洋片, URL: http://pullpackage.alivecdn.com/live/kik9tNVo2R9KMDD687bFX3vtLMD4Lwg69y94g8XKH40P1BOa5U.flv, From: subscribe, IPv_Type: ipv6, Location: 美国-加利福尼亚州-洛杉矶, ISP: Level3, Date: None, Delay: -1 ms, Speed: 0.00 M/s, Resolution: None
Name: 东森洋片, URL: https://live.catvod.com/catvod_com.php?id=ettvwestern, From: subscribe, IPv_Type: ipv6, Location: 美国, ISP: CloudFlare Inc., Date: None, Delay: -1 ms, Speed: 0.00 M/s, Resolution: None
Name: 东森洋片, URL: http://live.catvod.com/smart.php?id=ettvwestern, From: subscribe, IPv_Type: ipv6, Location: 美国, ISP: CloudFlare Inc., Date: None, Delay: -1 ms, Speed: 0.00 M/s, Resolution: None
Name: 东森洋片, URL: http://jp.809899.xyz/smt.php?id=ettvwestern, From: subscribe, IPv_Type: ipv6, Location: 美国, ISP: CloudFlare Inc., Date: None, Delay: -1 ms, Speed: 0.00 M/s, Resolution: None
Name: 东森洋片, URL: http://php.666230.xyz/smt.php?id=ettvwestern, From: subscribe, IPv_Type: ipv6, Location: 美国, ISP: CloudFlare Inc., Date: None, Delay: -1 ms, Speed: 0.00 M/s, Resolution: None
Name: 东森洋片, URL: https://smt.go-iptv.ggff.net/smart.php?id=ettvwestern&token=Goiptv, From: subscribe, IPv_Type: ipv6, Location: 美国, ISP: CloudFlare Inc., Date: None, Delay: -1 ms, Speed: 0.00 M/s, Resolution: None
Name: 东森洋片, URL: https://smt.858.qzz.io/Smart.php?id=ettvwestern, From: subscribe, IPv_Type: ipv6, Location: 美国, ISP: CloudFlare Inc., Date: None, Delay: -1 ms, Speed: 0.00 M/s, Resolution: None
Name: 东森洋片, URL: https://tv.iill.top/x/dsyp, From: subscribe, IPv_Type: ipv6, Location: 美国, ISP: CloudFlare Inc., Date: None, Delay: -1 ms, Speed: 0.00 M/s, Resolution: None
Name: 东森洋片, URL: https://hls.iill.top/api/dsyp/index.m3u8, From: subscribe, IPv_Type: ipv6, Location: 美国, ISP: CloudFlare Inc., Date: None, Delay: -1 ms, Speed: 0.00 M/s, Resolution: None
Name: 东森洋片, URL: http://kaniptv.com/xz/xz_f09181ac93/wwkds.php?id=dsyp, From: subscribe, IPv_Type: ipv6, Location: 美国, ISP: CloudFlare Inc., Date: None, Delay: -1 ms, Speed: 0.00 M/s, Resolution: None
Name: 东森超视, URL: https://smart.pendy.dpdns.org/Smart.php?id=ettvsuper, From: subscribe, IPv_Type: ipv6, Location: 美国, ISP: CloudFlare Inc., Date: None, Delay: -1 ms, Speed: 0.00 M/s, Resolution: None
Name: 东森超视, URL: https://hls-gateway.vpstv.net/streams/476234.m3u8, From: subscribe, IPv_Type: ipv6, Location: 美国, ISP: CloudFlare Inc., Date: None, Delay: -1 ms, Speed: 0.00 M/s, Resolution: None
Name: 东森超视, URL: https://stream1.freetv.fun/dong-sen-chao-shi-9.m3u8, From: subscribe, IPv_Type: ipv6, Location: 美国, ISP: CloudFlare Inc., Date: None, Delay: -1 ms, Speed: 0.00 M/s, Resolution: None
Name: 文化精品, URL: http://n1.gzbody.com:85/rtp/239.253.43.13:5146, From: subscribe, IPv_Type: ipv6, Location: 中国, ISP: 中国电信, Date: None, Delay: -1 ms, Speed: 0.00 M/s, Resolution: None
Name: 文化精品, URL: https://hls-gateway.vpstv.net/streams/708832.m3u8, From: subscribe, IPv_Type: ipv6, Location: 美国, ISP: CloudFlare Inc., Date: None, Delay: -1 ms, Speed: 0.00 M/s, Resolution: None
Name: 文化精品, URL: http://iptv.666230.xyz/iptv/jsyd.php/G_CCTV-WENHUA-CQ, From: subscribe, IPv_Type: ipv6, Location: 美国, ISP: CloudFlare Inc., Date: None, Delay: -1 ms, Speed: 0.00 M/s, Resolution: None
Name: 文化精品, URL: http://www.qfly9236.cn:8888/rtp/239.253.92.25:6104, From: subscribe, IPv_Type: ipv6, Location: 中国, ISP: 中国联通, Date: None, Delay: -1 ms, Speed: 0.00 M/s, Resolution: None
Name: 文化精品, URL: http://207.56.13.146:81/cdnlive/ysjp.m3u8, From: subscribe, IPv_Type: ipv4, Location: 美国-科罗拉多州, ISP: NTT(美国)通信公司, Date: None, Delay: 644 ms, Speed: 3.18 M/s, Resolution: 1920x1080
Name: 央视台球, URL: http://n1.gzbody.com:85/rtp/239.253.43.11:5146, From: subscribe, IPv_Type: ipv6, Location: 中国, ISP: 中国电信, Date: None, Delay: -1 ms, Speed: 0.00 M/s, Resolution: None
Name: 央视台球, URL: https://hls-gateway.vpstv.net/streams/708855.m3u8, From: subscribe, IPv_Type: ipv6, Location: 美国, ISP: CloudFlare Inc., Date: None, Delay: -1 ms, Speed: 0.00 M/s, Resolution: None
Name: 央视台球, URL: https://epg.pw/stream/25677ac2e8c1f7c3dd6359c43eb5f0f54efb3f5c11f9dda18d01b3e0308ed017.m3u8, From: subscribe, IPv_Type: ipv6, Location: 美国, ISP: CloudFlare Inc., Date: None, Delay: -1 ms, Speed: 0.00 M/s, Resolution: None
Name: 央视台球, URL: http://www.qfly9236.cn:8888/rtp/239.253.93.231:6409, From: subscribe, IPv_Type: ipv6, Location: 中国, ISP: 中国联通, Date: None, Delay: -1 ms, Speed: 0.00 M/s, Resolution: None
Name: 央视台球, URL: http://207.56.13.146:81/cdnlive/ystq.m3u8, From: subscribe, IPv_Type: ipv4, Location: 美国-科罗拉多州, ISP: NTT(美国)通信公司, Date: None, Delay: 660 ms, Speed: 6.73 M/s, Resolution: 1920x1080
Name: 风云音乐, URL: http://n1.gzbody.com:85/rtp/239.253.43.29:5146, From: subscribe, IPv_Type: ipv6, Location: 中国, ISP: 中国电信, Date: None, Delay: -1 ms, Speed: 0.00 M/s, Resolution: None
Name: 风云音乐, URL: https://hls-gateway.vpstv.net/streams/708858.m3u8, From: subscribe, IPv_Type: ipv6, Location: 美国, ISP: CloudFlare Inc., Date: None, Delay: -1 ms, Speed: 0.00 M/s, Resolution: None
Name: 风云音乐, URL: http://jk55269942.myqnapcloud.com:4022/rtp/239.49.8.92:8000, From: subscribe, IPv_Type: ipv6, Location: 中国, ISP: 中国联通, Date: None, Delay: -1 ms, Speed: 0.00 M/s, Resolution: None
Name: 风云音乐, URL: http://zcb.myds.me:10001/rtp/239.49.8.92:8000, From: subscribe, IPv_Type: ipv6, Location: 中国, ISP: 中国电信, Date: None, Delay: -1 ms, Speed: 0.00 M/s, Resolution: None
Name: 风云音乐, URL: http://iptv.666230.xyz/iptv/jsyd.php/G_FENGYUNYY-CQ, From: subscribe, IPv_Type: ipv6, Location: 美国, ISP: CloudFlare Inc., Date: None, Delay: -1 ms, Speed: 0.00 M/s, Resolution: None
Name: 风云音乐, URL: http://www.qfly9236.cn:8888/rtp/239.253.92.111:8060, From: subscribe, IPv_Type: ipv6, Location: 中国, ISP: 中国联通, Date: None, Delay: -1 ms, Speed: 0.00 M/s, Resolution: None
Name: 风云音乐, URL: https://t.freetv.fun/live/cctvfeng-yun-yin-le.php, From: subscribe, IPv_Type: ipv6, Location: 美国, ISP: CloudFlare Inc., Date: None, Delay: -1 ms, Speed: 0.00 M/s, Resolution: None
Name: 风云音乐, URL: https://live.264788.xyz/channel/fengyunyinyue?streamid=be37d16b874e7ba11dd383d7ecd75752&livekey=01WgOR41rriMmMkzNsd0UoaxJRwetZdxIvtVk, From: subscribe, IPv_Type: ipv4, Location: 美国, ISP: CloudFlare节点, Date: None, Delay: 2247 ms, Speed: 7.58 M/s, Resolution: 1920x1080
Name: 风云音乐, URL: http://107.150.60.122/live/fyyy.m3u8, From: subscribe, IPv_Type: ipv4, Location: 美国-密苏里州-杰克逊县, ISP: NOCIX数据中心, Date: None, Delay: 639 ms, Speed: 6.05 M/s, Resolution: 1920x1080
Name: 风云音乐, URL: http://207.56.13.146:81/cdnlive/fyyy.m3u8, From: subscribe, IPv_Type: ipv4, Location: 美国-科罗拉多州, ISP: NTT(美国)通信公司, Date: None, Delay: 1055 ms, Speed: 4.05 M/s, Resolution: 1920x1080
Name: 第一剧场, URL: https://100.061833.xyz/stream/mytv/null-6/stream.m3u8?uid=2190244325&u=hahayy&p=29624e2e4c4ccee26ed8f3e0ca1012ea57a8f2191be6149f632250f7036119cc, From: None, IPv_Type: ipv6, Location: 美国, ISP: CloudFlare Inc., Date: None, Delay: -1 ms, Speed: 0.00 M/s, Resolution: None
Name: 第一剧场, URL: http://tl.061833.xyz/tl/null-6, From: subscribe, IPv_Type: ipv6, Location: 美国, ISP: CloudFlare Inc., Date: None, Delay: -1 ms, Speed: 0.00 M/s, Resolution: None
Name: 第一剧场, URL: http://n1.gzbody.com:85/rtp/239.253.43.15:5146, From: subscribe, IPv_Type: ipv6, Location: 中国, ISP: 中国电信, Date: None, Delay: -1 ms, Speed: 0.00 M/s, Resolution: None
Name: 第一剧场, URL: https://epg.pw/stream/6d7bf281e3d739806a73f5373acaa6e01988ec9739f5ac1355ce54b47a928472.m3u8, From: subscribe, IPv_Type: ipv6, Location: 美国, ISP: CloudFlare Inc., Date: None, Delay: -1 ms, Speed: 0.00 M/s, Resolution: None
Name: 第一剧场, URL: https://hls-gateway.vpstv.net/streams/708862.m3u8, From: subscribe, IPv_Type: ipv6, Location: 美国, ISP: CloudFlare Inc., Date: None, Delay: -1 ms, Speed: 0.00 M/s, Resolution: None
Name: 第一剧场, URL: http://cdn.jdshipin.com:8880/huya.php, From: subscribe, IPv_Type: ipv6, Location: 美国, ISP: CloudFlare Inc., Date: None, Delay: -1 ms, Speed: 0.00 M/s, Resolution: None
Name: 第一剧场, URL: http://jk55269942.myqnapcloud.com:4022/rtp/239.49.8.94:8000, From: subscribe, IPv_Type: ipv6, Location: 中国, ISP: 中国联通, Date: None, Delay: -1 ms, Speed: 0.00 M/s, Resolution: None
Name: 第一剧场, URL: http://zcb.myds.me:10001/rtp/239.49.8.94:8000, From: subscribe, IPv_Type: ipv6, Location: 中国, ISP: 中国电信, Date: None, Delay: -1 ms, Speed: 0.00 M/s, Resolution: None
Name: 第一剧场, URL: http://iptv.666230.xyz/iptv/jsyd.php/G_DIYIJC-CQ, From: subscribe, IPv_Type: ipv6, Location: 美国, ISP: CloudFlare Inc., Date: None, Delay: -1 ms, Speed: 0.00 M/s, Resolution: None
Name: 第一剧场, URL: https://t.freetv.fun/live/cctvdi-yi-ju-chang.m3u8, From: subscribe, IPv_Type: ipv6, Location: 美国, ISP: CloudFlare Inc., Date: None, Delay: -1 ms, Speed: 0.00 M/s, Resolution: None
Name: 第一剧场, URL: http://www.qfly9236.cn:8888/rtp/239.253.92.18:6079, From: subscribe, IPv_Type: ipv6, Location: 中国, ISP: 中国联通, Date: None, Delay: -1 ms, Speed: 0.00 M/s, Resolution: None
Name: 第一剧场, URL: https://gd202.tv1288.xyz/tsfile/live/1047_1.m3u8, From: subscribe, IPv_Type: ipv6, Location: 美国, ISP: CloudFlare Inc., Date: None, Delay: -1 ms, Speed: 0.00 M/s, Resolution: None
Name: 第一剧场, URL: http://207.56.13.146:81/cdnlive/dyjc.m3u8, From: subscribe, IPv_Type: ipv4, Location: 美国-科罗拉多州, ISP: NTT(美国)通信公司, Date: None, Delay: 756 ms, Speed: 5.74 M/s, Resolution: 1920x1080
Name: 第一剧场, URL: http://107.150.60.122/live/dyjc.m3u8, From: subscribe, IPv_Type: ipv4, Location: 美国-密苏里州-杰克逊县, ISP: NOCIX数据中心, Date: None, Delay: 1322 ms, Speed: 3.10 M/s, Resolution: 1920x1080
Name: 风云剧场, URL: http://n1.gzbody.com:85/rtp/239.253.43.16:5146, From: subscribe, IPv_Type: ipv6, Location: 中国, ISP: 中国电信, Date: None, Delay: -1 ms, Speed: 0.00 M/s, Resolution: None
Name: 风云剧场, URL: https://hls-gateway.vpstv.net/streams/708861.m3u8, From: subscribe, IPv_Type: ipv6, Location: 美国, ISP: CloudFlare Inc., Date: None, Delay: -1 ms, Speed: 0.00 M/s, Resolution: None
Name: 风云剧场, URL: https://mursor.ottiptv.cc/mcp/fyjc.m3u8?sign=b2f39a8a6bde51405aca53e0ac0f10e9&tm=1757443317, From: subscribe, IPv_Type: ipv6, Location: 美国-新泽西州-巴赛克, ISP: DigitalOcean, Date: None, Delay: -1 ms, Speed: 0.00 M/s, Resolution: None
Name: 风云剧场, URL: http://jk55269942.myqnapcloud.com:4022/rtp/239.49.8.89:8000, From: subscribe, IPv_Type: ipv6, Location: 中国, ISP: 中国联通, Date: None, Delay: -1 ms, Speed: 0.00 M/s, Resolution: None
Name: 风云剧场, URL: http://zcb.myds.me:10001/rtp/239.49.8.89:8000, From: subscribe, IPv_Type: ipv6, Location: 中国, ISP: 中国电信, Date: None, Delay: -1 ms, Speed: 0.00 M/s, Resolution: None
Name: 风云剧场, URL: http://iptv.666230.xyz/iptv/jsyd.php/G_FENGYUNJC-CQ, From: subscribe, IPv_Type: ipv6, Location: 美国, ISP: CloudFlare Inc., Date: None, Delay: -1 ms, Speed: 0.00 M/s, Resolution: None
Name: 风云剧场, URL: http://www.qfly9236.cn:8888/rtp/239.253.92.22:6073, From: subscribe, IPv_Type: ipv6, Location: 中国, ISP: 中国联通, Date: None, Delay: -1 ms, Speed: 0.00 M/s, Resolution: None
Name: 风云剧场, URL: https://gd202.tv1288.xyz/tsfile/live/1049_1.m3u8, From: subscribe, IPv_Type: ipv6, Location: 美国, ISP: CloudFlare Inc., Date: None, Delay: -1 ms, Speed: 0.00 M/s, Resolution: None
Name: 风云剧场, URL: http://207.56.13.146:81/cdnlive/fyjc.m3u8, From: subscribe, IPv_Type: ipv4, Location: 美国-科罗拉多州, ISP: NTT(美国)通信公司, Date: None, Delay: 927 ms, Speed: 4.65 M/s, Resolution: 1920x1080
Name: 怀旧剧场, URL: http://n1.gzbody.com:85/rtp/239.253.43.25:5146, From: subscribe, IPv_Type: ipv6, Location: 中国, ISP: 中国电信, Date: None, Delay: -1 ms, Speed: 0.00 M/s, Resolution: None
Name: 怀旧剧场, URL: https://cc06.tv12.xyz/52.m3u8, From: subscribe, IPv_Type: ipv6, Location: 美国, ISP: CloudFlare Inc., Date: None, Delay: -1 ms, Speed: 0.00 M/s, Resolution: None
Name: 怀旧剧场, URL: https://hls-gateway.vpstv.net/streams/708853.m3u8, From: subscribe, IPv_Type: ipv6, Location: 美国, ISP: CloudFlare Inc., Date: None, Delay: -1 ms, Speed: 0.00 M/s, Resolution: None
Name: 怀旧剧场, URL: https://mursor.ottiptv.cc/mcp/hjjc.m3u8?sign=c1868ff0e1460a7e8031a10c9a7f3ff8&tm=1757443317, From: subscribe, IPv_Type: ipv6, Location: 美国-新泽西州-巴赛克, ISP: DigitalOcean, Date: None, Delay: -1 ms, Speed: 0.00 M/s, Resolution: None
Name: 怀旧剧场, URL: http://jk55269942.myqnapcloud.com:4022/rtp/239.49.8.91:8000, From: subscribe, IPv_Type: ipv6, Location: 中国, ISP: 中国联通, Date: None, Delay: -1 ms, Speed: 0.00 M/s, Resolution: None
Name: 怀旧剧场, URL: http://zcb.myds.me:10001/rtp/239.49.8.91:8000, From: subscribe, IPv_Type: ipv6, Location: 中国, ISP: 中国电信, Date: None, Delay: -1 ms, Speed: 0.00 M/s, Resolution: None
Name: 怀旧剧场, URL: http://iptv.666230.xyz/iptv/jsyd.php/G_HUAIJIUJC-CQ, From: subscribe, IPv_Type: ipv6, Location: 美国, ISP: CloudFlare Inc., Date: None, Delay: -1 ms, Speed: 0.00 M/s, Resolution: None
Name: 怀旧剧场, URL: http://www.qfly9236.cn:8888/rtp/239.253.92.98:6120, From: subscribe, IPv_Type: ipv6, Location: 中国, ISP: 中国联通, Date: None, Delay: -1 ms, Speed: 0.00 M/s, Resolution: None
Name: 怀旧剧场, URL: https://gd202.tv1288.xyz/tsfile/live/1048_1.m3u8, From: subscribe, IPv_Type: ipv6, Location: 美国, ISP: CloudFlare Inc., Date: None, Delay: -1 ms, Speed: 0.00 M/s, Resolution: None
Name: 怀旧剧场, URL: http://207.56.13.146:81/cdnlive/hjjc.m3u8, From: subscribe, IPv_Type: ipv4, Location: 美国-科罗拉多州, ISP: NTT(美国)通信公司, Date: None, Delay: 797 ms, Speed: 5.36 M/s, Resolution: 1920x1080
Name: 怀旧剧场, URL: https://live.264788.xyz/channel/huaijiujuchang?streamid=7e5d1abdddde08f588234f3f640f75ff&livekey=01WgOR41rriMmMkzNsd0UoaxJRwetZdxIvtVk, From: subscribe, IPv_Type: ipv4, Location: 美国, ISP: CloudFlare节点, Date: None, Delay: 4477 ms, Speed: 4.91 M/s, Resolution: 1920x1080
Name: 女性时尚, URL: http://n1.gzbody.com:85/rtp/239.253.43.23:5146, From: subscribe, IPv_Type: ipv6, Location: 中国, ISP: 中国电信, Date: None, Delay: -1 ms, Speed: 0.00 M/s, Resolution: None
Name: 女性时尚, URL: https://cc06.tv12.xyz/95.m3u8, From: subscribe, IPv_Type: ipv6, Location: 美国, ISP: CloudFlare Inc., Date: None, Delay: -1 ms, Speed: 0.00 M/s, Resolution: None
Name: 女性时尚, URL: http://jk55269942.myqnapcloud.com:4022/rtp/239.49.8.93:8000, From: subscribe, IPv_Type: ipv6, Location: 中国, ISP: 中国联通, Date: None, Delay: -1 ms, Speed: 0.00 M/s, Resolution: None
Name: 女性时尚, URL: http://zcb.myds.me:10001/rtp/239.49.8.93:8000, From: subscribe, IPv_Type: ipv6, Location: 中国, ISP: 中国电信, Date: None, Delay: -1 ms, Speed: 0.00 M/s, Resolution: None
Name: 女性时尚, URL: http://iptv.666230.xyz/iptv/jsyd.php/G_NVXINGSS-CQ, From: subscribe, IPv_Type: ipv6, Location: 美国, ISP: CloudFlare Inc., Date: None, Delay: -1 ms, Speed: 0.00 M/s, Resolution: None
Name: 女性时尚, URL: http://www.qfly9236.cn:8888/rtp/239.253.92.249:6103, From: subscribe, IPv_Type: ipv6, Location: 中国, ISP: 中国联通, Date: None, Delay: -1 ms, Speed: 0.00 M/s, Resolution: None
Name: 女性时尚, URL: http://207.56.13.146:81/cdnlive/nxss.m3u8, From: subscribe, IPv_Type: ipv4, Location: 美国-科罗拉多州, ISP: NTT(美国)通信公司, Date: None, Delay: 1079 ms, Speed: 2.18 M/s, Resolution: 1920x1080
Name: 高尔夫网球, URL: http://n1.gzbody.com:85/rtp/239.253.43.12:5146, From: subscribe, IPv_Type: ipv6, Location: 中国, ISP: 中国电信, Date: None, Delay: -1 ms, Speed: 0.00 M/s, Resolution: None
Name: 高尔夫网球, URL: https://hls-gateway.vpstv.net/streams/708857.m3u8, From: subscribe, IPv_Type: ipv6, Location: 美国, ISP: CloudFlare Inc., Date: None, Delay: -1 ms, Speed: 0.00 M/s, Resolution: None
Name: 高尔夫网球, URL: http://iptv.666230.xyz/iptv/jsyd.php/G_CCTV-GOLF-CQ, From: subscribe, IPv_Type: ipv6, Location: 美国, ISP: CloudFlare Inc., Date: None, Delay: -1 ms, Speed: 0.00 M/s, Resolution: None
Name: 高尔夫网球, URL: http://www.qfly9236.cn:8888/rtp/239.253.92.117:8062, From: subscribe, IPv_Type: ipv6, Location: 中国, ISP: 中国联通, Date: None, Delay: -1 ms, Speed: 0.00 M/s, Resolution: None
Name: 风云足球, URL: http://n1.gzbody.com:85/rtp/239.253.43.14:5146, From: subscribe, IPv_Type: ipv6, Location: 中国, ISP: 中国电信, Date: None, Delay: -1 ms, Speed: 0.00 M/s, Resolution: None
Name: 风云足球, URL: http://[2409:8087:7001:20:2::3]/dbiptv.sn.chinamobile.com/PLTV/88888893/224/3221226984/index.m3u8, From: subscribe, IPv_Type: ipv6, Location: 中国, ISP: 中国移动, Date: None, Delay: -1 ms, Speed: 0.00 M/s, Resolution: None
Name: 风云足球, URL: https://live.goodiptv.club/api/yqgd.php?id=fyzq, From: subscribe, IPv_Type: ipv6, Location: 美国, ISP: CloudFlare Inc., Date: None, Delay: -1 ms, Speed: 0.00 M/s, Resolution: None
Name: 风云足球, URL: https://hls-gateway.vpstv.net/streams/708859.m3u8, From: subscribe, IPv_Type: ipv6, Location: 美国, ISP: CloudFlare Inc., Date: None, Delay: -1 ms, Speed: 0.00 M/s, Resolution: None
Name: 风云足球, URL: https://epg.pw/stream/ac8062ec9484078061d3bef507c15a423ac57ae4144e3fcc4b0a198dd420f911.m3u8, From: subscribe, IPv_Type: ipv6, Location: 美国, ISP: CloudFlare Inc., Date: None, Delay: -1 ms, Speed: 0.00 M/s, Resolution: None
Name: 风云足球, URL: https://cc06.tv12.xyz/41.m3u8, From: subscribe, IPv_Type: ipv6, Location: 美国, ISP: CloudFlare Inc., Date: None, Delay: -1 ms, Speed: 0.00 M/s, Resolution: None
Name: 风云足球, URL: http://www.qfly9236.cn:8888/rtp/239.253.92.110:8061, From: subscribe, IPv_Type: ipv6, Location: 中国, ISP: 中国联通, Date: None, Delay: -1 ms, Speed: 0.00 M/s, Resolution: None
Name: 电视指南, URL: https://cc06.tv12.xyz/39.m3u8, From: subscribe, IPv_Type: ipv6, Location: 美国, ISP: CloudFlare Inc., Date: None, Delay: -1 ms, Speed: 0.00 M/s, Resolution: None
Name: 电视指南, URL: http://iptv.666230.xyz/iptv/jsyd.php/G_DIANSHIZN-CQ, From: subscribe, IPv_Type: ipv6, Location: 美国, ISP: CloudFlare Inc., Date: None, Delay: -1 ms, Speed: 0.00 M/s, Resolution: None
Name: 世界地理, URL: http://n1.gzbody.com:85/rtp/239.253.43.24:5146, From: subscribe, IPv_Type: ipv6, Location: 中国, ISP: 中国电信, Date: None, Delay: -1 ms, Speed: 0.00 M/s, Resolution: None
Name: 世界地理, URL: https://cc06.tv12.xyz/104.m3u8, From: subscribe, IPv_Type: ipv6, Location: 美国, ISP: CloudFlare Inc., Date: None, Delay: -1 ms, Speed: 0.00 M/s, Resolution: None
Name: 世界地理, URL: http://jk55269942.myqnapcloud.com:4022/rtp/239.49.8.87:8000, From: subscribe, IPv_Type: ipv6, Location: 中国, ISP: 中国联通, Date: None, Delay: -1 ms, Speed: 0.00 M/s, Resolution: None
Name: 世界地理, URL: http://zcb.myds.me:10001/rtp/239.49.8.87:8000, From: subscribe, IPv_Type: ipv6, Location: 中国, ISP: 中国电信, Date: None, Delay: -1 ms, Speed: 0.00 M/s, Resolution: None
Name: 世界地理, URL: http://www.qfly9236.cn:8888/rtp/239.253.92.113:8066, From: subscribe, IPv_Type: ipv6, Location: 中国, ISP: 中国联通, Date: None, Delay: -1 ms, Speed: 0.00 M/s, Resolution: None
Name: 兵器科技, URL: http://n1.gzbody.com:85/rtp/239.253.43.18:5146, From: subscribe, IPv_Type: ipv6, Location: 中国, ISP: 中国电信, Date: None, Delay: -1 ms, Speed: 0.00 M/s, Resolution: None
Name: 兵器科技, URL: https://hls-gateway.vpstv.net/streams/708856.m3u8, From: subscribe, IPv_Type: ipv6, Location: 美国, ISP: CloudFlare Inc., Date: None, Delay: -1 ms, Speed: 0.00 M/s, Resolution: None
Name: 兵器科技, URL: http://iptv.666230.xyz/iptv/jsyd.php/G_BINGQIKJ-CQ, From: subscribe, IPv_Type: ipv6, Location: 美国, ISP: CloudFlare Inc., Date: None, Delay: -1 ms, Speed: 0.00 M/s, Resolution: None
Name: 兵器科技, URL: https://live.264788.xyz/channel/bingqikeji?streamid=530cb4e58bbc48b7fc26f5e0a2e47966&livekey=01WgOR41rriMmMkzNsd0UoaxJRwetZdxIvtVk, From: subscribe, IPv_Type: ipv4, Location: 美国, ISP: CloudFlare节点, Date: None, Delay: 3564 ms, Speed: 5.13 M/s, Resolution: 1920x1080
Name: CCTV-5, URL: http://gslbmgsplive.miguvideo.com/wd_r2/cctv/cctv5hdnew/600/index.m3u8?msisdn=202509071500304393bc34678640dab3cbc4548b1f11f9&mdspid=&spid=699004&netType=0&sid=5500516171&pid=2028597139&timestamp=20250907150030&Channel_ID=0116_2600037000-99000-200300220100002&ProgramID=641886683&ParentNodeID=-99&assertID=5500516171&client_ip=106.13.250.89&SecurityKey=20250907150030&promotionId=&mvid=5102048712&mcid=500020&playurlVersion=WX-A1-8.8.1-RELEASE&userid=&jmhm=&videocodec=h264&bean=mgspad&tid=android&conFee=0&puData=9ff0f3443d3942f860e4d2e030e86f96&ddCalcu=699fvffa60w8fae3043403ed23d944e20f68&sv=10004&ct=android, From: subscribe, IPv_Type: ipv6, Location: 中国, ISP: 中国移动, Date: None, Delay: -1 ms, Speed: 0.00 M/s, Resolution: None
Name: CCTV-5, URL: http://n1.gzbody.com:85/rtp/239.77.0.170:5146, From: subscribe, IPv_Type: ipv6, Location: 中国, ISP: 中国电信, Date: None, Delay: -1 ms, Speed: 0.00 M/s, Resolution: None
Name: CCTV-5, URL: http://bailudz.top:1236/111/hahahaha.php, From: subscribe, IPv_Type: ipv6, Location: 中国, ISP: 中国电信, Date: None, Delay: -1 ms, Speed: 0.00 M/s, Resolution: None
Name: CCTV-5, URL: https://migu.188766.xyz/?migutoken=cb0f8831891e7463c6bbf594fc83f39e&id=CCTV5&type=yy, From: subscribe, IPv_Type: ipv6, Location: 美国, ISP: CloudFlare Inc., Date: None, Delay: -1 ms, Speed: 0.00 M/s, Resolution: None
Name: CCTV-5, URL: http://iptv.huuc.edu.cn/hls/cctv5hd.m3u8, From: subscribe, IPv_Type: ipv6, Location: 中国, ISP: 教育网, Date: None, Delay: -1 ms, Speed: 0.00 M/s, Resolution: None
Name: CCTV-5, URL: http://[2409:8087:1a15:10d1::39]/ottrrs.hl.chinamobile.com/PLTV/88888888/224/3221226019/index.m3u8, From: subscribe, IPv_Type: ipv6, Location: 中国, ISP: 中国移动, Date: None, Delay: -1 ms, Speed: 0.00 M/s, Resolution: None
Name: CCTV-5, URL: https://www.freetv.top/migu/641886683.m3u8?migutoken=3e5c01f93922de8d1c940fe15bb47349b27e8f7a2e624dde1a83dff3b2a80f58b7624151a3a4d00488edee34f202818557340903382fae02bb754084eb942bd50e59061df36fab62fb5b908903, From: subscribe, IPv_Type: ipv6, Location: 美国, ISP: Oracle Corporation, Date: None, Delay: -1 ms, Speed: 0.00 M/s, Resolution: None
Name: CCTV-5, URL: https://smart.pendy.dpdns.org/Smart.php?id=cctv5, From: subscribe, IPv_Type: ipv6, Location: 美国, ISP: CloudFlare Inc., Date: None, Delay: -1 ms, Speed: 0.00 M/s, Resolution: None
Name: CCTV-5, URL: https://ldcctvwbcdks.v.kcdnvip.com/ldcctvwbcd/cdrmldcctv5plus_1/index.m3u8?b=200-2100, From: subscribe, IPv_Type: ipv6, Location: 中国, ISP: 中国电信, Date: None, Delay: -1 ms, Speed: 0.00 M/s, Resolution: None
Name: CCTV-5, URL: http://[2409:8087:1a01:df::4077]:80/ottrrs.hl.chinamobile.com/yinhe/88888888/224/3221226019/index.m3u8, From: subscribe, IPv_Type: ipv6, Location: 中国, ISP: 中国移动, Date: None, Delay: -1 ms, Speed: 0.00 M/s, Resolution: None
Name: CCTV-5, URL: http://[2409:8087:1a0a:df::404b]/ottrrs.hl.chinamobile.com/TVOD/88888888/224/3221226019/index.m3u8, From: subscribe, IPv_Type: ipv6, Location: 中国, ISP: 中国移动, Date: None, Delay: -1 ms, Speed: 0.00 M/s, Resolution: None
Name: CCTV-5, URL: http://www.freetv.top/migu/641886683.m3u8?migutoken=cea30189b17e30fb3b4876609eb6e3128f840f8ab5db6f9643403213dc9980613938be69b13fe0290d2c44f0052b78d90c669a2f92e28951f92da861b7cba070b55ec1b4fe1a92a2c133c43c4c, From: subscribe, IPv_Type: ipv6, Location: 美国, ISP: Oracle Corporation, Date: None, Delay: -1 ms, Speed: 0.00 M/s, Resolution: None
Name: CCTV-5, URL: http://yc.myds.me:35455/gaoma/cctv5.m3u8, From: subscribe, IPv_Type: ipv6, Location: 中国, ISP: 中国电信, Date: None, Delay: -1 ms, Speed: 0.00 M/s, Resolution: None
Name: CCTV-5, URL: https://mgtv.ottiptv.cc/mg/641886683.m3u8?sign=5388933f15d04709bf12881dd6f003a6&tm=1757436314&token=1057a88b7b8cdd42e09c04dbf5f5160f4e8e2b3caa86d6fa19a0733995578e54c02187b5c83ccc9b76711184574d4d3173197a16fb00fa71fb1b05e0d57ca1ff659a878a162c39246473db0a78, From: subscribe, IPv_Type: ipv6, Location: 美国, ISP: Oracle Corporation, Date: None, Delay: -1 ms, Speed: 0.00 M/s, Resolution: None
Name: CCTV-5, URL: http://[2409:8087:8:21::18]:6610/otttv.bj.chinamobile.com/PLTV/88888888/224/3221226469/1.m3u8, From: subscribe, IPv_Type: ipv6, Location: 中国, ISP: 中国移动, Date: None, Delay: -1 ms, Speed: 0.00 M/s, Resolution: None
Name: CCTV-5, URL: http://b.xiongnas.top:8888/rtp/239.3.1.173:8001, From: subscribe, IPv_Type: ipv6, Location: 中国, ISP: 中国联通, Date: None, Delay: -1 ms, Speed: 0.00 M/s, Resolution: None
Name: CCTV-5, URL: http://nas.suntao.online:35455/itv/1000000005000265005.m3u8?cdn=ystenlive, From: subscribe, IPv_Type: ipv6, Location: 中国, ISP: 中国联通, Date: None, Delay: -1 ms, Speed: 0.00 M/s, Resolution: None
Name: CCTV-5, URL: https://cc06.tv12.xyz/5.m3u8, From: subscribe, IPv_Type: ipv6, Location: 美国, ISP: CloudFlare Inc., Date: None, Delay: -1 ms, Speed: 0.00 M/s, Resolution: None
Name: CCTV-5, URL: https://jzb.wwkejishe.top/?id=582, From: subscribe, IPv_Type: ipv6, Location: 美国, ISP: CloudFlare Inc., Date: None, Delay: -1 ms, Speed: 0.00 M/s, Resolution: None
Name: CCTV-5, URL: https://zby.130519.xyz/PLTV/11/224/3221226146/index.m3u8, From: subscribe, IPv_Type: ipv6, Location: 美国, ISP: CloudFlare Inc., Date: None, Delay: -1 ms, Speed: 0.00 M/s, Resolution: None
Name: CCTV-5, URL: http://jk55269942.myqnapcloud.com:4022/rtp/239.49.8.75:8000, From: subscribe, IPv_Type: ipv6, Location: 中国, ISP: 中国联通, Date: None, Delay: -1 ms, Speed: 0.00 M/s, Resolution: None
Name: CCTV-5, URL: http://zcb.myds.me:10001/rtp/239.49.8.75:8000, From: subscribe, IPv_Type: ipv6, Location: 中国, ISP: 中国电信, Date: None, Delay: -1 ms, Speed: 0.00 M/s, Resolution: None
Name: CCTV-5, URL: https://iptv.catvod.com/live.php?id=CCTV5%E4%BD%93%E8%82%B2, From: subscribe, IPv_Type: ipv6, Location: 美国, ISP: CloudFlare Inc., Date: None, Delay: -1 ms, Speed: 0.00 M/s, Resolution: None
Name: CCTV-5, URL: https://shyd.695847.xyz/cms001/ch00000090990000001187/index.m3u8?IASHttpSessionId=RR4967720251014100028031761&ispcode=12, From: subscribe, IPv_Type: ipv6, Location: 美国, ISP: CloudFlare Inc., Date: None, Delay: -1 ms, Speed: 0.00 M/s, Resolution: None
Name: CCTV-5, URL: https://live.chinacert.cftest5.cn/mg/?id=641886683, From: subscribe, IPv_Type: ipv6, Location: 中国, ISP: 中国电信, Date: None, Delay: -1 ms, Speed: 0.00 M/s, Resolution: None
Name: CCTV-5, URL: http://tvgslb.hn.chinamobile.com:8089/180000001002/00000001000000000099000000197689/main.m3u8?stbid=, From: subscribe, IPv_Type: ipv6, Location: 中国, ISP: 中国移动, Date: None, Delay: -1 ms, Speed: 0.00 M/s, Resolution: None
Name: CCTV-5, URL: http://hwottcdn.ln.chinamobile.com/PLTV/11/224/3221227218/index.m3u8, From: subscribe, IPv_Type: ipv6, Location: 中国, ISP: 中国移动, Date: None, Delay: -1 ms, Speed: 0.00 M/s, Resolution: None
Name: CCTV-5, URL: http://ott.mobaibox.com/PLTV/3/224/3221228502/index.m3u8, From: subscribe, IPv_Type: ipv6, Location: 中国, ISP: 中国移动, Date: None, Delay: -1 ms, Speed: 0.00 M/s, Resolution: None
Name: CCTV-5, URL: http://hwltc.tv.cdn.zj.chinamobile.com/PLTV/88888888/224/3221236444/index.m3u8, From: subscribe, IPv_Type: ipv6, Location: 中国, ISP: 中国移动, Date: None, Delay: -1 ms, Speed: 0.00 M/s, Resolution: None
Name: CCTV-5, URL: http://rrs01.hw.gmcc.net:8088/PLTV/81/224/3221226731/1.m3u8, From: subscribe, IPv_Type: ipv6, Location: 中国, ISP: 中国移动, Date: None, Delay: -1 ms, Speed: 0.00 M/s, Resolution: None
Name: CCTV-5, URL: http://k.061899.xyz/k.php?id=cctv5, From: subscribe, IPv_Type: ipv6, Location: 新加坡, ISP: Aceville Pte.Ltd., Date: None, Delay: -1 ms, Speed: 0.00 M/s, Resolution: None
Name: CCTV-5, URL: https://live.catvod.com/live.php?id=cctv5, From: subscribe, IPv_Type: ipv6, Location: 美国, ISP: CloudFlare Inc., Date: None, Delay: -1 ms, Speed: 0.00 M/s, Resolution: None
Name: CCTV-5, URL: http://mgsp-yx2.live.miguvideo.com:8088/migu/kailu/cctv5hd265/51/20191230/index.m3u8?msisdn=e55e9ee71b42d2d7008a152c069625e3&mdspid=&spid=699004&netType=0&sid=5500516171&pid=2028597139&timestamp=20260215080203&Channel_ID=0116_2600034600-99000-201600010010028&ProgramID=641886683&ParentNodeID=-99&assertID=5500516171&client_ip=218.28.233.106&SecurityKey=20260215080203&promotionId=&mvid=5102048712&mcid=500020&playurlVersion=WX-A1-9.2.1-RELEASE&userid=&jmhm=&videocodec=h265&appCode=miguvideo_android&bean=mgspad&tid=android&conFee=0&encrypt=802e927eb8b7fc80b895d079be04b957&sv=10004&ct=android, From: subscribe, IPv_Type: ipv6, Location: 中国, ISP: 中国电信, Date: None, Delay: -1 ms, Speed: 0.00 M/s, Resolution: None
Name: CCTV-5, URL: http://mgsp-tx2.live.miguvideo.com:8088/migu/kailu/cctv5hd265/51/20191230/index.m3u8?msisdn=e55e9ee71b42d2d7008a152c069625e3&mdspid=&spid=699004&netType=0&sid=5500516171&pid=2028597139&timestamp=20260217084014&Channel_ID=0116_2600034600-99000-201600010010028&ProgramID=641886683&ParentNodeID=-99&assertID=5500516171&client_ip=218.28.233.106&SecurityKey=20260217084014&promotionId=&mvid=5102048712&mcid=500020&playurlVersion=WX-A1-9.2.1-RELEASE&userid=&jmhm=&videocodec=h265&appCode=miguvideo_android&bean=mgspad&tid=android&conFee=0&encrypt=215da25e6e2c9779b528c1c43e481b98&sv=10004&ct=android, From: subscribe, IPv_Type: ipv6, Location: 中国, ISP: 中国联通, Date: None, Delay: -1 ms, Speed: 0.00 M/s, Resolution: None
Name: CCTV-5, URL: http://mgsp-zy2.live.miguvideo.com:8088/migu/kailu/cctv5hd265/51/20191230/index.m3u8?msisdn=2be6b2ec9fcf10d2c2457e2c710e172c&mdspid=&spid=699004&netType=0&sid=5500516171&pid=2028597139&timestamp=20260226080220&Channel_ID=0116_2600034600-99000-201600010010028&ProgramID=641886683&ParentNodeID=-99&assertID=5500516171&client_ip=218.28.233.106&SecurityKey=20260226080220&promotionId=&mvid=5102048712&mcid=500020&playurlVersion=WX-A1-9.2.1-RELEASE&userid=&jmhm=&videocodec=h265&appCode=miguvideo_android&bean=mgspad&tid=android&conFee=0&encrypt=38e6416edf59dc08fd3e8126155a26be&sv=10004&ct=android, From: subscribe, IPv_Type: ipv6, Location: 中国, ISP: 中国电信, Date: None, Delay: -1 ms, Speed: 0.00 M/s, Resolution: None
Name: CCTV-5, URL: http://mgsp-ws2.live.miguvideo.com:8088/migu/kailu/cctv5hd265/51/20191230/index.m3u8?msisdn=2be6b2ec9fcf10d2c2457e2c710e172c&mdspid=&spid=699004&netType=0&sid=5500516171&pid=2028597139&timestamp=20260302080221&Channel_ID=0116_2600034600-99000-201600010010028&ProgramID=641886683&ParentNodeID=-99&assertID=5500516171&client_ip=218.28.233.106&SecurityKey=20260302080221&promotionId=&mvid=5102048712&mcid=500020&playurlVersion=WX-A1-9.2.1-RELEASE&userid=&jmhm=&videocodec=h265&appCode=miguvideo_android&bean=mgspad&tid=android&conFee=0&encrypt=7f55363e6cabc28ad4598a55b8ecedfc&sv=10004&ct=android, From: subscribe, IPv_Type: ipv6, Location: 加拿大, ISP: , Date: None, Delay: -1 ms, Speed: 0.00 M/s, Resolution: None
Name: CCTV-5, URL: https://t.freetv.fun/live/cctv5-5.php, From: subscribe, IPv_Type: ipv6, Location: 美国, ISP: CloudFlare Inc., Date: None, Delay: -1 ms, Speed: 0.00 M/s, Resolution: None
Name: CCTV-5+, URL: http://gslbmgsplive.miguvideo.com/wd_r2/cctv/cctv5plusnew/600/index.m3u8?msisdn=202509071500300e14687897f041de83fa1255cb718039&mdspid=&spid=699004&netType=0&sid=5500516288&pid=2028597139&timestamp=20250907150030&Channel_ID=0116_2600037000-99000-200300220100002&ProgramID=641886773&ParentNodeID=-99&assertID=5500516288&client_ip=106.13.250.89&SecurityKey=20250907150030&promotionId=&mvid=5102048803&mcid=500020&playurlVersion=WX-A1-8.8.1-RELEASE&userid=&jmhm=&videocodec=h264&bean=mgspad&tid=android&conFee=0&puData=b2308f0d1c5a849d06c21973f9c2530d&ddCalcu=db02v33a50x28acf90fd317c951a28c4690d&sv=10004&ct=android, From: subscribe, IPv_Type: ipv6, Location: 中国, ISP: 中国移动, Date: None, Delay: -1 ms, Speed: 0.00 M/s, Resolution: None
Name: CCTV-5+, URL: http://n1.gzbody.com:85/rtp/239.77.1.31:5146, From: subscribe, IPv_Type: ipv6, Location: 中国, ISP: 中国电信, Date: None, Delay: -1 ms, Speed: 0.00 M/s, Resolution: None
Name: CCTV-5+, URL: http://bailudz.top:1236/111/hahahaha.php, From: subscribe, IPv_Type: ipv6, Location: 中国, ISP: 中国电信, Date: None, Delay: -1 ms, Speed: 0.00 M/s, Resolution: None
Name: CCTV-5+, URL: https://migu.188766.xyz/?migutoken=28a852d7ffcb5f5b43b1d944afd198eb&id=CCTV5p&pp=1, From: subscribe, IPv_Type: ipv6, Location: 美国, ISP: CloudFlare Inc., Date: None, Delay: -1 ms, Speed: 0.00 M/s, Resolution: None
Name: CCTV-5+, URL: http://[2409:8087:1a15:10d1::37]/ottrrs.hl.chinamobile.com/PLTV/88888888/224/3221225603/index.m3u8, From: subscribe, IPv_Type: ipv6, Location: 中国, ISP: 中国移动, Date: None, Delay: -1 ms, Speed: 0.00 M/s, Resolution: None
Name: CCTV-5+, URL: https://www.freetv.top/migu/641886773.m3u8?migutoken=03a1b82e35e58cd89a95034ecb29e77e50493397000ec2b1e4d1ce59af01e6420d6dbc068c8230ec03be3a35a20eed8714e0959e3570a08713a7a2e8d86085eabf8f1aa85744c80c38343988b2, From: subscribe, IPv_Type: ipv6, Location: 美国, ISP: Oracle Corporation, Date: None, Delay: -1 ms, Speed: 0.00 M/s, Resolution: None
Name: CCTV-5+, URL: http://[2409:8087:1a01:df::4077]:80/ottrrs.hl.chinamobile.com/yinhe/88888888/224/3221225603/index.m3u8, From: subscribe, IPv_Type: ipv6, Location: 中国, ISP: 中国移动, Date: None, Delay: -1 ms, Speed: 0.00 M/s, Resolution: None
Name: CCTV-5+, URL: https://smart.pendy.dpdns.org/Smart.php?id=cctv5plus, From: subscribe, IPv_Type: ipv6, Location: 美国, ISP: CloudFlare Inc., Date: None, Delay: -1 ms, Speed: 0.00 M/s, Resolution: None
Name: CCTV-5+, URL: http://[2409:8087:1a0a:df::404b]/ottrrs.hl.chinamobile.com/TVOD/88888888/224/3221225603/index.m3u8, From: subscribe, IPv_Type: ipv6, Location: 中国, ISP: 中国移动, Date: None, Delay: -1 ms, Speed: 0.00 M/s, Resolution: None
Name: CCTV-5+, URL: http://[2409:8087:8:21::18]:6610/otttv.bj.chinamobile.com/PLTV/88888888/224/3221226349/1.m3u8, From: subscribe, IPv_Type: ipv6, Location: 中国, ISP: 中国移动, Date: None, Delay: -1 ms, Speed: 0.00 M/s, Resolution: None
Name: CCTV-5+, URL: http://iptv.cdn.ha.chinamobile.com/PLTV/88888888/224/3221227348/index.m3u8, From: subscribe, IPv_Type: ipv6, Location: 中国, ISP: 中国移动, Date: None, Delay: -1 ms, Speed: 0.00 M/s, Resolution: None
Name: CCTV-5+, URL: http://yc.myds.me:35455/gaoma/cctv5p.m3u8, From: subscribe, IPv_Type: ipv6, Location: 中国, ISP: 中国电信, Date: None, Delay: -1 ms, Speed: 0.00 M/s, Resolution: None
Name: CCTV-5+, URL: http://nas.suntao.online:35455/itv/6000000001000015875.m3u8?cdn=wasusyt, From: subscribe, IPv_Type: ipv6, Location: 中国, ISP: 中国联通, Date: None, Delay: -1 ms, Speed: 0.00 M/s, Resolution: None
Name: CCTV-5+, URL: http://hwrr.jx.chinamobile.com:8080/PLTV/88888888/224/3221225649/index.m3u8, From: subscribe, IPv_Type: ipv6, Location: 中国, ISP: 中国移动, Date: None, Delay: -1 ms, Speed: 0.00 M/s, Resolution: None
Name: CCTV-5+, URL: https://hls-gateway.vpstv.net/streams/476888.m3u8, From: subscribe, IPv_Type: ipv6, Location: 美国, ISP: CloudFlare Inc., Date: None, Delay: -1 ms, Speed: 0.00 M/s, Resolution: None
Name: CCTV-5+, URL: https://cc06.tv12.xyz/6.m3u8, From: subscribe, IPv_Type: ipv6, Location: 美国, ISP: CloudFlare Inc., Date: None, Delay: -1 ms, Speed: 0.00 M/s, Resolution: None
Name: CCTV-5+, URL: https://jzb.wwkejishe.top/?id=583, From: subscribe, IPv_Type: ipv6, Location: 美国, ISP: CloudFlare Inc., Date: None, Delay: -1 ms, Speed: 0.00 M/s, Resolution: None
Name: CCTV-5+, URL: https://stream1.freetv.fun/88ee08d5c5e75e963f46cba8142888798dde687981709eda707a0b192da8ad4d.ctv, From: subscribe, IPv_Type: ipv6, Location: 美国, ISP: CloudFlare Inc., Date: None, Delay: -1 ms, Speed: 0.00 M/s, Resolution: None
Name: CCTV-5+, URL: https://iptv.catvod.com/live.php?id=CCTV5%2B%E4%BD%93%E8%82%B2%E8%B5%9B%E4%BA%8B, From: subscribe, IPv_Type: ipv6, Location: 美国, ISP: CloudFlare Inc., Date: None, Delay: -1 ms, Speed: 0.00 M/s, Resolution: None
Name: CCTV-5+, URL: https://live.chinacert.cftest5.cn/mg/?id=641886773, From: subscribe, IPv_Type: ipv6, Location: 中国, ISP: 中国电信, Date: None, Delay: -1 ms, Speed: 0.00 M/s, Resolution: None
Name: CCTV-5+, URL: https://t.freetv.fun/live/cctv5-plus.php, From: subscribe, IPv_Type: ipv6, Location: 美国, ISP: CloudFlare Inc., Date: None, Delay: -1 ms, Speed: 0.00 M/s, Resolution: None
Name: CCTV-5+, URL: http://mgsp-yx2.live.miguvideo.com:8088/wd_r2/cctv/cctv5plusnew/1200/index.m3u8?msisdn=2be6b2ec9fcf10d2c2457e2c710e172c&mdspid=&spid=699004&netType=0&sid=5500516288&pid=2028597139&timestamp=20260225080204&Channel_ID=0116_2600034600-99000-201600010010028&ProgramID=641886773&ParentNodeID=-99&assertID=5500516288&client_ip=218.28.233.106&SecurityKey=20260225080204&promotionId=&mvid=5102048803&mcid=500020&playurlVersion=WX-A1-9.2.1-RELEASE&userid=&jmhm=&videocodec=h264&appCode=miguvideo_android&bean=mgspad&tid=android&conFee=0&encrypt=79c09b0be62466ce7b8f5f168e077b8e&sv=10004&ct=android, From: subscribe, IPv_Type: ipv6, Location: 中国, ISP: 中国电信, Date: None, Delay: -1 ms, Speed: 0.00 M/s, Resolution: None
Name: CCTV-5+, URL: http://mgsp-zy2.live.miguvideo.com:8088/wd_r2/cctv/cctv5plusnew/1200/index.m3u8?msisdn=2be6b2ec9fcf10d2c2457e2c710e172c&mdspid=&spid=699004&netType=0&sid=5500516288&pid=2028597139&timestamp=20260226080220&Channel_ID=0116_2600034600-99000-201600010010028&ProgramID=641886773&ParentNodeID=-99&assertID=5500516288&client_ip=218.28.233.106&SecurityKey=20260226080220&promotionId=&mvid=5102048803&mcid=500020&playurlVersion=WX-A1-9.2.1-RELEASE&userid=&jmhm=&videocodec=h264&appCode=miguvideo_android&bean=mgspad&tid=android&conFee=0&encrypt=055b92380b2b36535491bd74cfda425b&sv=10004&ct=android, From: subscribe, IPv_Type: ipv6, Location: 中国, ISP: 中国电信, Date: None, Delay: -1 ms, Speed: 0.00 M/s, Resolution: None
Name: CCTV-5+, URL: http://mgsp-hs2.live.miguvideo.com:8088/wd_r2/cctv/cctv5plusnew/1200/index.m3u8?msisdn=2be6b2ec9fcf10d2c2457e2c710e172c&mdspid=&spid=699004&netType=0&sid=5500516288&pid=2028597139&timestamp=20260303080204&Channel_ID=0116_2600034600-99000-201600010010028&ProgramID=641886773&ParentNodeID=-99&assertID=5500516288&client_ip=218.28.233.106&SecurityKey=20260303080204&promotionId=&mvid=5102048803&mcid=500020&playurlVersion=WX-A1-9.2.2-RELEASE&userid=&jmhm=&videocodec=h264&appCode=miguvideo_android&bean=mgspad&tid=android&conFee=0&encrypt=47c21ed34e7f8c9797af5f4018120f9b&sv=10004&ct=android, From: subscribe, IPv_Type: ipv6, Location: 中国, ISP: 中国联通, Date: None, Delay: -1 ms, Speed: 0.00 M/s, Resolution: None
Name: CCTV-5+, URL: http://pull-hls-f11.douyincdn.com/media/stream-695683248583869106.m3u8?expire=1777165232&major_anchor_level=common&sign=e4826f080fc30330df977960c756df20&t_id=037-20260419090031CD4FC3EEDAF091B84E06-fJv9eS, From: subscribe, IPv_Type: ipv6, Location: 中国, ISP: 中国联通, Date: None, Delay: -1 ms, Speed: 0.00 M/s, Resolution: None
Name: 广东体育, URL: http://n1.gzbody.com:85/rtp/239.77.0.112:5146, From: subscribe, IPv_Type: ipv6, Location: 中国, ISP: 中国电信, Date: None, Delay: -1 ms, Speed: 0.00 M/s, Resolution: None
Name: 广东体育, URL: http://php.jdshipin.com/PLTV/iptv.php?id=gdty, From: None, IPv_Type: ipv6, Location: 美国, ISP: CloudFlare Inc., Date: None, Delay: -1 ms, Speed: 0.00 M/s, Resolution: None
Name: 广东体育, URL: http://cdn2.163189.xyz/live/gdty/stream.m3u8, From: subscribe, IPv_Type: ipv6, Location: 新加坡, ISP: Aceville Pte.Ltd., Date: None, Delay: -1 ms, Speed: 0.00 M/s, Resolution: None
Name: 广东体育, URL: https://epg.pw/stream/7b470f9fc5c305db0c8622117b7b25ca00eb35ba3e93e865cf0ff9df5c736681.m3u8, From: subscribe, IPv_Type: ipv6, Location: 美国, ISP: CloudFlare Inc., Date: None, Delay: -1 ms, Speed: 0.00 M/s, Resolution: None
Name: 广东体育, URL: https://hls-gateway.vpstv.net/streams/476954.m3u8, From: subscribe, IPv_Type: ipv6, Location: 美国, ISP: CloudFlare Inc., Date: None, Delay: -1 ms, Speed: 0.00 M/s, Resolution: None
Name: 广东体育, URL: https://cdn2.163189.xyz/live/gdty/stream.m3u8, From: subscribe, IPv_Type: ipv6, Location: 新加坡, ISP: Aceville Pte.Ltd., Date: None, Delay: -1 ms, Speed: 0.00 M/s, Resolution: None
Name: 广东体育, URL: http://r.jdshipin.com/LiYdg, From: subscribe, IPv_Type: ipv6, Location: 美国, ISP: CloudFlare Inc., Date: None, Delay: -1 ms, Speed: 0.00 M/s, Resolution: None
Name: 广东体育, URL: https://stream1.freetv.fun/yan-dong-ti-yu-35.ctv, From: subscribe, IPv_Type: ipv6, Location: 美国, ISP: CloudFlare Inc., Date: None, Delay: -1 ms, Speed: 0.00 M/s, Resolution: None
Name: 广东体育, URL: https://mgev.188766.xyz/?migutoken=38f5dd71e8cfd78d819c05fc52e5e6d8&id=gd_gdty&type=sz, From: subscribe, IPv_Type: ipv6, Location: 美国, ISP: CloudFlare Inc., Date: None, Delay: -1 ms, Speed: 0.00 M/s, Resolution: None
Name: 广东体育, URL: https://migu.188766.xyz/?migutoken=2d63190e8a98cb56e7125ae5ae935893&id=hk_gdty&type=dy, From: subscribe, IPv_Type: ipv6, Location: 美国, ISP: CloudFlare Inc., Date: None, Delay: -1 ms, Speed: 0.00 M/s, Resolution: None
Name: 广东体育, URL: https://iptv.catvod.com/live.php?id=%E5%B9%BF%E4%B8%9C%E4%BD%93%E8%82%B2, From: subscribe, IPv_Type: ipv6, Location: 美国, ISP: CloudFlare Inc., Date: None, Delay: -1 ms, Speed: 0.00 M/s, Resolution: None
Name: 广东体育, URL: https://hk.188766.xyz/?migutoken=843e7d70eed4a9ab05e9e3069f2cf5db&id=gd_gdty&type=sz, From: subscribe, IPv_Type: ipv6, Location: 美国, ISP: CloudFlare Inc., Date: None, Delay: -1 ms, Speed: 0.00 M/s, Resolution: None
Name: 广东体育, URL: http://cdn2.132.us.kg/live/gdty/stream.m3u8, From: subscribe, IPv_Type: ipv6, Location: 美国, ISP: CloudFlare Inc., Date: None, Delay: -1 ms, Speed: 0.00 M/s, Resolution: None
Name: 广东体育, URL: https://t.freetv.fun/live/yan-dong-ti-yu-gao-qing-1.m3u8, From: subscribe, IPv_Type: ipv6, Location: 美国, ISP: CloudFlare Inc., Date: None, Delay: -1 ms, Speed: 0.00 M/s, Resolution: None
Name: 纬来体育, URL: https://smt.iktv.ddns-ip.net/Smart.php, From: subscribe, IPv_Type: ipv6, Location: 美国, ISP: CloudFlare Inc., Date: None, Delay: -1 ms, Speed: 0.00 M/s, Resolution: None
Name: 纬来体育, URL: https://stream1.freetv.fun/wei-lai-ti-yu-9.ctv, From: subscribe, IPv_Type: ipv6, Location: 美国, ISP: CloudFlare Inc., Date: None, Delay: -1 ms, Speed: 0.00 M/s, Resolution: None
Name: 纬来体育, URL: https://smart.pendy.dpdns.org/Smart.php?id=videolandsport, From: subscribe, IPv_Type: ipv6, Location: 美国, ISP: CloudFlare Inc., Date: None, Delay: -1 ms, Speed: 0.00 M/s, Resolution: None
Name: 纬来体育, URL: https://epg.pw/stream/8855a9936e37e608a0ec8a014cce1673dee9c5d68d560da376cc92e5edef2b25.m3u8, From: subscribe, IPv_Type: ipv6, Location: 美国, ISP: CloudFlare Inc., Date: None, Delay: -1 ms, Speed: 0.00 M/s, Resolution: None
Name: 纬来体育, URL: https://hls-gateway.vpstv.net/streams/477026.m3u8, From: subscribe, IPv_Type: ipv6, Location: 美国, ISP: CloudFlare Inc., Date: None, Delay: -1 ms, Speed: 0.00 M/s, Resolution: None
Name: 五星体育, URL: http://[2409:8087:5e00:24::29]:6610/000000001000/2000000002000000007/index.m3u8?stbId=3&livemode=1&HlsProfileId=&channel-id=hnbblive&Contentid=2000000002000000007&IASHttpSessionId=OTT19019320240419154124000281, From: subscribe, IPv_Type: ipv6, Location: 中国, ISP: 中国移动, Date: None, Delay: -1 ms, Speed: 0.00 M/s, Resolution: None
Name: 五星体育, URL: https://migu.188766.xyz/?migutoken=ab057286cbff73ca01a514c724e2af1d&id=%E4%BA%94%E6%98%9F%E4%BD%93%E8%82%B2&pp=1, From: subscribe, IPv_Type: ipv6, Location: 美国, ISP: CloudFlare Inc., Date: None, Delay: -1 ms, Speed: 0.00 M/s, Resolution: None
Name: 五星体育, URL: https://hls-gateway.vpstv.net/streams/636980.m3u8, From: subscribe, IPv_Type: ipv6, Location: 美国, ISP: CloudFlare Inc., Date: None, Delay: -1 ms, Speed: 0.00 M/s, Resolution: None
Name: 五星体育, URL: https://stream1.freetv.fun/ipv6-wu-xing-ti-yu-10.m3u8, From: subscribe, IPv_Type: ipv6, Location: 美国, ISP: CloudFlare Inc., Date: None, Delay: -1 ms, Speed: 0.00 M/s, Resolution: None
Name: 五星体育, URL: http://[2409:8087:1e01:20::3]/PLTV/11/224/3221225732/1.m3u8, From: subscribe, IPv_Type: ipv6, Location: 中国, ISP: 中国移动, Date: None, Delay: -1 ms, Speed: 0.00 M/s, Resolution: None
Name: 五星体育, URL: https://other.ottiptv.cc/wxty.m3u8, From: subscribe, IPv_Type: ipv6, Location: 美国, ISP: CloudFlare Inc., Date: None, Delay: -1 ms, Speed: 0.00 M/s, Resolution: None
Name: 五星体育, URL: https://iptv.catvod.com/live.php?id=%E4%BA%94%E6%98%9F%E4%BD%93%E8%82%B2, From: subscribe, IPv_Type: ipv6, Location: 美国, ISP: CloudFlare Inc., Date: None, Delay: -1 ms, Speed: 0.00 M/s, Resolution: None
Name: 五星体育, URL: https://cdn3.163189.xyz/163189/wxty, From: subscribe, IPv_Type: ipv6, Location: 美国, ISP: CloudFlare Inc., Date: None, Delay: -1 ms, Speed: 0.00 M/s, Resolution: None
Name: 五星体育, URL: http://bp-livetytv.bestv.cn/ch/bestvwxty.m3u8, From: subscribe, IPv_Type: ipv6, Location: 中国, ISP: 中国电信, Date: None, Delay: -1 ms, Speed: 0.00 M/s, Resolution: None
Name: 五星体育, URL: http://cdn3.163189.xyz/163189/wxty, From: subscribe, IPv_Type: ipv6, Location: 美国, ISP: CloudFlare Inc., Date: None, Delay: -1 ms, Speed: 0.00 M/s, Resolution: None
Name: 五星体育, URL: http://iptvrr.sh.chinamobile.com:6060/cms001/ch00000090990000001018/index.m3u8, From: subscribe, IPv_Type: ipv6, Location: 中国, ISP: 中国移动, Date: None, Delay: -1 ms, Speed: 0.00 M/s, Resolution: None
Name: 五星体育, URL: https://t.freetv.fun/live/wu-xing-ti-yu-3.m3u8, From: subscribe, IPv_Type: ipv6, Location: 美国, ISP: CloudFlare Inc., Date: None, Delay: -1 ms, Speed: 0.00 M/s, Resolution: None
Name: 劲爆体育, URL: https://www.freetv.top/migu/796071336.m3u8?migutoken=1cc947d86cb584c31c31c88c005d55965238dbfff7ed75fca8451aed0b564786fde7e4b327e93b92dc96ef57e64e3bb56e8a9e921338080cdae817cb6125d8450b687659ecfee06be9c5d53ac6, From: subscribe, IPv_Type: ipv6, Location: 美国, ISP: Oracle Corporation, Date: None, Delay: -1 ms, Speed: 0.00 M/s, Resolution: None
Name: 爱体育, URL: http://php.jdshipin.com:8880/itv6s.php?cid=wasusyt&id=6000000006000290630, From: subscribe, IPv_Type: ipv6, Location: 美国, ISP: CloudFlare Inc., Date: None, Delay: -1 ms, Speed: 0.00 M/s, Resolution: None
Name: 爱体育, URL: http://[2409:8087:5e08:24::11]:6610/000000001000/2000000004000000060/index.m3u8, From: subscribe, IPv_Type: ipv6, Location: 中国, ISP: 中国移动, Date: None, Delay: -1 ms, Speed: 0.00 M/s, Resolution: None
Name: 爱体育, URL: http://[2409:8087:5e08:24::17]:6610/000000001000/2000000004000000060/index.m3u8, From: subscribe, IPv_Type: ipv6, Location: 中国, ISP: 中国移动, Date: None, Delay: -1 ms, Speed: 0.00 M/s, Resolution: None
Name: 爱体育, URL: http://[2409:8087:5e08:24::12]:6610/000000001000/2000000004000000000/index.m3u8, From: subscribe, IPv_Type: ipv6, Location: 中国, ISP: 中国移动, Date: None, Delay: -1 ms, Speed: 0.00 M/s, Resolution: None
Name: 爱体育, URL: http://hwltc.tv.cdn.zj.chinamobile.com/PLTV/88888888/224/3221230103/index.m3u8, From: subscribe, IPv_Type: ipv6, Location: 中国, ISP: 中国移动, Date: None, Delay: -1 ms, Speed: 0.00 M/s, Resolution: None
Name: 超级体育, URL: http://[2409:8087:1a01:df::7005]:80/ottrrs.hl.chinamobile.com/TVOD/88888888/224/3221225715/index.m3u8, From: subscribe, IPv_Type: ipv6, Location: 中国, ISP: 中国移动, Date: None, Delay: -1 ms, Speed: 0.00 M/s, Resolution: None
Name: 精品体育, URL: http://[2409:8087:1a15:10d1::38]/ottrrs.hl.chinamobile.com/PLTV/88888888/224/3221225674/index.m3u8, From: subscribe, IPv_Type: ipv6, Location: 中国, ISP: 中国移动, Date: None, Delay: -1 ms, Speed: 0.00 M/s, Resolution: None
Name: 精品体育, URL: https://epg.pw/stream/f7556eccd4ae06b0c2991fdc7a4f8388496559f728cc82459a8e50346040e226.m3u8, From: subscribe, IPv_Type: ipv6, Location: 美国, ISP: CloudFlare Inc., Date: None, Delay: -1 ms, Speed: 0.00 M/s, Resolution: None
Name: 广州竞赛, URL: http://php.jdshipin.com:8880/gztv.php?id=jingsai, From: subscribe, IPv_Type: ipv6, Location: 美国, ISP: CloudFlare Inc., Date: None, Delay: -1 ms, Speed: 0.00 M/s, Resolution: None
Name: 广州竞赛, URL: https://live.lalifeier.eu.org/gztv/jingsai.m3u8?t=1746307365&key=a9871a8d340d71198cae366f791f73b6, From: subscribe, IPv_Type: ipv6, Location: 美国, ISP: CloudFlare Inc., Date: None, Delay: -1 ms, Speed: 0.00 M/s, Resolution: None
Name: 广州竞赛, URL: https://stream1.freetv.fun/yan-zhou-jing-sai-13.m3u8, From: subscribe, IPv_Type: ipv6, Location: 美国, ISP: CloudFlare Inc., Date: None, Delay: -1 ms, Speed: 0.00 M/s, Resolution: None
Name: 广州竞赛, URL: https://t.freetv.fun/live/yan-zhou-jing-sai-1.m3u8, From: subscribe, IPv_Type: ipv6, Location: 美国, ISP: CloudFlare Inc., Date: None, Delay: -1 ms, Speed: 0.00 M/s, Resolution: None
Name: 辽宁体育, URL: http://tvbox6.com/tv/bfgd.php, From: subscribe, IPv_Type: ipv6, Location: 美国, ISP: CloudFlare Inc., Date: None, Delay: -1 ms, Speed: 0.00 M/s, Resolution: None
Name: 山东体育, URL: http://livealone.iqilu.com/iqilu/typdhjOF03kn.m3u8, From: subscribe, IPv_Type: ipv6, Location: 加拿大, ISP: , Date: None, Delay: -1 ms, Speed: 0.00 M/s, Resolution: None
Name: 山东体育, URL: http://livealone302.iqilu.com/iqilu/typd.m3u8, From: subscribe, IPv_Type: ipv6, Location: 加拿大, ISP: , Date: None, Delay: -1 ms, Speed: 0.00 M/s, Resolution: None
Name: 山东体育, URL: https://stream1.freetv.fun/shan-dong-ti-yu-19.m3u8, From: subscribe, IPv_Type: ipv6, Location: 美国, ISP: CloudFlare Inc., Date: None, Delay: -1 ms, Speed: 0.00 M/s, Resolution: None
Name: 山东体育, URL: https://t.freetv.fun/live/shan-dong-ti-yu.m3u8, From: subscribe, IPv_Type: ipv6, Location: 美国, ISP: CloudFlare Inc., Date: None, Delay: -1 ms, Speed: 0.00 M/s, Resolution: None
Name: 成都体育, URL: http://222.212.84.190:54123/rtp/239.93.0.224:1281, From: subscribe, IPv_Type: ipv4, Location: 中国-四川-成都, ISP: 电信, Date: None, Delay: 1267 ms, Speed: 0.00 M/s, Resolution: None
Name: 天津体育, URL: http://63.141.230.178:82/gslb/zbdq5.m3u8?id=tjtv5, From: subscribe, IPv_Type: ipv4, Location: 美国, ISP: , Date: None, Delay: 7389 ms, Speed: 0.41 M/s, Resolution: 1280x720
Name: 天津体育, URL: http://38.75.136.137:98/gslb/dsdqpub/tjtv5.m3u8?auth=testpub, From: subscribe, IPv_Type: ipv4, Location: 美国-哥伦比亚特区-哥伦比亚特区, ISP: Cogent, Date: None, Delay: 10247 ms, Speed: 0.29 M/s, Resolution: 1280x720
Name: 天津体育, URL: http://ak.cj022.com:10080/hls/6/index.m3u8, From: subscribe, IPv_Type: ipv4, Location: 中国-天津-天津, ISP: 联通, Date: None, Delay: 10612 ms, Speed: 0.05 M/s, Resolution: 1920x1080
Name: 江苏体育, URL: https://migu.188766.xyz/?migutoken=10de0c960f5002d4c118dcf3bb9b0a86&id=%E4%BD%93%E8%82%B2%E4%BC%91%E9%97%B2%E9%A2%91%E9%81%93&type=yy, From: subscribe, IPv_Type: ipv6, Location: 美国, ISP: CloudFlare Inc., Date: None, Delay: -1 ms, Speed: 0.00 M/s, Resolution: None
Name: 江苏体育, URL: https://stream1.freetv.fun/jiang-su-ti-yu-1.ctv, From: subscribe, IPv_Type: ipv6, Location: 美国, ISP: CloudFlare Inc., Date: None, Delay: -1 ms, Speed: 0.00 M/s, Resolution: None
Name: 江苏体育, URL: https://iptv.catvod.com/live.php?id=%E6%B1%9F%E8%8B%8F%E4%BD%93%E8%82%B2, From: subscribe, IPv_Type: ipv6, Location: 美国, ISP: CloudFlare Inc., Date: None, Delay: -1 ms, Speed: 0.00 M/s, Resolution: None
Name: 安徽综艺体育, URL: https://live.lalifeier.eu.org/ahtv/ahzyty.m3u8?t=1745774515&key=27009aec794adc785b22478c5aa2ae16, From: subscribe, IPv_Type: ipv6, Location: 美国, ISP: CloudFlare Inc., Date: None, Delay: -1 ms, Speed: 0.00 M/s, Resolution: None
Name: 安徽综艺体育, URL: https://stream1.freetv.fun/an-hui-zong-yi-ti-yu-8.m3u8, From: subscribe, IPv_Type: ipv6, Location: 美国, ISP: CloudFlare Inc., Date: None, Delay: -1 ms, Speed: 0.00 M/s, Resolution: None
Name: 睛彩篮球, URL: http://n1.gzbody.com:85/rtp/239.77.1.21:5146, From: subscribe, IPv_Type: ipv6, Location: 中国, ISP: 中国电信, Date: None, Delay: -1 ms, Speed: 0.00 M/s, Resolution: None
Name: 睛彩篮球, URL: http://[2409:8087:1a15:10d1::33]/ottrrs.hl.chinamobile.com/PLTV/88888888/224/3221226469/index.m3u8, From: subscribe, IPv_Type: ipv6, Location: 中国, ISP: 中国移动, Date: None, Delay: -1 ms, Speed: 0.00 M/s, Resolution: None
Name: 睛彩篮球, URL: http://[2409:8087:1a01:df::4055]:80/TVOD/88888888/224/3221225901/main.m3u8, From: subscribe, IPv_Type: ipv6, Location: 中国, ISP: 中国移动, Date: None, Delay: -1 ms, Speed: 0.00 M/s, Resolution: None
Name: 睛彩广场舞, URL: http://n1.gzbody.com:85/rtp/239.77.1.23:5146, From: subscribe, IPv_Type: ipv6, Location: 中国, ISP: 中国电信, Date: None, Delay: -1 ms, Speed: 0.00 M/s, Resolution: None
Name: 睛彩广场舞, URL: http://[2409:8087:1a15:10d1::37]/ottrrs.hl.chinamobile.com/PLTV/88888888/224/3221226472/index.m3u8, From: subscribe, IPv_Type: ipv6, Location: 中国, ISP: 中国移动, Date: None, Delay: -1 ms, Speed: 0.00 M/s, Resolution: None
Name: 睛彩广场舞, URL: http://dsj.motem.top:8880/itv/3000000020000011523.m3u8?cdn=FifastbLive, From: subscribe, IPv_Type: ipv6, Location: 美国, ISP: CloudFlare Inc., Date: None, Delay: -1 ms, Speed: 0.00 M/s, Resolution: None
Name: 睛彩广场舞, URL: http://13937899.xyz:35455/itv/3000000020000011523.m3u8?cdn=FifastbLive, From: subscribe, IPv_Type: ipv6, Location: 中国, ISP: 中国电信, Date: None, Delay: -1 ms, Speed: 0.00 M/s, Resolution: None
Name: 睛彩广场舞, URL: http://missyao.com:35455/itv/3000000020000011523.m3u8?cdn=FifastbLive, From: subscribe, IPv_Type: ipv6, Location: 中国-香港, ISP: , Date: None, Delay: -1 ms, Speed: 0.00 M/s, Resolution: None
Name: 睛彩广场舞, URL: http://zjzcf.synology.me:35455/itv/3000000020000011523.m3u8?cdn=FifastbLive, From: subscribe, IPv_Type: ipv6, Location: 中国, ISP: 中国移动, Date: None, Delay: -1 ms, Speed: 0.00 M/s, Resolution: None
Name: 睛彩广场舞, URL: http://[2409:8087:1a01:df::7005]:80/ottrrs.hl.chinamobile.com/TVOD/88888888/224/3221226472/index.m3u8, From: subscribe, IPv_Type: ipv6, Location: 中国, ISP: 中国移动, Date: None, Delay: -1 ms, Speed: 0.00 M/s, Resolution: None
Name: 睛彩广场舞, URL: http://b.xiongnas.top:8888/rtp/239.3.1.128:8001, From: subscribe, IPv_Type: ipv6, Location: 中国, ISP: 中国联通, Date: None, Delay: -1 ms, Speed: 0.00 M/s, Resolution: None
Name: 睛彩广场舞, URL: http://[2409:8087:1e01:20::3]/PLTV/11/224/3221226139/index.m3u8, From: subscribe, IPv_Type: ipv6, Location: 中国, ISP: 中国移动, Date: None, Delay: -1 ms, Speed: 0.00 M/s, Resolution: None
Name: 睛彩广场舞, URL: https://iptv.catvod.com/live.php?id=%E7%9D%9B%E5%BD%A9%E5%B9%BF%E5%9C%BA%E8%88%9E, From: subscribe, IPv_Type: ipv6, Location: 美国, ISP: CloudFlare Inc., Date: None, Delay: -1 ms, Speed: 0.00 M/s, Resolution: None
Name: 睛彩广场舞, URL: http://iptv.666230.xyz/iptv/bjyd.php/6389, From: subscribe, IPv_Type: ipv6, Location: 美国, ISP: CloudFlare Inc., Date: None, Delay: -1 ms, Speed: 0.00 M/s, Resolution: None
Name: 睛彩广场舞, URL: http://[2409:8087:1e02:20::10]/000000001000PLTV/11/224/3221226139/1.m3u8, From: subscribe, IPv_Type: ipv6, Location: 中国, ISP: 中国移动, Date: None, Delay: -1 ms, Speed: 0.00 M/s, Resolution: None
Name: 风云足球, URL: http://n1.gzbody.com:85/rtp/239.253.43.14:5146, From: subscribe, IPv_Type: ipv6, Location: 中国, ISP: 中国电信, Date: None, Delay: -1 ms, Speed: 0.00 M/s, Resolution: None
Name: 风云足球, URL: http://[2409:8087:7001:20:2::3]/dbiptv.sn.chinamobile.com/PLTV/88888893/224/3221226984/index.m3u8, From: subscribe, IPv_Type: ipv6, Location: 中国, ISP: 中国移动, Date: None, Delay: -1 ms, Speed: 0.00 M/s, Resolution: None
Name: 风云足球, URL: https://live.goodiptv.club/api/yqgd.php?id=fyzq, From: subscribe, IPv_Type: ipv6, Location: 美国, ISP: CloudFlare Inc., Date: None, Delay: -1 ms, Speed: 0.00 M/s, Resolution: None
Name: 风云足球, URL: https://hls-gateway.vpstv.net/streams/708859.m3u8, From: subscribe, IPv_Type: ipv6, Location: 美国, ISP: CloudFlare Inc., Date: None, Delay: -1 ms, Speed: 0.00 M/s, Resolution: None
Name: 风云足球, URL: https://epg.pw/stream/ac8062ec9484078061d3bef507c15a423ac57ae4144e3fcc4b0a198dd420f911.m3u8, From: subscribe, IPv_Type: ipv6, Location: 美国, ISP: CloudFlare Inc., Date: None, Delay: -1 ms, Speed: 0.00 M/s, Resolution: None
Name: 风云足球, URL: https://cc06.tv12.xyz/41.m3u8, From: subscribe, IPv_Type: ipv6, Location: 美国, ISP: CloudFlare Inc., Date: None, Delay: -1 ms, Speed: 0.00 M/s, Resolution: None
Name: 风云足球, URL: http://www.qfly9236.cn:8888/rtp/239.253.92.110:8061, From: subscribe, IPv_Type: ipv6, Location: 中国, ISP: 中国联通, Date: None, Delay: -1 ms, Speed: 0.00 M/s, Resolution: None
Name: 魅力足球, URL: https://www.freetv.top/migu/796070308.m3u8?migutoken=0a72668399c6f96d928c0bf0adbe330bbae95b55cfc10f2da9e830e2e06051b89a0e1db847eaa61f6b897e3efcb05ecc6160c2ce3c8073fb2d90c8ed191845e1ca16f6bcd3aaa13f6538d2074d, From: subscribe, IPv_Type: ipv6, Location: 美国, ISP: Oracle Corporation, Date: None, Delay: -1 ms, Speed: 0.00 M/s, Resolution: None
Name: 魅力足球, URL: https://hls-gateway.vpstv.net/streams/708839.m3u8, From: subscribe, IPv_Type: ipv6, Location: 美国, ISP: CloudFlare Inc., Date: None, Delay: -1 ms, Speed: 0.00 M/s, Resolution: None
Name: 魅力足球, URL: https://stream1.freetv.fun/ipv6-mei-li-zu-qiu-4.m3u8, From: subscribe, IPv_Type: ipv6, Location: 美国, ISP: CloudFlare Inc., Date: None, Delay: -1 ms, Speed: 0.00 M/s, Resolution: None
Name: 天元围棋, URL: http://n1.gzbody.com:85/rtp/239.253.43.98:5146, From: subscribe, IPv_Type: ipv6, Location: 中国, ISP: 中国电信, Date: None, Delay: -1 ms, Speed: 0.00 M/s, Resolution: None
Name: 天元围棋, URL: http://wouu.net:9977/udp/239.93.42.55:5140, From: subscribe, IPv_Type: ipv6, Location: 保留地址, ISP: 主机之间的链路本地地址, Date: None, Delay: -1 ms, Speed: 0.00 M/s, Resolution: None
Name: 天元围棋, URL: https://cc06.tv12.xyz/47.m3u8, From: subscribe, IPv_Type: ipv6, Location: 美国, ISP: CloudFlare Inc., Date: None, Delay: -1 ms, Speed: 0.00 M/s, Resolution: None
Name: 快乐垂钓, URL: http://n1.gzbody.com:85/rtp/239.77.0.145:5146, From: subscribe, IPv_Type: ipv6, Location: 中国, ISP: 中国电信, Date: None, Delay: -1 ms, Speed: 0.00 M/s, Resolution: None
Name: 快乐垂钓, URL: https://hls-gateway.vpstv.net/streams/708835.m3u8, From: subscribe, IPv_Type: ipv6, Location: 美国, ISP: CloudFlare Inc., Date: None, Delay: -1 ms, Speed: 0.00 M/s, Resolution: None
Name: 快乐垂钓, URL: https://cc06.tv12.xyz/56.m3u8, From: subscribe, IPv_Type: ipv6, Location: 美国, ISP: CloudFlare Inc., Date: None, Delay: -1 ms, Speed: 0.00 M/s, Resolution: None
Name: 快乐垂钓, URL: https://migu.188766.xyz/?migutoken=786b1099b98396dd627cb3dc7218143f&id=%E5%BF%AB%E4%B9%90%E5%9E%82%E9%92%93&type=yy, From: subscribe, IPv_Type: ipv6, Location: 美国, ISP: CloudFlare Inc., Date: None, Delay: -1 ms, Speed: 0.00 M/s, Resolution: None
Name: 快乐垂钓, URL: http://mgsp-yx2.live.miguvideo.com:8088/migu/kailu/ydcmklcd/51/20251225/index.m3u8?msisdn=e55e9ee71b42d2d7008a152c069625e3&mdspid=&spid=600603&netType=0&sid=5910022317&pid=2028597139&timestamp=20260215080207&Channel_ID=0116_2600034600-99000-201600010010028&ProgramID=961930263&ParentNodeID=-99&assertID=5910022317&client_ip=218.28.233.106&SecurityKey=20260215080207&promotionId=&mvid=5900006783&mcid=500020&playurlVersion=WX-A1-9.2.1-RELEASE&userid=&jmhm=&videocodec=h264&appCode=miguvideo_android&bean=mgspad&tid=android&conFee=0&encrypt=bd132ade9d451fe1c827f6fdfeb9ea32&sv=10004&ct=android, From: subscribe, IPv_Type: ipv6, Location: 中国, ISP: 中国电信, Date: None, Delay: -1 ms, Speed: 0.00 M/s, Resolution: None
Name: 快乐垂钓, URL: http://mgsp-hs2.live.miguvideo.com:8088/migu/kailu/ydcmklcd/51/20251225/index.m3u8?msisdn=2be6b2ec9fcf10d2c2457e2c710e172c&mdspid=&spid=600603&netType=0&sid=5910022317&pid=2028597139&timestamp=20260225080207&Channel_ID=0116_2600034600-99000-201600010010028&ProgramID=961930263&ParentNodeID=-99&assertID=5910022317&client_ip=218.28.233.106&SecurityKey=20260225080207&promotionId=&mvid=5900006783&mcid=500020&playurlVersion=WX-A1-9.2.1-RELEASE&userid=&jmhm=&videocodec=h264&appCode=miguvideo_android&bean=mgspad&tid=android&conFee=0&encrypt=096901493b9446dfbb90d1c037fcf730&sv=10004&ct=android, From: subscribe, IPv_Type: ipv6, Location: 中国, ISP: 中国联通, Date: None, Delay: -1 ms, Speed: 0.00 M/s, Resolution: None
Name: 快乐垂钓, URL: http://mgsp-zy2.live.miguvideo.com:8088/migu/kailu/ydcmklcd/51/20251225/index.m3u8?msisdn=2be6b2ec9fcf10d2c2457e2c710e172c&mdspid=&spid=600603&netType=0&sid=5910022317&pid=2028597139&timestamp=20260226080224&Channel_ID=0116_2600034600-99000-201600010010028&ProgramID=961930263&ParentNodeID=-99&assertID=5910022317&client_ip=218.28.233.106&SecurityKey=20260226080224&promotionId=&mvid=5900006783&mcid=500020&playurlVersion=WX-A1-9.2.1-RELEASE&userid=&jmhm=&videocodec=h264&appCode=miguvideo_android&bean=mgspad&tid=android&conFee=0&encrypt=caeacd537818f72d95cc68f0daabecef&sv=10004&ct=android, From: subscribe, IPv_Type: ipv6, Location: 中国, ISP: 中国电信, Date: None, Delay: -1 ms, Speed: 0.00 M/s, Resolution: None
Name: 快乐垂钓, URL: http://mgsp-ws2.live.miguvideo.com:8088/migu/kailu/ydcmklcd/51/20251225/index.m3u8?msisdn=2be6b2ec9fcf10d2c2457e2c710e172c&mdspid=&spid=600603&netType=0&sid=5910022317&pid=2028597139&timestamp=20260302080224&Channel_ID=0116_2600034600-99000-201600010010028&ProgramID=961930263&ParentNodeID=-99&assertID=5910022317&client_ip=218.28.233.106&SecurityKey=20260302080224&promotionId=&mvid=5900006783&mcid=500020&playurlVersion=WX-A1-9.2.1-RELEASE&userid=&jmhm=&videocodec=h264&appCode=miguvideo_android&bean=mgspad&tid=android&conFee=0&encrypt=7aeb2b3bea1de7912016ef046565fbd1&sv=10004&ct=android, From: subscribe, IPv_Type: ipv6, Location: 加拿大, ISP: , Date: None, Delay: -1 ms, Speed: 0.00 M/s, Resolution: None
Name: JJ斗地主, URL: https://live.iill.top/douyin/685317364746, From: subscribe, IPv_Type: ipv6, Location: 美国, ISP: CloudFlare Inc., Date: None, Delay: -1 ms, Speed: 0.00 M/s, Resolution: None
Name: 少儿动画, URL: rtsp://115.153.247.80/PLTV/88888888/224/3221227006/86440922.smil, From: subscribe, IPv_Type: ipv4, Location: 中国-江西-宜春, ISP: 电信, Date: None, Delay: 10005 ms, Speed: 0.00 M/s, Resolution: None
Name: 少儿动画, URL: http://222.212.84.190:54123/rtp/239.93.0.193:9000, From: subscribe, IPv_Type: ipv4, Location: 中国-四川-成都, ISP: 电信, Date: None, Delay: 479 ms, Speed: 0.00 M/s, Resolution: None
Name: 卡酷动画, URL: http://n1.gzbody.com:85/rtp/239.77.0.79:5146, From: subscribe, IPv_Type: ipv6, Location: 中国, ISP: 中国电信, Date: None, Delay: -1 ms, Speed: 0.00 M/s, Resolution: None
Name: 卡酷动画, URL: http://[2409:8087:1a15:10d1::33]/ottrrs.hl.chinamobile.com/PLTV/88888888/224/3221225654/index.m3u8, From: subscribe, IPv_Type: ipv6, Location: 中国, ISP: 中国移动, Date: None, Delay: -1 ms, Speed: 0.00 M/s, Resolution: None
Name: 卡酷动画, URL: http://[2409:8087:5e08:25::16]:6610/200000001898/460000089800010081/1.m3u8, From: subscribe, IPv_Type: ipv6, Location: 中国, ISP: 中国移动, Date: None, Delay: -1 ms, Speed: 0.00 M/s, Resolution: None
Name: 卡酷动画, URL: https://migu.188766.xyz/?migutoken=1023983db6b5249e61d4950c1654cd84&id=%E5%8C%97%E4%BA%AC%E5%8D%A1%E9%85%B7%E5%B0%91%E5%84%BF&type=yy, From: subscribe, IPv_Type: ipv6, Location: 美国, ISP: CloudFlare Inc., Date: None, Delay: -1 ms, Speed: 0.00 M/s, Resolution: None
Name: 卡酷动画, URL: http://b.xiongnas.top:8888/rtp/239.3.1.189:8000, From: subscribe, IPv_Type: ipv6, Location: 中国, ISP: 中国联通, Date: None, Delay: -1 ms, Speed: 0.00 M/s, Resolution: None
Name: 卡酷动画, URL: https://cc06.tv12.xyz/29.m3u8, From: subscribe, IPv_Type: ipv6, Location: 美国, ISP: CloudFlare Inc., Date: None, Delay: -1 ms, Speed: 0.00 M/s, Resolution: None
Name: 卡酷动画, URL: http://k.061899.xyz/k.php?id=bjkk, From: subscribe, IPv_Type: ipv6, Location: 新加坡, ISP: Aceville Pte.Ltd., Date: None, Delay: -1 ms, Speed: 0.00 M/s, Resolution: None
Name: 动漫秀场, URL: http://php.jdshipin.com/itv6.php?cid=bestzb&id=5000000011000031113, From: subscribe, IPv_Type: ipv6, Location: 美国, ISP: CloudFlare Inc., Date: None, Delay: -1 ms, Speed: 0.00 M/s, Resolution: None
Name: 动漫秀场, URL: https://stream1.freetv.fun/ipv6-dong-man-xiu-chang-11.m3u8, From: subscribe, IPv_Type: ipv6, Location: 美国, ISP: CloudFlare Inc., Date: None, Delay: -1 ms, Speed: 0.00 M/s, Resolution: None
Name: 动漫秀场, URL: https://live.v1.mk/api/bestv.php?id=dmxc8m/8000000, From: subscribe, IPv_Type: ipv6, Location: 美国, ISP: CloudFlare Inc., Date: None, Delay: -1 ms, Speed: 0.00 M/s, Resolution: None
Name: 动漫秀场, URL: http://iptv.cdn.ha.chinamobile.com/PLTV/88888888/224/3221226608/index.m3u8, From: subscribe, IPv_Type: ipv6, Location: 中国, ISP: 中国移动, Date: None, Delay: -1 ms, Speed: 0.00 M/s, Resolution: None
Name: 动漫秀场, URL: https://hls-gateway.vpstv.net/streams/708843.m3u8, From: subscribe, IPv_Type: ipv6, Location: 美国, ISP: CloudFlare Inc., Date: None, Delay: -1 ms, Speed: 0.00 M/s, Resolution: None
Name: 动漫秀场, URL: http://[2409:8087:1e01:23::10]:8112/000000001000/5000000002000023636/1.m3u8?channel-id=bestzb&Contentid=5000000002000023636&livemode=1&stbId=m, From: subscribe, IPv_Type: ipv6, Location: 中国, ISP: 中国移动, Date: None, Delay: -1 ms, Speed: 0.00 M/s, Resolution: None
Name: 新动漫, URL: https://tv.iill.top/migu/xdm&token=cc939526aed05a9c3f42c88c61fb8cb76c2acee2ebd65691e243451029eb7b84, From: subscribe, IPv_Type: ipv6, Location: 美国, ISP: CloudFlare Inc., Date: None, Delay: -1 ms, Speed: 0.00 M/s, Resolution: None
Name: 新动漫, URL: https://migu.188766.xyz/?migutoken=0fb66d5ac60022ceda271785fba4e744&id=%E6%96%B0%E5%8A%A8%E6%BC%AB&type=yy, From: subscribe, IPv_Type: ipv6, Location: 美国, ISP: CloudFlare Inc., Date: None, Delay: -1 ms, Speed: 0.00 M/s, Resolution: None
Name: 新动漫, URL: https://iptv.catvod.com/catvod?id=%E6%96%B0%E5%8A%A8%E6%BC%AB&line=3, From: subscribe, IPv_Type: ipv4, Location: 美国-加利福尼亚州-洛杉矶, ISP: IT7网络, Date: None, Delay: 28 ms, Speed: 20.19 M/s, Resolution: 1920x1080
Name: 爱动漫, URL: http://php.jdshipin.com:8880/itv6s.php?cid=wasusyt&id=6000000006000280630, From: subscribe, IPv_Type: ipv6, Location: 美国, ISP: CloudFlare Inc., Date: None, Delay: -1 ms, Speed: 0.00 M/s, Resolution: None
Name: 爱动漫, URL: http://[2409:8087:5e08:24::17]:6610/000000001000/2000000004000000059/index.m3u8, From: subscribe, IPv_Type: ipv6, Location: 中国, ISP: 中国移动, Date: None, Delay: -1 ms, Speed: 0.00 M/s, Resolution: None
Name: 爱动漫, URL: http://[2409:8087:5e08:24::11]:6610/000000001000/2000000004000000059/index.m3u8, From: subscribe, IPv_Type: ipv6, Location: 中国, ISP: 中国移动, Date: None, Delay: -1 ms, Speed: 0.00 M/s, Resolution: None
Name: 爱动漫, URL: http://hwltc.tv.cdn.zj.chinamobile.com/PLTV/88888888/224/3221235628/1/index.m3u8?fmt=ts2hls, From: subscribe, IPv_Type: ipv6, Location: 中国, ISP: 中国移动, Date: None, Delay: -1 ms, Speed: 0.00 M/s, Resolution: None
Name: CN卡通, URL: https://hls-gateway.vpstv.net/streams/476247.m3u8, From: subscribe, IPv_Type: ipv6, Location: 美国, ISP: CloudFlare Inc., Date: None, Delay: -1 ms, Speed: 0.00 M/s, Resolution: None
Name: CN卡通, URL: https://stream1.freetv.fun/cnqia-tong-3.ctv, From: subscribe, IPv_Type: ipv6, Location: 美国, ISP: CloudFlare Inc., Date: None, Delay: -1 ms, Speed: 0.00 M/s, Resolution: None
Name: 优漫卡通, URL: http://ottrrs.hl.chinamobile.com/PLTV/88888888/224/3221225656/index.m3u8, From: subscribe, IPv_Type: ipv6, Location: 中国, ISP: 中国移动, Date: None, Delay: -1 ms, Speed: 0.00 M/s, Resolution: None
Name: 优漫卡通, URL: http://gslbmgsplive.miguvideo.com/wd_r2/jstv/ymkt/600/index.m3u8?msisdn=202509071500332d85df6154324803930c21d3fbe38d78&mdspid=&spid=699067&netType=0&sid=5500260553&pid=2028597139&timestamp=20250907150033&Channel_ID=0116_2600037000-99000-200300220100002&ProgramID=626064703&ParentNodeID=-99&assertID=5500260553&client_ip=106.13.250.89&SecurityKey=20250907150033&promotionId=&mvid=5100186455&mcid=500020&playurlVersion=WX-A1-8.8.1-RELEASE&userid=&jmhm=&videocodec=h264&bean=mgspad&tid=android&conFee=0&puData=7cba607b9abfa93b3bba4959c972a0e3&ddCalcu=37ecv0baaax26a7097cb995a9b4faab9b33b&sv=10004&ct=android, From: subscribe, IPv_Type: ipv6, Location: 中国, ISP: 中国移动, Date: None, Delay: -1 ms, Speed: 0.00 M/s, Resolution: None
Name: 优漫卡通, URL: http://n1.gzbody.com:85/rtp/239.77.0.222:5146, From: subscribe, IPv_Type: ipv6, Location: 中国, ISP: 中国电信, Date: None, Delay: -1 ms, Speed: 0.00 M/s, Resolution: None
Name: 优漫卡通, URL: https://stream1.freetv.fun/you-man-qia-tong-11.m3u8, From: subscribe, IPv_Type: ipv6, Location: 美国, ISP: CloudFlare Inc., Date: None, Delay: -1 ms, Speed: 0.00 M/s, Resolution: None
Name: 优漫卡通, URL: https://www.freetv.top/migu/626064703.m3u8?migutoken=deac6c5275081b54ad412a195e499b7c0cb8f04446b6c80aaa9d3eb1063d620261c68202d59aea05060007b58a62d5d208f16379d861d6f1627c10c9dd894f0bf7e3ca97b04696255e193e871c, From: subscribe, IPv_Type: ipv6, Location: 美国, ISP: Oracle Corporation, Date: None, Delay: -1 ms, Speed: 0.00 M/s, Resolution: None
Name: 优漫卡通, URL: http://iptv.cdn.ha.chinamobile.com/PLTV/88888888/224/3221226406/index.m3u8, From: subscribe, IPv_Type: ipv6, Location: 中国, ISP: 中国移动, Date: None, Delay: -1 ms, Speed: 0.00 M/s, Resolution: None
Name: 优漫卡通, URL: https://migu.188766.xyz/?migutoken=7ae869d8b56d862ddd9a90cbb79ae202&id=%E4%BC%98%E6%BC%AB%E5%8D%A1%E9%80%9A%E9%A2%91%E9%81%93&type=yy, From: subscribe, IPv_Type: ipv6, Location: 美国, ISP: CloudFlare Inc., Date: None, Delay: -1 ms, Speed: 0.00 M/s, Resolution: None
Name: 优漫卡通, URL: https://live.chinacert.cftest5.cn/mg/?id=626064703, From: subscribe, IPv_Type: ipv6, Location: 中国, ISP: 中国电信, Date: None, Delay: -1 ms, Speed: 0.00 M/s, Resolution: None
Name: 金鹰卡通, URL: http://ottrrs.hl.chinamobile.com/PLTV/88888888/224/3221225653/index.m3u8, From: subscribe, IPv_Type: ipv6, Location: 中国, ISP: 中国移动, Date: None, Delay: -1 ms, Speed: 0.00 M/s, Resolution: None
Name: 金鹰卡通, URL: http://n1.gzbody.com:85/rtp/239.77.0.164:5146, From: subscribe, IPv_Type: ipv6, Location: 中国, ISP: 中国电信, Date: None, Delay: -1 ms, Speed: 0.00 M/s, Resolution: None
Name: 金鹰卡通, URL: https://stream1.freetv.fun/jin-ying-qia-tong-gao-qing-1.m3u8, From: subscribe, IPv_Type: ipv6, Location: 美国, ISP: CloudFlare Inc., Date: None, Delay: -1 ms, Speed: 0.00 M/s, Resolution: None
Name: 金鹰卡通, URL: http://dsj.motem.top:8880/bptv/10000100000000050000000004796942.m3u8, From: subscribe, IPv_Type: ipv6, Location: 美国, ISP: CloudFlare Inc., Date: None, Delay: -1 ms, Speed: 0.00 M/s, Resolution: None
Name: 金鹰卡通, URL: http://iptv.cdn.ha.chinamobile.com/PLTV/88888888/224/3221226624/index.m3u8, From: subscribe, IPv_Type: ipv6, Location: 中国, ISP: 中国移动, Date: None, Delay: -1 ms, Speed: 0.00 M/s, Resolution: None
Name: 金鹰卡通, URL: https://cc06.tv12.xyz/55.m3u8, From: subscribe, IPv_Type: ipv6, Location: 美国, ISP: CloudFlare Inc., Date: None, Delay: -1 ms, Speed: 0.00 M/s, Resolution: None
Name: 金鹰卡通, URL: https://t.freetv.fun/live/jin-ying-qia-tong-11.m3u8, From: subscribe, IPv_Type: ipv6, Location: 美国, ISP: CloudFlare Inc., Date: None, Delay: -1 ms, Speed: 0.00 M/s, Resolution: None
Name: 黑莓动画, URL: http://[2409:8087:1a01:df::4007]:80/TVOD/88888888/224/3221225529/main.m3u8, From: subscribe, IPv_Type: ipv6, Location: 中国, ISP: 中国移动, Date: None, Delay: -1 ms, Speed: 0.00 M/s, Resolution: None
Name: 炫动卡通, URL: http://n1.gzbody.com:85/rtp/239.77.1.139:5146, From: subscribe, IPv_Type: ipv6, Location: 中国, ISP: 中国电信, Date: None, Delay: -1 ms, Speed: 0.00 M/s, Resolution: None
Name: 炫动卡通, URL: http://[2409:8087:1a15:10d1::39]/ottrrs.hl.chinamobile.com/PLTV/88888888/224/3221225657/index.m3u8, From: subscribe, IPv_Type: ipv6, Location: 中国, ISP: 中国移动, Date: None, Delay: -1 ms, Speed: 0.00 M/s, Resolution: None
Name: 炫动卡通, URL: http://php.jdshipin.com/TVOD/hnyd.php?id=200000001898/460000089800010117, From: subscribe, IPv_Type: ipv6, Location: 美国, ISP: CloudFlare Inc., Date: None, Delay: -1 ms, Speed: 0.00 M/s, Resolution: None
Name: 炫动卡通, URL: http://[2409:8087:8:21::18]:6610/otttv.bj.chinamobile.com/PLTV/88888888/224/3221226931/1.m3u8, From: subscribe, IPv_Type: ipv6, Location: 中国, ISP: 中国移动, Date: None, Delay: -1 ms, Speed: 0.00 M/s, Resolution: None
Name: 炫动卡通, URL: https://stream1.freetv.fun/ipv6-ha-ha-xuan-dong-10.m3u8, From: subscribe, IPv_Type: ipv6, Location: 美国, ISP: CloudFlare Inc., Date: None, Delay: -1 ms, Speed: 0.00 M/s, Resolution: None
Name: 炫动卡通, URL: http://[2409:8087:5e08:25::16]:6610/200000001898/460000089800010117/1.m3u8, From: subscribe, IPv_Type: ipv6, Location: 中国, ISP: 中国移动, Date: None, Delay: -1 ms, Speed: 0.00 M/s, Resolution: None
Name: 炫动卡通, URL: https://migu.188766.xyz/?migutoken=b43933d6b1c41ad0333c84f94a2ed9db&id=hhxd&type=sz, From: subscribe, IPv_Type: ipv6, Location: 美国, ISP: CloudFlare Inc., Date: None, Delay: -1 ms, Speed: 0.00 M/s, Resolution: None
Name: 炫动卡通, URL: https://t.freetv.fun/live/ha-ha-xuan-dong-2.m3u8, From: subscribe, IPv_Type: ipv6, Location: 美国, ISP: CloudFlare Inc., Date: None, Delay: -1 ms, Speed: 0.00 M/s, Resolution: None
Name: 浙江少儿, URL: https://stream1.freetv.fun/zhe-jiang-shao-er-4.m3u8, From: subscribe, IPv_Type: ipv6, Location: 美国, ISP: CloudFlare Inc., Date: None, Delay: -1 ms, Speed: 0.00 M/s, Resolution: None
Name: 浙江少儿, URL: http://ali-vl.cztv.com/channels/lantian/channel008/360p.m3u8, From: subscribe, IPv_Type: ipv6, Location: 中国, ISP: 中国电信, Date: None, Delay: -1 ms, Speed: 0.00 M/s, Resolution: None
Name: 河北少儿科教, URL: https://stream1.freetv.fun/he-bei-shao-er-ke-jiao-12.m3u8, From: subscribe, IPv_Type: ipv6, Location: 美国, ISP: CloudFlare Inc., Date: None, Delay: -1 ms, Speed: 0.00 M/s, Resolution: None
Name: 七龙珠, URL: https://live.ottiptv.cc/huya/11601966, From: subscribe, IPv_Type: ipv6, Location: 美国-新泽西州-巴赛克, ISP: DigitalOcean, Date: None, Delay: -1 ms, Speed: 0.00 M/s, Resolution: None
Name: 七龙珠, URL: https://live.metshop.top/huya/11601966, From: subscribe, IPv_Type: ipv6, Location: 美国, ISP: CloudFlare Inc., Date: None, Delay: -1 ms, Speed: 0.00 M/s, Resolution: None
Name: 七龙珠, URL: http://cdn.jdshipin.com:8880/huya.php?id=11601966, From: subscribe, IPv_Type: ipv6, Location: 美国, ISP: CloudFlare Inc., Date: None, Delay: -1 ms, Speed: 0.00 M/s, Resolution: None
Name: 火影忍者, URL: http://cdn.jdshipin.com:8880/huya.php?id=29465866, From: subscribe, IPv_Type: ipv6, Location: 美国, ISP: CloudFlare Inc., Date: None, Delay: -1 ms, Speed: 0.00 M/s, Resolution: None
Name: 海绵宝宝, URL: https://mursor.ottiptv.cc/douyu/7528160, From: subscribe, IPv_Type: ipv6, Location: 美国-新泽西州-巴赛克, ISP: DigitalOcean, Date: None, Delay: -1 ms, Speed: 0.00 M/s, Resolution: None
Name: 海绵宝宝, URL: https://live.metshop.top/douyu/3949681, From: subscribe, IPv_Type: ipv6, Location: 美国, ISP: CloudFlare Inc., Date: None, Delay: -1 ms, Speed: 0.00 M/s, Resolution: None
Name: 中华小当家, URL: https://live.iill.top/huya/11342413, From: subscribe, IPv_Type: ipv6, Location: 美国, ISP: CloudFlare Inc., Date: None, Delay: -1 ms, Speed: 0.00 M/s, Resolution: None
Name: 中华小当家, URL: https://live.metshop.top/huya/11342413, From: subscribe, IPv_Type: ipv6, Location: 美国, ISP: CloudFlare Inc., Date: None, Delay: -1 ms, Speed: 0.00 M/s, Resolution: None
Name: 中华小当家, URL: https://live.ottiptv.cc/huya/11342413, From: subscribe, IPv_Type: ipv6, Location: 美国-新泽西州-巴赛克, ISP: DigitalOcean, Date: None, Delay: -1 ms, Speed: 0.00 M/s, Resolution: None
Name: 中华小当家, URL: http://cdn.jdshipin.com:8880/huya.php?id=11342413, From: subscribe, IPv_Type: ipv6, Location: 美国, ISP: CloudFlare Inc., Date: None, Delay: -1 ms, Speed: 0.00 M/s, Resolution: None
Name: 猫和老鼠, URL: https://live.iill.top/huya/11352879, From: subscribe, IPv_Type: ipv6, Location: 美国, ISP: CloudFlare Inc., Date: None, Delay: -1 ms, Speed: 0.00 M/s, Resolution: None
Name: 猫和老鼠, URL: http://live.iill.top/huya.php?id=11352879, From: subscribe, IPv_Type: ipv6, Location: 美国, ISP: CloudFlare Inc., Date: None, Delay: -1 ms, Speed: 0.00 M/s, Resolution: None
Name: 猫和老鼠, URL: https://live.ottiptv.cc/huya/11352879, From: subscribe, IPv_Type: ipv6, Location: 美国-新泽西州-巴赛克, ISP: DigitalOcean, Date: None, Delay: -1 ms, Speed: 0.00 M/s, Resolution: None
Name: 猫和老鼠, URL: https://live.metshop.top/huya/11352879, From: subscribe, IPv_Type: ipv6, Location: 美国, ISP: CloudFlare Inc., Date: None, Delay: -1 ms, Speed: 0.00 M/s, Resolution: None
Name: 猫和老鼠, URL: http://cdn.jdshipin.com:8880/huya.php?id=11352879, From: subscribe, IPv_Type: ipv6, Location: 美国, ISP: CloudFlare Inc., Date: None, Delay: -1 ms, Speed: 0.00 M/s, Resolution: None
Name: 经典动漫, URL: https://mursor.ottiptv.cc/yy/24180320, From: subscribe, IPv_Type: ipv6, Location: 美国-新泽西州-巴赛克, ISP: DigitalOcean, Date: None, Delay: -1 ms, Speed: 0.00 M/s, Resolution: None
Name: 蜡笔小新, URL: https://live.ottiptv.cc/bilibili/30837590, From: subscribe, IPv_Type: ipv6, Location: 美国, ISP: Oracle Corporation, Date: None, Delay: -1 ms, Speed: 0.00 M/s, Resolution: None
Name: 漫画解说, URL: https://www.goodiptv.club/douyu/5907076, From: subscribe, IPv_Type: ipv6, Location: 美国, ISP: CloudFlare Inc., Date: None, Delay: -1 ms, Speed: 0.00 M/s, Resolution: None
Name: 漫画解说, URL: https://mursor.ottiptv.cc/yy/1382735568, From: subscribe, IPv_Type: ipv6, Location: 美国-新泽西州-巴赛克, ISP: DigitalOcean, Date: None, Delay: -1 ms, Speed: 0.00 M/s, Resolution: None
Name: 漫画解说, URL: https://yylunbo.ottiptv.cc/yy/1382735568, From: subscribe, IPv_Type: ipv6, Location: 美国, ISP: CloudFlare Inc., Date: None, Delay: -1 ms, Speed: 0.00 M/s, Resolution: None
Name: CCTV-15, URL: http://gslbmgsplive.miguvideo.com/migu/kailu/20200324/cctv15hd/50/index.m3u8?msisdn=202509071500301988667ee69a42219d4eebdaf1fee5cd&mdspid=&spid=699004&netType=0&sid=5501083628&pid=2028597139&timestamp=20250907150030&Channel_ID=0116_2600037000-99000-200300220100002&ProgramID=673168223&ParentNodeID=-99&assertID=5501083628&client_ip=106.13.250.89&SecurityKey=20250907150030&promotionId=&mvid=5102910391&mcid=500020&playurlVersion=WX-A1-8.8.1-RELEASE&userid=&jmhm=&videocodec=h264&bean=mgspad&tid=android&conFee=0&puData=b8ea6815ec260b3f9023f44e9277a614&ddCalcu=4b18v6eaaaa76a782195ee4c42f6302b039f&sv=10004&ct=android, From: subscribe, IPv_Type: ipv6, Location: 中国, ISP: 中国移动, Date: None, Delay: -1 ms, Speed: 0.00 M/s, Resolution: None
Name: CCTV-15, URL: http://n1.gzbody.com:85/rtp/239.77.1.120:5146, From: subscribe, IPv_Type: ipv6, Location: 中国, ISP: 中国电信, Date: None, Delay: -1 ms, Speed: 0.00 M/s, Resolution: None
Name: CCTV-15, URL: http://bailudz.top:1236/111/hahahaha.php, From: subscribe, IPv_Type: ipv6, Location: 中国, ISP: 中国电信, Date: None, Delay: -1 ms, Speed: 0.00 M/s, Resolution: None
Name: CCTV-15, URL: http://hwrr.jx.chinamobile.com:8080/PLTV/88888888/224/3221225641/index.m3u8, From: subscribe, IPv_Type: ipv6, Location: 中国, ISP: 中国移动, Date: None, Delay: -1 ms, Speed: 0.00 M/s, Resolution: None
Name: CCTV-15, URL: https://migu.188766.xyz/?migutoken=462f398c31753fa3d7231a45c8092db5&id=CCTV15&pp=1, From: subscribe, IPv_Type: ipv6, Location: 美国, ISP: CloudFlare Inc., Date: None, Delay: -1 ms, Speed: 0.00 M/s, Resolution: None
Name: CCTV-15, URL: http://[2409:8087:1a15:10d1::36]/ottrrs.hl.chinamobile.com/PLTV/88888888/224/3221225601/index.m3u8, From: subscribe, IPv_Type: ipv6, Location: 中国, ISP: 中国移动, Date: None, Delay: -1 ms, Speed: 0.00 M/s, Resolution: None
Name: CCTV-15, URL: https://www.freetv.top/migu/673168223.m3u8?migutoken=4e8d5766579c6bef231494cabd07e5b49d965804790214280c9791e4c331fd90311cb62ea43d3a1899229bfa57be4afe5a567b32a6b78153fc9a9801e28a39435e078b48c211e71d6083519be4, From: subscribe, IPv_Type: ipv6, Location: 美国, ISP: Oracle Corporation, Date: None, Delay: -1 ms, Speed: 0.00 M/s, Resolution: None
Name: CCTV-15, URL: https://smart.pendy.dpdns.org/Smart.php?id=cctv15, From: subscribe, IPv_Type: ipv6, Location: 美国, ISP: CloudFlare Inc., Date: None, Delay: -1 ms, Speed: 0.00 M/s, Resolution: None
Name: CCTV-15, URL: http://[2409:8087:1a01:df::4033]:80/TVOD/88888888/224/3221226127/main.m3u8, From: subscribe, IPv_Type: ipv6, Location: 中国, ISP: 中国移动, Date: None, Delay: -1 ms, Speed: 0.00 M/s, Resolution: None
Name: CCTV-15, URL: http://[2409:8087:1a0a:df::404b]/ottrrs.hl.chinamobile.com/TVOD/88888888/224/3221225601/index.m3u8, From: subscribe, IPv_Type: ipv6, Location: 中国, ISP: 中国移动, Date: None, Delay: -1 ms, Speed: 0.00 M/s, Resolution: None
Name: CCTV-15, URL: http://[2409:8087:1a01:df::4077]/ottrrs.hl.chinamobile.com/PLTV/88888888/224/3221225601/index.m3u8, From: subscribe, IPv_Type: ipv6, Location: 中国, ISP: 中国移动, Date: None, Delay: -1 ms, Speed: 0.00 M/s, Resolution: None
Name: CCTV-15, URL: http://[2409:8087:8:21::18]:6610/otttv.bj.chinamobile.com/PLTV/88888888/224/3221226333/1.m3u8, From: subscribe, IPv_Type: ipv6, Location: 中国, ISP: 中国移动, Date: None, Delay: -1 ms, Speed: 0.00 M/s, Resolution: None
Name: CCTV-15, URL: http://iptv.cdn.ha.chinamobile.com/PLTV/88888888/224/3221227175/index.m3u8, From: subscribe, IPv_Type: ipv6, Location: 中国, ISP: 中国移动, Date: None, Delay: -1 ms, Speed: 0.00 M/s, Resolution: None
Name: CCTV-15, URL: http://yc.myds.me:35455/gaoma/cctv15.m3u8, From: subscribe, IPv_Type: ipv6, Location: 中国, ISP: 中国电信, Date: None, Delay: -1 ms, Speed: 0.00 M/s, Resolution: None
Name: CCTV-15, URL: https://stream1.freetv.fun/d8c678257099a8f24e3bb33a4f9059014ddf1de229ef366a1870f56c11b57c90.m3u8, From: subscribe, IPv_Type: ipv6, Location: 美国, ISP: CloudFlare Inc., Date: None, Delay: -1 ms, Speed: 0.00 M/s, Resolution: None
Name: CCTV-15, URL: https://hls-gateway.vpstv.net/streams/476901.m3u8, From: subscribe, IPv_Type: ipv6, Location: 美国, ISP: CloudFlare Inc., Date: None, Delay: -1 ms, Speed: 0.00 M/s, Resolution: None
Name: CCTV-15, URL: http://b.xiongnas.top:8888/rtp/239.3.1.153:8136, From: subscribe, IPv_Type: ipv6, Location: 中国, ISP: 中国联通, Date: None, Delay: -1 ms, Speed: 0.00 M/s, Resolution: None
Name: CCTV-15, URL: http://lu.wqwqwq.sbs/itv/1000000005000265014.m3u8?cdn=ystenlive, From: subscribe, IPv_Type: ipv6, Location: 美国, ISP: CloudFlare Inc., Date: None, Delay: -1 ms, Speed: 0.00 M/s, Resolution: None
Name: CCTV-15, URL: https://cc06.tv12.xyz/16.m3u8, From: subscribe, IPv_Type: ipv6, Location: 美国, ISP: CloudFlare Inc., Date: None, Delay: -1 ms, Speed: 0.00 M/s, Resolution: None
Name: CCTV-15, URL: https://jzb.wwkejishe.top/?id=593, From: subscribe, IPv_Type: ipv6, Location: 美国, ISP: CloudFlare Inc., Date: None, Delay: -1 ms, Speed: 0.00 M/s, Resolution: None
Name: CCTV-15, URL: http://jk55269942.myqnapcloud.com:4022/rtp/239.49.1.15:6000, From: subscribe, IPv_Type: ipv6, Location: 中国, ISP: 中国联通, Date: None, Delay: -1 ms, Speed: 0.00 M/s, Resolution: None
Name: CCTV-15, URL: http://zcb.myds.me:10001/rtp/239.49.1.15:6000, From: subscribe, IPv_Type: ipv6, Location: 中国, ISP: 中国电信, Date: None, Delay: -1 ms, Speed: 0.00 M/s, Resolution: None
Name: CCTV-15, URL: https://iptv.catvod.com/live.php?id=CCTV15%E9%9F%B3%E4%B9%90, From: subscribe, IPv_Type: ipv6, Location: 美国, ISP: CloudFlare Inc., Date: None, Delay: -1 ms, Speed: 0.00 M/s, Resolution: None
Name: CCTV-15, URL: https://shyd.695847.xyz/cms001/ch00000090990000001338/index.m3u8?IASHttpSessionId=RR4967720251014100028031761&ispcode=12, From: subscribe, IPv_Type: ipv6, Location: 美国, ISP: CloudFlare Inc., Date: None, Delay: -1 ms, Speed: 0.00 M/s, Resolution: None
Name: CCTV-15, URL: https://live.chinacert.cftest5.cn/mg/?id=673168223, From: subscribe, IPv_Type: ipv6, Location: 中国, ISP: 中国电信, Date: None, Delay: -1 ms, Speed: 0.00 M/s, Resolution: None
Name: CCTV-15, URL: http://mgsp-yx2.live.miguvideo.com:8088/migu/kailu/20200324/cctv15hd/51/index.m3u8?msisdn=e55e9ee71b42d2d7008a152c069625e3&mdspid=&spid=699004&netType=0&sid=5501083628&pid=2028597139&timestamp=20260216080222&Channel_ID=0116_2600034600-99000-201600010010028&ProgramID=673168223&ParentNodeID=-99&assertID=5501083628&client_ip=218.28.233.106&SecurityKey=20260216080222&promotionId=&mvid=5102910391&mcid=500020&playurlVersion=WX-A1-9.2.1-RELEASE&userid=&jmhm=&videocodec=h264&appCode=miguvideo_android&bean=mgspad&tid=android&conFee=0&encrypt=3117c2a0f9b45eee51af687ceb7c144d&sv=10004&ct=android, From: subscribe, IPv_Type: ipv6, Location: 中国, ISP: 中国电信, Date: None, Delay: -1 ms, Speed: 0.00 M/s, Resolution: None
Name: CCTV-15, URL: http://mgsp-zy2.live.miguvideo.com:8088/migu/kailu/20200324/cctv15hd/51/index.m3u8?msisdn=2be6b2ec9fcf10d2c2457e2c710e172c&mdspid=&spid=699004&netType=0&sid=5501083628&pid=2028597139&timestamp=20260225080205&Channel_ID=0116_2600034600-99000-201600010010028&ProgramID=673168223&ParentNodeID=-99&assertID=5501083628&client_ip=218.28.233.106&SecurityKey=20260225080205&promotionId=&mvid=5102910391&mcid=500020&playurlVersion=WX-A1-9.2.1-RELEASE&userid=&jmhm=&videocodec=h264&appCode=miguvideo_android&bean=mgspad&tid=android&conFee=0&encrypt=912026a1dcbfd6cb6213b1ab7b476697&sv=10004&ct=android, From: subscribe, IPv_Type: ipv6, Location: 中国, ISP: 中国电信, Date: None, Delay: -1 ms, Speed: 0.00 M/s, Resolution: None
Name: CCTV-15, URL: http://mgsp-hs2.live.miguvideo.com:8088/migu/kailu/20200324/cctv15hd/51/index.m3u8?msisdn=2be6b2ec9fcf10d2c2457e2c710e172c&mdspid=&spid=699004&netType=0&sid=5501083628&pid=2028597139&timestamp=20260302080222&Channel_ID=0116_2600034600-99000-201600010010028&ProgramID=673168223&ParentNodeID=-99&assertID=5501083628&client_ip=218.28.233.106&SecurityKey=20260302080222&promotionId=&mvid=5102910391&mcid=500020&playurlVersion=WX-A1-9.2.1-RELEASE&userid=&jmhm=&videocodec=h264&appCode=miguvideo_android&bean=mgspad&tid=android&conFee=0&encrypt=89b7b0da30cee3c73dd2fc622746c58d&sv=10004&ct=android, From: subscribe, IPv_Type: ipv6, Location: 中国, ISP: 中国联通, Date: None, Delay: -1 ms, Speed: 0.00 M/s, Resolution: None
Name: CCTV-15, URL: https://xykt-fix.github.io/play/a02e/index.m3u8, From: subscribe, IPv_Type: ipv6, Location: 美国, ISP: , Date: None, Delay: -1 ms, Speed: 0.00 M/s, Resolution: None
Name: 风云音乐, URL: http://n1.gzbody.com:85/rtp/239.253.43.29:5146, From: subscribe, IPv_Type: ipv6, Location: 中国, ISP: 中国电信, Date: None, Delay: -1 ms, Speed: 0.00 M/s, Resolution: None
Name: 风云音乐, URL: https://hls-gateway.vpstv.net/streams/708858.m3u8, From: subscribe, IPv_Type: ipv6, Location: 美国, ISP: CloudFlare Inc., Date: None, Delay: -1 ms, Speed: 0.00 M/s, Resolution: None
Name: 风云音乐, URL: http://jk55269942.myqnapcloud.com:4022/rtp/239.49.8.92:8000, From: subscribe, IPv_Type: ipv6, Location: 中国, ISP: 中国联通, Date: None, Delay: -1 ms, Speed: 0.00 M/s, Resolution: None
Name: 风云音乐, URL: http://zcb.myds.me:10001/rtp/239.49.8.92:8000, From: subscribe, IPv_Type: ipv6, Location: 中国, ISP: 中国电信, Date: None, Delay: -1 ms, Speed: 0.00 M/s, Resolution: None
Name: 风云音乐, URL: http://iptv.666230.xyz/iptv/jsyd.php/G_FENGYUNYY-CQ, From: subscribe, IPv_Type: ipv6, Location: 美国, ISP: CloudFlare Inc., Date: None, Delay: -1 ms, Speed: 0.00 M/s, Resolution: None
Name: 风云音乐, URL: http://www.qfly9236.cn:8888/rtp/239.253.92.111:8060, From: subscribe, IPv_Type: ipv6, Location: 中国, ISP: 中国联通, Date: None, Delay: -1 ms, Speed: 0.00 M/s, Resolution: None
Name: 风云音乐, URL: https://t.freetv.fun/live/cctvfeng-yun-yin-le.php, From: subscribe, IPv_Type: ipv6, Location: 美国, ISP: CloudFlare Inc., Date: None, Delay: -1 ms, Speed: 0.00 M/s, Resolution: None
Name: 音乐现场, URL: http://satellitepull.cnr.cn/live/wx32nmgyygb/playlist.m3u8, From: subscribe, IPv_Type: ipv4, Location: 美国-伊利诺伊州-库克, ISP: 网宿CDN节点, Date: None, Delay: 5 ms, Speed: 19.94 M/s, Resolution: None
Name: 音乐现场, URL: https://satellitepull.cnr.cn/live/wx32nmgyygb/playlist.m3u8, From: subscribe, IPv_Type: ipv4, Location: 美国-伊利诺伊州-库克, ISP: 网宿CDN节点, Date: None, Delay: 9 ms, Speed: 13.71 M/s, Resolution: None
Name: 音乐之声, URL: http://a.live.hnradio.com/yypd/radio120k_yypd.m3u8?auth_key=1588751172-0-0-d97b858279c1c86650172b9913ea4af2, From: subscribe, IPv_Type: ipv4, Location: 中国-上海-上海, ISP: 电信, Date: None, Delay: 1707 ms, Speed: 0.14 M/s, Resolution: None
Name: 潮流音乐, URL: http://play-radio-stream3.hndt.com/now/Or5au0KN/playlist.m3u8, From: subscribe, IPv_Type: ipv4, Location: 美国-弗吉尼亚州-劳登县, ISP: 网宿CDN节点, Date: None, Delay: 765 ms, Speed: 0.57 M/s, Resolution: None
Name: 音乐广播, URL: https://tv-1.iill.top/fm/552, From: subscribe, IPv_Type: ipv6, Location: 美国, ISP: CloudFlare Inc., Date: None, Delay: -1 ms, Speed: 0.00 M/s, Resolution: None
Name: 音乐广播, URL: https://tv.iill.top/fm/552&token=7c908a370d95d78e90a9d2ba4007e5185038b0ceac7435ba90e72c77cc035ff6, From: subscribe, IPv_Type: ipv6, Location: 美国, ISP: CloudFlare Inc., Date: None, Delay: -1 ms, Speed: 0.00 M/s, Resolution: None
Name: 笑傲江湖, URL: https://live.ottiptv.cc/huya/26355790, From: subscribe, IPv_Type: ipv6, Location: 美国-新泽西州-巴赛克, ISP: DigitalOcean, Date: None, Delay: -1 ms, Speed: 0.00 M/s, Resolution: None
Name: 笑傲江湖, URL: https://live.iill.top/huya/23865142, From: subscribe, IPv_Type: ipv6, Location: 美国, ISP: CloudFlare Inc., Date: None, Delay: -1 ms, Speed: 0.00 M/s, Resolution: None
Name: 笑傲江湖, URL: https://live.metshop.top/huya/26355790, From: subscribe, IPv_Type: ipv6, Location: 美国, ISP: CloudFlare Inc., Date: None, Delay: -1 ms, Speed: 0.00 M/s, Resolution: None
Name: 笑傲江湖, URL: http://cdn.jdshipin.com:8880/huya.php?id=26355790, From: subscribe, IPv_Type: ipv6, Location: 美国, ISP: CloudFlare Inc., Date: None, Delay: -1 ms, Speed: 0.00 M/s, Resolution: None
Name: 天龙八部, URL: https://live.ottiptv.cc/huya/20985816, From: subscribe, IPv_Type: ipv6, Location: 美国-新泽西州-巴赛克, ISP: DigitalOcean, Date: None, Delay: -1 ms, Speed: 0.00 M/s, Resolution: None
Name: 天龙八部, URL: https://live.metshop.top/huya/23903123, From: subscribe, IPv_Type: ipv6, Location: 美国, ISP: CloudFlare Inc., Date: None, Delay: -1 ms, Speed: 0.00 M/s, Resolution: None
Name: 天龙八部, URL: http://cdn.jdshipin.com:8880/huya.php?id=20985816, From: subscribe, IPv_Type: ipv6, Location: 美国, ISP: CloudFlare Inc., Date: None, Delay: -1 ms, Speed: 0.00 M/s, Resolution: None
Name: 鹿鼎记, URL: https://mursor.ottiptv.cc/yy/1460463356, From: subscribe, IPv_Type: ipv6, Location: 美国-新泽西州-巴赛克, ISP: DigitalOcean, Date: None, Delay: -1 ms, Speed: 0.00 M/s, Resolution: None
Name: 鹿鼎记, URL: https://live.ottiptv.cc/yy/28265277, From: subscribe, IPv_Type: ipv6, Location: 美国, ISP: Oracle Corporation, Date: None, Delay: -1 ms, Speed: 0.00 M/s, Resolution: None
Name: 仙剑奇侠传, URL: https://live.ottiptv.cc/yy/1382749903, From: subscribe, IPv_Type: ipv6, Location: 美国, ISP: Oracle Corporation, Date: None, Delay: -1 ms, Speed: 0.00 M/s, Resolution: None
Name: 西游记, URL: https://live.iill.top/huya/26355861, From: subscribe, IPv_Type: ipv6, Location: 美国, ISP: CloudFlare Inc., Date: None, Delay: -1 ms, Speed: 0.00 M/s, Resolution: None
Name: 西游记, URL: http://cdn.jdshipin.com:8880/huya.php?id=30080242, From: subscribe, IPv_Type: ipv6, Location: 美国, ISP: CloudFlare Inc., Date: None, Delay: -1 ms, Speed: 0.00 M/s, Resolution: None
Name: 西游记, URL: https://live.ottiptv.cc/huya/26355861, From: subscribe, IPv_Type: ipv6, Location: 美国-新泽西州-巴赛克, ISP: DigitalOcean, Date: None, Delay: -1 ms, Speed: 0.00 M/s, Resolution: None
Name: 西游记, URL: https://live.metshop.top/huya/26355861, From: subscribe, IPv_Type: ipv6, Location: 美国, ISP: CloudFlare Inc., Date: None, Delay: -1 ms, Speed: 0.00 M/s, Resolution: None
Name: 西游记, URL: https://lbds.us.ci/26355861, From: subscribe, IPv_Type: ipv6, Location: 美国, ISP: CloudFlare Inc., Date: None, Delay: -1 ms, Speed: 0.00 M/s, Resolution: None
Name: 西游记, URL: http://live.ottiptv.cc/huya/20985836, From: subscribe, IPv_Type: ipv6, Location: 英国, ISP: , Date: None, Delay: -1 ms, Speed: 0.00 M/s, Resolution: None
Name: 三国演义, URL: https://live.iill.top/huya/11602081, From: subscribe, IPv_Type: ipv6, Location: 美国, ISP: CloudFlare Inc., Date: None, Delay: -1 ms, Speed: 0.00 M/s, Resolution: None
Name: 三国演义, URL: https://live.ottiptv.cc/huya/11602081, From: subscribe, IPv_Type: ipv6, Location: 美国-新泽西州-巴赛克, ISP: DigitalOcean, Date: None, Delay: -1 ms, Speed: 0.00 M/s, Resolution: None
Name: 三国演义, URL: https://live.metshop.top/huya/11602081, From: subscribe, IPv_Type: ipv6, Location: 美国, ISP: CloudFlare Inc., Date: None, Delay: -1 ms, Speed: 0.00 M/s, Resolution: None
Name: 三国演义, URL: http://cdn.jdshipin.com:8880/huya.php?id=11602081, From: subscribe, IPv_Type: ipv6, Location: 美国, ISP: CloudFlare Inc., Date: None, Delay: -1 ms, Speed: 0.00 M/s, Resolution: None
Name: 水浒传, URL: http://www.clmy.cc:35455/yy/1353873252, From: subscribe, IPv_Type: ipv6, Location: 中国, ISP: 中国电信, Date: None, Delay: -1 ms, Speed: 0.00 M/s, Resolution: None
Name: 水浒传, URL: http://live.ottiptv.cc/huya/26355860, From: subscribe, IPv_Type: ipv6, Location: 英国, ISP: , Date: None, Delay: -1 ms, Speed: 0.00 M/s, Resolution: None
Name: 水浒传, URL: https://live.ottiptv.cc/yy/1353873252, From: subscribe, IPv_Type: ipv6, Location: 英国, ISP: , Date: None, Delay: -1 ms, Speed: 0.00 M/s, Resolution: None
Name: 新白娘子传奇, URL: http://live.iill.top/yy.php?id=1354490667, From: subscribe, IPv_Type: ipv6, Location: 美国, ISP: CloudFlare Inc., Date: None, Delay: -1 ms, Speed: 0.00 M/s, Resolution: None
Name: 新白娘子传奇, URL: https://live.ottiptv.cc/yy/1354490667, From: subscribe, IPv_Type: ipv6, Location: 美国, ISP: Oracle Corporation, Date: None, Delay: -1 ms, Speed: 0.00 M/s, Resolution: None
Name: 封神榜, URL: http://live.ottiptv.cc/huya/29465849, From: subscribe, IPv_Type: ipv6, Location: 美国, ISP: Oracle Corporation, Date: None, Delay: -1 ms, Speed: 0.00 M/s, Resolution: None
Name: 封神榜, URL: https://live.metshop.top/huya/29465849, From: subscribe, IPv_Type: ipv6, Location: 美国, ISP: CloudFlare Inc., Date: None, Delay: -1 ms, Speed: 0.00 M/s, Resolution: None
Name: 封神榜, URL: http://cdn.jdshipin.com:8880/huya.php?id=29465849, From: subscribe, IPv_Type: ipv6, Location: 美国, ISP: CloudFlare Inc., Date: None, Delay: -1 ms, Speed: 0.00 M/s, Resolution: None
Name: 封神榜, URL: https://live.ottiptv.cc/huya/29465849, From: subscribe, IPv_Type: ipv6, Location: 美国, ISP: Oracle Corporation, Date: None, Delay: -1 ms, Speed: 0.00 M/s, Resolution: None
Name: 闯关东, URL: https://mursor.ottiptv.cc/yy/1354689861, From: subscribe, IPv_Type: ipv6, Location: 美国-新泽西州-巴赛克, ISP: DigitalOcean, Date: None, Delay: -1 ms, Speed: 0.00 M/s, Resolution: None
Name: 上海滩, URL: http://live.iill.top/yy.php?id=1382745184, From: subscribe, IPv_Type: ipv6, Location: 美国, ISP: CloudFlare Inc., Date: None, Delay: -1 ms, Speed: 0.00 M/s, Resolution: None
Name: 射雕英雄传, URL: https://live.metshop.top/huya/23824164, From: subscribe, IPv_Type: ipv6, Location: 美国, ISP: CloudFlare Inc., Date: None, Delay: -1 ms, Speed: 0.00 M/s, Resolution: None
Name: 射雕英雄传, URL: http://cdn.jdshipin.com:8880/huya.php?id=23824164, From: subscribe, IPv_Type: ipv6, Location: 美国, ISP: CloudFlare Inc., Date: None, Delay: -1 ms, Speed: 0.00 M/s, Resolution: None
Name: 射雕英雄传, URL: https://live.ottiptv.cc/huya/23824164, From: subscribe, IPv_Type: ipv6, Location: 美国, ISP: Oracle Corporation, Date: None, Delay: -1 ms, Speed: 0.00 M/s, Resolution: None
